# 24 x 8 x 4 m nominal irregular half-elliptical goaf
# Open entrance x=-2 m; closed irregular end x=22 m
o goaf_rock_inner
v -2.000000 -3.998359 0.000000
v -2.000000 -3.942332 0.258912
v -2.000000 -3.900836 0.514589
v -2.000000 -3.851828 0.767722
v -2.000000 -3.803189 1.021112
v -2.000000 -3.758558 1.278405
v -2.000000 -3.711365 1.540330
v -2.000000 -3.646811 1.801912
v -2.000000 -3.550246 2.053697
v -2.000000 -3.415955 2.286870
v -2.000000 -3.250071 2.498690
v -2.000000 -3.065745 2.693810
v -2.000000 -2.874400 2.880003
v -2.000000 -2.679522 3.061366
v -2.000000 -2.477032 3.234416
v -2.000000 -2.261087 3.390543
v -2.000000 -2.030158 3.523197
v -2.000000 -1.788605 3.634038
v -2.000000 -1.543050 3.732572
v -2.000000 -1.297122 3.828701
v -2.000000 -1.049224 3.923410
v -2.000000 -0.795095 4.004984
v -2.000000 -0.532752 4.054511
v -2.000000 -0.265432 4.057612
v -2.000000 0.000000 4.014413
v -2.000000 0.257761 3.940571
v -2.000000 0.506933 3.858394
v -2.000000 0.751157 3.784091
v -2.000000 0.994673 3.719821
v -2.000000 1.238332 3.655509
v -2.000000 1.479138 3.578275
v -2.000000 1.713656 3.482056
v -2.000000 1.941999 3.370502
v -2.000000 2.168351 3.251754
v -2.000000 2.396860 3.129934
v -2.000000 2.626002 3.000338
v -2.000000 2.846404 2.852006
v -2.000000 3.044836 2.675474
v -2.000000 3.212187 2.469621
v -2.000000 3.349664 2.242576
v -2.000000 3.468287 2.006378
v -2.000000 3.581557 1.769732
v -2.000000 3.696355 1.534112
v -2.000000 3.808571 1.295382
v -2.000000 3.906417 1.048772
v -2.000000 3.978588 0.792936
v -2.000000 4.020784 0.530380
v -2.000000 4.035195 0.264999
v -2.000000 3.998360 0.000000
v -2.000000 -3.998360 0.000000
v -2.000000 -3.665163 0.006389
v -2.000000 -3.331966 0.012349
v -2.000000 -2.998770 0.027613
v -2.000000 -2.665573 0.044669
v -2.000000 -2.332376 0.052366
v -2.000000 -1.999180 0.047111
v -2.000000 -1.665983 0.033795
v -2.000000 -1.332787 0.019262
v -2.000000 -0.999590 0.005797
v -2.000000 -0.666393 -0.009833
v -2.000000 -0.333197 -0.031556
v -2.000000 0.000000 -0.057878
v -2.000000 0.333197 -0.080103
v -2.000000 0.666393 -0.087109
v -2.000000 0.999590 -0.073509
v -2.000000 1.332787 -0.044930
v -2.000000 1.665983 -0.015894
v -2.000000 1.999180 -0.001068
v -2.000000 2.332376 -0.005514
v -2.000000 2.665573 -0.020873
v -2.000000 2.998770 -0.031219
v -2.000000 3.331966 -0.025742
v -2.000000 3.665163 -0.009099
v -2.000000 3.998360 0.000000
v -1.750000 -4.026050 0.000000
v -1.750000 -3.974102 0.260535
v -1.750000 -3.931872 0.517759
v -1.750000 -3.892167 0.774376
v -1.750000 -3.854838 1.033135
v -1.750000 -3.810694 1.293847
v -1.750000 -3.748032 1.552831
v -1.750000 -3.660551 1.805583
v -1.750000 -3.550306 2.050222
v -1.750000 -3.423810 2.288218
v -1.750000 -3.284916 2.521155
v -1.750000 -3.130574 2.746036
v -1.750000 -2.953011 2.953650
v -1.750000 -2.746599 3.132575
v -1.750000 -2.513846 3.276824
v -1.750000 -2.265622 3.391493
v -1.750000 -2.015309 3.491399
v -1.750000 -1.771237 3.592524
v -1.750000 -1.532945 3.701691
v -1.750000 -1.293636 3.811785
v -1.750000 -1.046437 3.906228
v -1.750000 -0.789461 3.969773
v -1.750000 -0.526226 3.997977
v -1.750000 -0.262026 3.998644
v -1.750000 0.000000 3.984483
v -1.750000 0.259678 3.962825
v -1.750000 0.517321 3.930336
v -1.750000 0.770956 3.876746
v -1.750000 1.016522 3.794586
v -1.750000 1.251373 3.687282
v -1.750000 1.478027 3.569108
v -1.750000 1.704252 3.456691
v -1.750000 1.938345 3.358094
v -1.750000 2.182642 3.267305
v -1.750000 2.430282 3.167922
v -1.750000 2.668196 3.043173
v -1.750000 2.884547 2.885186
v -1.750000 3.075264 2.697530
v -1.750000 3.244783 2.490359
v -1.750000 3.400596 2.272707
v -1.750000 3.546029 2.047752
v -1.750000 3.677072 1.813731
v -1.750000 3.785791 1.568472
v -1.750000 3.867443 1.313110
v -1.750000 3.925282 1.052010
v -1.750000 3.968735 0.789607
v -1.750000 4.005868 0.527500
v -1.750000 4.035406 0.264554
v -1.750000 4.026051 0.000000
v -1.750000 -4.026050 0.000000
v -1.750000 -3.690546 0.025741
v -1.750000 -3.355042 0.031990
v -1.750000 -3.019538 0.020134
v -1.750000 -2.684034 0.001488
v -1.750000 -2.348529 -0.008962
v -1.750000 -2.013025 -0.003407
v -1.750000 -1.677521 0.013077
v -1.750000 -1.342017 0.026180
v -1.750000 -1.006513 0.022301
v -1.750000 -0.671008 -0.002186
v -1.750000 -0.335504 -0.038437
v -1.750000 0.000000 -0.070840
v -1.750000 0.335504 -0.086789
v -1.750000 0.671008 -0.083664
v -1.750000 1.006513 -0.068448
v -1.750000 1.342017 -0.051065
v -1.750000 1.677521 -0.037035
v -1.750000 2.013025 -0.025082
v -1.750000 2.348529 -0.011130
v -1.750000 2.684034 0.005137
v -1.750000 3.019538 0.017588
v -1.750000 3.355042 0.018758
v -1.750000 3.690546 0.009212
v -1.750000 4.026050 0.000000
v -1.500000 -4.055448 0.000000
v -1.500000 -4.036199 0.263788
v -1.500000 -4.015660 0.527158
v -1.500000 -3.978871 0.789185
v -1.500000 -3.919888 1.047330
v -1.500000 -3.839647 1.299658
v -1.500000 -3.746544 1.547433
v -1.500000 -3.650591 1.795144
v -1.500000 -3.555238 2.046821
v -1.500000 -3.453279 2.300966
v -1.500000 -3.330336 2.548399
v -1.500000 -3.173714 2.775628
v -1.500000 -2.980358 2.972160
v -1.500000 -2.758380 3.136613
v -1.500000 -2.521481 3.276860
v -1.500000 -2.280733 3.403718
v -1.500000 -2.039682 3.522793
v -1.500000 -1.795631 3.630781
v -1.500000 -1.545021 3.719299
v -1.500000 -1.287999 3.783344
v -1.500000 -1.028587 3.827541
v -1.500000 -0.770987 3.864645
v -1.500000 -0.515834 3.906656
v -1.500000 -0.259975 3.954882
v -1.500000 0.000000 3.996655
v -1.500000 0.263711 4.011889
v -1.500000 0.526204 3.985424
v -1.500000 0.781346 3.916719
v -1.500000 1.026601 3.820128
v -1.500000 1.265032 3.715687
v -1.500000 1.502633 3.616967
v -1.500000 1.743118 3.524296
v -1.500000 1.984588 3.427367
v -1.500000 2.221005 3.314330
v -1.500000 2.447299 3.180184
v -1.500000 2.663614 3.028553
v -1.500000 2.874681 2.866483
v -1.500000 3.084273 2.697191
v -1.500000 3.289123 2.516775
v -1.500000 3.477643 2.317246
v -1.500000 3.635383 2.093093
v -1.500000 3.753800 1.846042
v -1.500000 3.835959 1.584470
v -1.500000 3.894713 1.318350
v -1.500000 3.944416 1.053903
v -1.500000 3.992053 0.791807
v -1.500000 4.034050 0.529580
v -1.500000 4.060521 0.265382
v -1.500000 4.055448 0.000000
v -1.500000 -4.055448 0.000000
v -1.500000 -3.717494 0.031721
v -1.500000 -3.379540 0.028987
v -1.500000 -3.041586 0.008115
v -1.500000 -2.703632 -0.010127
v -1.500000 -2.365678 -0.016601
v -1.500000 -2.027724 -0.015340
v -1.500000 -1.689770 -0.014904
v -1.500000 -1.351816 -0.019474
v -1.500000 -1.013862 -0.026434
v -1.500000 -0.675908 -0.030648
v -1.500000 -0.337954 -0.030621
v -1.500000 0.000000 -0.030850
v -1.500000 0.337954 -0.038093
v -1.500000 0.675908 -0.054487
v -1.500000 1.013862 -0.073394
v -1.500000 1.351816 -0.082042
v -1.500000 1.689770 -0.069820
v -1.500000 2.027724 -0.036590
v -1.500000 2.365678 0.005192
v -1.500000 2.703632 0.037047
v -1.500000 3.041586 0.046257
v -1.500000 3.379540 0.034499
v -1.500000 3.717494 0.015273
v -1.500000 4.055448 0.000000
v -1.250000 -4.085808 0.000000
v -1.250000 -4.110068 0.267491
v -1.250000 -4.091737 0.534901
v -1.250000 -4.039871 0.797921
v -1.250000 -3.963653 1.054549
v -1.250000 -3.876842 1.306685
v -1.250000 -3.788555 1.558169
v -1.250000 -3.697603 1.810625
v -1.250000 -3.594399 2.060722
v -1.250000 -3.468619 2.301540
v -1.250000 -3.316559 2.527225
v -1.250000 -3.142744 2.736985
v -1.250000 -2.955109 2.934596
v -1.250000 -2.758129 3.123232
v -1.250000 -2.549599 3.299687
v -1.250000 -2.323556 3.453326
v -1.250000 -2.076716 3.571854
v -1.250000 -1.813046 3.650476
v -1.250000 -1.542717 3.697647
v -1.250000 -1.276285 3.732345
v -1.250000 -1.018675 3.773726
v -1.250000 -0.767467 3.829867
v -1.250000 -0.516358 3.893368
v -1.250000 -0.260595 3.946962
v -1.250000 0.000000 3.975117
v -1.250000 0.262325 3.973360
v -1.250000 0.523672 3.948921
v -1.250000 0.783971 3.912838
v -1.250000 1.044468 3.869984
v -1.250000 1.304266 3.814774
v -1.250000 1.558477 3.735694
v -1.250000 1.800462 3.624958
v -1.250000 2.026970 3.485691
v -1.250000 2.241858 3.331056
v -1.250000 2.454631 3.175922
v -1.250000 2.673917 3.027208
v -1.250000 2.900324 2.879811
v -1.250000 3.124152 2.720680
v -1.250000 3.330124 2.537634
v -1.250000 3.505997 2.326515
v -1.250000 3.648906 2.092192
v -1.250000 3.764933 1.843829
v -1.250000 3.862627 1.588851
v -1.250000 3.945807 1.330096
v -1.250000 4.011387 1.067340
v -1.250000 4.053766 0.800685
v -1.250000 4.071945 0.532295
v -1.250000 4.073571 0.265099
v -1.250000 4.085808 0.000000
v -1.250000 -4.085808 0.000000
v -1.250000 -3.745324 0.021655
v -1.250000 -3.404840 0.033475
v -1.250000 -3.064356 0.034865
v -1.250000 -2.723872 0.021092
v -1.250000 -2.383388 -0.008141
v -1.250000 -2.042904 -0.043545
v -1.250000 -1.702420 -0.069934
v -1.250000 -1.361936 -0.075590
v -1.250000 -1.021452 -0.060060
v -1.250000 -0.680968 -0.034751
v -1.250000 -0.340484 -0.015779
v -1.250000 0.000000 -0.013823
v -1.250000 0.340484 -0.027826
v -1.250000 0.680968 -0.046728
v -1.250000 1.021452 -0.057573
v -1.250000 1.361936 -0.053874
v -1.250000 1.702420 -0.038373
v -1.250000 2.042904 -0.018971
v -1.250000 2.383388 -0.001776
v -1.250000 2.723872 0.012603
v -1.250000 3.064356 0.025992
v -1.250000 3.404840 0.035413
v -1.250000 3.745324 0.030050
v -1.250000 4.085808 0.000000
v -1.000000 -4.116330 0.000000
v -1.000000 -4.145252 0.268390
v -1.000000 -4.128817 0.536975
v -1.000000 -4.091894 0.804072
v -1.000000 -4.039338 1.069261
v -1.000000 -3.969013 1.331059
v -1.000000 -3.874310 1.585458
v -1.000000 -3.751025 1.827456
v -1.000000 -3.602948 2.054902
v -1.000000 -3.441239 2.271294
v -1.000000 -3.277592 2.484229
v -1.000000 -3.116235 2.699554
v -1.000000 -2.950892 2.915168
v -1.000000 -2.769136 3.119611
v -1.000000 -2.560992 3.297468
v -1.000000 -2.325576 3.438462
v -1.000000 -2.071286 3.543819
v -1.000000 -1.810023 3.625053
v -1.000000 -1.550186 3.695804
v -1.000000 -1.293502 3.762692
v -1.000000 -1.037192 3.822054
v -1.000000 -0.778659 3.865030
v -1.000000 -0.518322 3.886956
v -1.000000 -0.258495 3.893451
v -1.000000 0.000000 3.897951
v -1.000000 0.259708 3.911960
v -1.000000 0.524665 3.935138
v -1.000000 0.796130 3.952863
v -1.000000 1.069776 3.943657
v -1.000000 1.337273 3.891640
v -1.000000 1.591484 3.795506
v -1.000000 1.831228 3.668051
v -1.000000 2.061596 3.527036
v -1.000000 2.289285 3.384150
v -1.000000 2.516581 3.239590
v -1.000000 2.738922 3.085157
v -1.000000 2.948151 2.912427
v -1.000000 3.138861 2.719396
v -1.000000 3.312485 2.511004
v -1.000000 3.475433 2.294141
v -1.000000 3.632411 2.071912
v -1.000000 3.780280 1.841883
v -1.000000 3.907773 1.599319
v -1.000000 4.002013 1.342261
v -1.000000 4.057377 1.074095
v -1.000000 4.080109 0.801728
v -1.000000 4.085173 0.531229
v -1.000000 4.088016 0.264638
v -1.000000 4.116330 0.000000
v -1.000000 -4.116330 0.000000
v -1.000000 -3.773303 0.018450
v -1.000000 -3.430275 0.036287
v -1.000000 -3.087248 0.035308
v -1.000000 -2.744220 0.011998
v -1.000000 -2.401193 -0.021727
v -1.000000 -2.058165 -0.050129
v -1.000000 -1.715138 -0.064858
v -1.000000 -1.372110 -0.067777
v -1.000000 -1.029083 -0.065765
v -1.000000 -0.686055 -0.063294
v -1.000000 -0.343028 -0.058942
v -1.000000 0.000000 -0.048151
v -1.000000 0.343028 -0.029380
v -1.000000 0.686055 -0.007971
v -1.000000 1.029083 0.006133
v -1.000000 1.372110 0.005618
v -1.000000 1.715138 -0.007532
v -1.000000 2.058165 -0.021550
v -1.000000 2.401193 -0.022111
v -1.000000 2.744220 -0.003222
v -1.000000 3.087248 0.025942
v -1.000000 3.430275 0.044921
v -1.000000 3.773303 0.036237
v -1.000000 4.116330 0.000000
v -0.750000 -4.146187 0.000000
v -0.750000 -4.167182 0.268222
v -0.750000 -4.173190 0.539612
v -0.750000 -4.161890 0.813206
v -0.750000 -4.119838 1.084478
v -0.750000 -4.037668 1.346473
v -0.750000 -3.917020 1.593755
v -0.750000 -3.770282 1.826095
v -0.750000 -3.613146 2.048516
v -0.750000 -3.455334 2.267074
v -0.750000 -3.296046 2.483446
v -0.750000 -3.127004 2.692812
v -0.750000 -2.940205 2.887122
v -0.750000 -2.734249 3.061373
v -0.750000 -2.514712 3.217680
v -0.750000 -2.288986 3.363292
v -0.750000 -2.060300 3.503532
v -0.750000 -1.825866 3.635163
v -0.750000 -1.580400 3.746069
v -0.750000 -1.321740 3.822636
v -0.750000 -1.053741 3.860104
v -0.750000 -0.784081 3.868216
v -0.750000 -0.518942 3.867328
v -0.750000 -0.259014 3.876888
v -0.750000 0.000000 3.903910
v -0.750000 0.263107 3.939330
v -0.750000 0.531747 3.964593
v -0.750000 0.803052 3.963589
v -0.750000 1.072861 3.931459
v -0.750000 1.339336 3.874472
v -0.750000 1.603567 3.801999
v -0.750000 1.866387 3.717331
v -0.750000 2.124365 3.614496
v -0.750000 2.369126 3.483229
v -0.750000 2.591595 3.317875
v -0.750000 2.788423 3.123147
v -0.750000 2.965406 2.912324
v -0.750000 3.134467 2.699357
v -0.750000 3.305648 2.490813
v -0.750000 3.479662 2.283329
v -0.750000 3.646586 2.067823
v -0.750000 3.791854 1.836733
v -0.750000 3.905290 1.588896
v -0.750000 3.986640 1.329152
v -0.750000 4.043854 1.064118
v -0.750000 4.085995 0.798110
v -0.750000 4.116783 0.532186
v -0.750000 4.134300 0.266067
v -0.750000 4.146187 0.000000
v -0.750000 -4.146187 0.000000
v -0.750000 -3.800671 0.001126
v -0.750000 -3.455156 -0.003942
v -0.750000 -3.109640 -0.008428
v -0.750000 -2.764125 -0.007693
v -0.750000 -2.418609 -0.005408
v -0.750000 -2.073093 -0.010914
v -0.750000 -1.727578 -0.030532
v -0.750000 -1.382062 -0.060650
v -0.750000 -1.036547 -0.088184
v -0.750000 -0.691031 -0.098239
v -0.750000 -0.345516 -0.083736
v -0.750000 0.000000 -0.050320
v -0.750000 0.345516 -0.012977
v -0.750000 0.691031 0.013318
v -0.750000 1.036547 0.022364
v -0.750000 1.382062 0.018937
v -0.750000 1.727578 0.013501
v -0.750000 2.073093 0.013895
v -0.750000 2.418609 0.020259
v -0.750000 2.764125 0.026750
v -0.750000 3.109640 0.028041
v -0.750000 3.455156 0.024017
v -0.750000 3.800671 0.016540
v -0.750000 4.146187 0.000000
v -0.500000 -4.174553 0.000000
v -0.500000 -4.203550 0.268883
v -0.500000 -4.209433 0.540946
v -0.500000 -4.186307 0.812925
v -0.500000 -4.129636 1.080287
v -0.500000 -4.044085 1.340186
v -0.500000 -3.938044 1.592385
v -0.500000 -3.816207 1.837095
v -0.500000 -3.676346 2.071837
v -0.500000 -3.512756 2.290811
v -0.500000 -3.323325 2.488346
v -0.500000 -3.114178 2.664201
v -0.500000 -2.897809 2.826105
v -0.500000 -2.685799 2.986327
v -0.500000 -2.481597 3.153630
v -0.500000 -2.278773 3.326111
v -0.500000 -2.066010 3.490616
v -0.500000 -1.834972 3.630009
v -0.500000 -1.585347 3.733680
v -0.500000 -1.323853 3.803923
v -0.500000 -1.058788 3.853503
v -0.500000 -0.794778 3.896161
v -0.500000 -0.531565 3.937097
v -0.500000 -0.266871 3.970481
v -0.500000 0.000000 3.985708
v -0.500000 0.267321 3.977343
v -0.500000 0.533373 3.950834
v -0.500000 0.799366 3.919230
v -0.500000 1.069398 3.893097
v -0.500000 1.346669 3.871137
v -0.500000 1.628844 3.838692
v -0.500000 1.906766 3.775593
v -0.500000 2.168413 3.667982
v -0.500000 2.405658 3.516007
v -0.500000 2.618808 3.332447
v -0.500000 2.815262 3.133951
v -0.500000 3.003148 2.931445
v -0.500000 3.184831 2.726161
v -0.500000 3.355373 2.512937
v -0.500000 3.507129 2.287052
v -0.500000 3.636640 2.048913
v -0.500000 3.748025 1.803471
v -0.500000 3.849829 1.555846
v -0.500000 3.947616 1.307440
v -0.500000 4.038312 1.055817
v -0.500000 4.111209 0.797987
v -0.500000 4.155502 0.533846
v -0.500000 4.169342 0.266641
v -0.500000 4.174553 0.000000
v -0.500000 -4.174553 -0.000000
v -0.500000 -3.826674 -0.020091
v -0.500000 -3.478794 -0.033185
v -0.500000 -3.130915 -0.027931
v -0.500000 -2.783035 -0.014633
v -0.500000 -2.435156 -0.009238
v -0.500000 -2.087277 -0.018749
v -0.500000 -1.739397 -0.037810
v -0.500000 -1.391518 -0.055231
v -0.500000 -1.043638 -0.063037
v -0.500000 -0.695759 -0.060982
v -0.500000 -0.347879 -0.054185
v -0.500000 0.000000 -0.046851
v -0.500000 0.347879 -0.037803
v -0.500000 0.695759 -0.021756
v -0.500000 1.043638 0.004664
v -0.500000 1.391518 0.037358
v -0.500000 1.739397 0.064790
v -0.500000 2.087277 0.074595
v -0.500000 2.435156 0.062572
v -0.500000 2.783035 0.037225
v -0.500000 3.130915 0.014940
v -0.500000 3.478794 0.007178
v -0.500000 3.826674 0.008874
v -0.500000 4.174553 0.000000
v -0.250000 -4.200637 0.000000
v -0.250000 -4.220018 0.268214
v -0.250000 -4.199292 0.536121
v -0.250000 -4.161469 0.802768
v -0.250000 -4.113485 1.069039
v -0.250000 -4.054716 1.335201
v -0.250000 -3.975722 1.597760
v -0.250000 -3.863841 1.848759
v -0.250000 -3.712201 2.079169
v -0.250000 -3.525549 2.284504
v -0.250000 -3.318473 2.468346
v -0.250000 -3.107213 2.640462
v -0.250000 -2.900906 2.810296
v -0.250000 -2.698312 2.980492
v -0.250000 -2.491660 3.145532
v -0.250000 -2.274030 3.296779
v -0.250000 -2.044413 3.430052
v -0.250000 -1.807101 3.549511
v -0.250000 -1.566810 3.664224
v -0.250000 -1.324195 3.779611
v -0.250000 -1.075608 3.890449
v -0.250000 -0.816973 3.981520
v -0.250000 -0.548139 4.036486
v -0.250000 -0.273772 4.049088
v -0.250000 0.000000 4.028554
v -0.250000 0.270214 3.994803
v -0.250000 0.538908 3.966363
v -0.250000 0.810537 3.949163
v -0.250000 1.087219 3.933780
v -0.250000 1.365948 3.902611
v -0.250000 1.640219 3.841451
v -0.250000 1.904601 3.747220
v -0.250000 2.158113 3.626986
v -0.250000 2.403186 3.490074
v -0.250000 2.640872 3.339989
v -0.250000 2.866545 3.172326
v -0.250000 3.070382 2.979771
v -0.250000 3.243205 2.759724
v -0.250000 3.383594 2.518314
v -0.250000 3.500553 2.267803
v -0.250000 3.608964 2.019565
v -0.250000 3.720491 1.778067
v -0.250000 3.836317 1.540016
v -0.250000 3.946937 1.298614
v -0.250000 4.039100 1.049108
v -0.250000 4.104697 0.791475
v -0.250000 4.145169 0.528996
v -0.250000 4.169026 0.264871
v -0.250000 4.200637 0.000000
v -0.250000 -4.200637 -0.000000
v -0.250000 -3.850584 -0.013529
v -0.250000 -3.500531 -0.030109
v -0.250000 -3.150478 -0.047146
v -0.250000 -2.800424 -0.060861
v -0.250000 -2.450371 -0.064279
v -0.250000 -2.100318 -0.053301
v -0.250000 -1.750265 -0.032348
v -0.250000 -1.400212 -0.013290
v -0.250000 -1.050159 -0.007954
v -0.250000 -0.700106 -0.019635
v -0.250000 -0.350053 -0.039885
v -0.250000 0.000000 -0.053280
v -0.250000 0.350053 -0.047249
v -0.250000 0.700106 -0.020214
v -0.250000 1.050159 0.017598
v -0.250000 1.400212 0.051015
v -0.250000 1.750265 0.069288
v -0.250000 2.100318 0.071401
v -0.250000 2.450371 0.064037
v -0.250000 2.800424 0.054418
v -0.250000 3.150478 0.044261
v -0.250000 3.500531 0.030582
v -0.250000 3.850584 0.013138
v -0.250000 4.200637 0.000000
v 0.000000 -4.223708 0.000000
v 0.000000 -4.223624 0.266770
v 0.000000 -4.196555 0.532408
v 0.000000 -4.163882 0.798237
v 0.000000 -4.121243 1.064469
v 0.000000 -4.056970 1.327709
v 0.000000 -3.961559 1.582063
v 0.000000 -3.834346 1.822853
v 0.000000 -3.683137 2.049545
v 0.000000 -3.517705 2.264992
v 0.000000 -3.342683 2.471285
v 0.000000 -3.155507 2.665878
v 0.000000 -2.950741 2.841967
v 0.000000 -2.726935 2.993818
v 0.000000 -2.490204 3.123256
v 0.000000 -2.251486 3.241682
v 0.000000 -2.019572 3.364780
v 0.000000 -1.795332 3.502608
v 0.000000 -1.571531 3.651891
v 0.000000 -1.338176 3.796473
v 0.000000 -1.089181 3.916289
v 0.000000 -0.825458 3.998981
v 0.000000 -0.552761 4.046120
v 0.000000 -0.276810 4.069807
v 0.000000 0.000000 4.082433
v 0.000000 0.277959 4.087339
v 0.000000 0.556859 4.077251
v 0.000000 0.833883 4.041338
v 0.000000 1.104946 3.975127
v 0.000000 1.368362 3.885399
v 0.000000 1.627135 3.786131
v 0.000000 1.886978 3.688446
v 0.000000 2.150814 3.592098
v 0.000000 2.413975 3.484863
v 0.000000 2.664429 3.350310
v 0.000000 2.888737 3.178318
v 0.000000 3.079837 2.971062
v 0.000000 3.240949 2.740809
v 0.000000 3.382599 2.501913
v 0.000000 3.514922 2.263132
v 0.000000 3.641070 2.025258
v 0.000000 3.756628 1.784527
v 0.000000 3.855138 1.537982
v 0.000000 3.934942 1.286286
v 0.000000 4.001522 1.032390
v 0.000000 4.063196 0.778209
v 0.000000 4.123619 0.522806
v 0.000000 4.177493 0.263746
v 0.000000 4.223707 0.000000
v 0.000000 -4.223707 0.000000
v 0.000000 -3.871732 -0.007374
v 0.000000 -3.519756 -0.038159
v 0.000000 -3.167781 -0.072179
v 0.000000 -2.815805 -0.088090
v 0.000000 -2.463829 -0.079001
v 0.000000 -2.111854 -0.054137
v 0.000000 -1.759878 -0.029129
v 0.000000 -1.407902 -0.014554
v 0.000000 -1.055927 -0.010715
v 0.000000 -0.703951 -0.010633
v 0.000000 -0.351976 -0.007442
v 0.000000 0.000000 0.000000
v 0.000000 0.351976 0.007442
v 0.000000 0.703951 0.010633
v 0.000000 1.055927 0.010715
v 0.000000 1.407902 0.014554
v 0.000000 1.759878 0.029129
v 0.000000 2.111854 0.054137
v 0.000000 2.463829 0.079001
v 0.000000 2.815805 0.088090
v 0.000000 3.167781 0.072179
v 0.000000 3.519756 0.038159
v 0.000000 3.871732 0.007374
v 0.000000 4.223707 -0.000000
v 0.250000 -4.243123 0.000000
v 0.250000 -4.257561 0.267479
v 0.250000 -4.231445 0.533976
v 0.250000 -4.180346 0.796990
v 0.250000 -4.103275 1.053656
v 0.250000 -4.005257 1.302705
v 0.250000 -3.896062 1.546064
v 0.250000 -3.783281 1.787420
v 0.250000 -3.665908 2.028009
v 0.250000 -3.533977 2.262989
v 0.250000 -3.375128 2.482072
v 0.250000 -3.183472 2.675122
v 0.250000 -2.964311 2.839148
v 0.250000 -2.731279 2.981346
v 0.250000 -2.498168 3.115247
v 0.250000 -2.271385 3.252193
v 0.250000 -2.048150 3.394208
v 0.250000 -1.820885 3.533637
v 0.250000 -1.583716 3.659895
v 0.250000 -1.335997 3.768107
v 0.250000 -1.080814 3.862679
v 0.250000 -0.820768 3.952674
v 0.250000 -0.555280 4.042278
v 0.250000 -0.281872 4.123908
v 0.250000 0.000000 4.179910
v 0.250000 0.286369 4.192517
v 0.250000 0.570164 4.155336
v 0.250000 0.845723 4.078132
v 0.250000 1.112587 3.981255
v 0.250000 1.375146 3.883436
v 0.250000 1.638142 3.791292
v 0.250000 1.901661 3.697434
v 0.250000 2.159869 3.587711
v 0.250000 2.404719 3.451741
v 0.250000 2.631608 3.289149
v 0.250000 2.842137 3.107755
v 0.250000 3.041406 2.916244
v 0.250000 3.231880 2.717574
v 0.250000 3.409042 2.508095
v 0.250000 3.562990 2.282374
v 0.250000 3.685412 2.039270
v 0.250000 3.776804 1.784225
v 0.250000 3.848095 1.526196
v 0.250000 3.914808 1.272001
v 0.250000 3.987576 1.022655
v 0.250000 4.065776 0.774201
v 0.250000 4.138869 0.521789
v 0.250000 4.194561 0.263349
v 0.250000 4.243123 0.000000
v 0.250000 -4.243123 -0.000000
v 0.250000 -3.889529 -0.013138
v 0.250000 -3.535936 -0.030582
v 0.250000 -3.182342 -0.044261
v 0.250000 -2.828749 -0.054418
v 0.250000 -2.475155 -0.064037
v 0.250000 -2.121561 -0.071401
v 0.250000 -1.767968 -0.069288
v 0.250000 -1.414374 -0.051015
v 0.250000 -1.060781 -0.017598
v 0.250000 -0.707187 0.020214
v 0.250000 -0.353594 0.047249
v 0.250000 0.000000 0.053280
v 0.250000 0.353594 0.039885
v 0.250000 0.707187 0.019635
v 0.250000 1.060781 0.007954
v 0.250000 1.414374 0.013290
v 0.250000 1.767968 0.032348
v 0.250000 2.121561 0.053301
v 0.250000 2.475155 0.064279
v 0.250000 2.828749 0.060861
v 0.250000 3.182342 0.047146
v 0.250000 3.535936 0.030109
v 0.250000 3.889529 0.013529
v 0.250000 4.243123 0.000000
v 0.500000 -4.258353 0.000000
v 0.500000 -4.291771 0.268460
v 0.500000 -4.247001 0.533509
v 0.500000 -4.167798 0.790735
v 0.500000 -4.071208 1.040077
v 0.500000 -3.971731 1.285130
v 0.500000 -3.874126 1.529603
v 0.500000 -3.771852 1.773261
v 0.500000 -3.652960 2.010899
v 0.500000 -3.509043 2.235622
v 0.500000 -3.340682 2.443910
v 0.500000 -3.155764 2.638116
v 0.500000 -2.962632 2.823843
v 0.500000 -2.763847 3.003995
v 0.500000 -2.555379 3.174518
v 0.500000 -2.331452 3.326066
v 0.500000 -2.090698 3.451214
v 0.500000 -1.838448 3.551969
v 0.500000 -1.583368 3.641251
v 0.500000 -1.331294 3.736006
v 0.500000 -1.081324 3.845967
v 0.500000 -0.827152 3.965870
v 0.500000 -0.562367 4.077004
v 0.500000 -0.285335 4.157521
v 0.500000 0.000000 4.194585
v 0.500000 0.287471 4.190106
v 0.500000 0.572830 4.156475
v 0.500000 0.855024 4.105993
v 0.500000 1.133863 4.042047
v 0.500000 1.406782 3.958385
v 0.500000 1.668360 3.846442
v 0.500000 1.913688 3.704540
v 0.500000 2.142887 3.541609
v 0.500000 2.362464 3.372479
v 0.500000 2.581325 3.208331
v 0.500000 2.803749 3.049494
v 0.500000 3.024586 2.885797
v 0.500000 3.230846 2.703962
v 0.500000 3.409176 2.496467
v 0.500000 3.554072 2.265710
v 0.500000 3.670898 2.021256
v 0.500000 3.771510 1.773092
v 0.500000 3.865885 1.526190
v 0.500000 3.956085 1.279819
v 0.500000 4.036888 1.030881
v 0.500000 4.102070 0.777661
v 0.500000 4.150912 0.520859
v 0.500000 4.189952 0.261787
v 0.500000 4.258353 0.000000
v 0.500000 -4.258353 -0.000000
v 0.500000 -3.903490 -0.008874
v 0.500000 -3.548628 -0.007178
v 0.500000 -3.193765 -0.014940
v 0.500000 -2.838902 -0.037225
v 0.500000 -2.484039 -0.062572
v 0.500000 -2.129177 -0.074595
v 0.500000 -1.774314 -0.064790
v 0.500000 -1.419451 -0.037358
v 0.500000 -1.064588 -0.004664
v 0.500000 -0.709726 0.021756
v 0.500000 -0.354863 0.037803
v 0.500000 0.000000 0.046851
v 0.500000 0.354863 0.054185
v 0.500000 0.709726 0.060982
v 0.500000 1.064588 0.063037
v 0.500000 1.419451 0.055231
v 0.500000 1.774314 0.037810
v 0.500000 2.129177 0.018749
v 0.500000 2.484039 0.009238
v 0.500000 2.838902 0.014633
v 0.500000 3.193765 0.027931
v 0.500000 3.548628 0.033185
v 0.500000 3.903490 0.020091
v 0.500000 4.258353 0.000000
v 0.750000 -4.268999 0.000000
v 0.750000 -4.288408 0.267318
v 0.750000 -4.242316 0.531052
v 0.750000 -4.174666 0.789350
v 0.750000 -4.093261 1.042337
v 0.750000 -3.997004 1.289177
v 0.750000 -3.881414 1.527227
v 0.750000 -3.745819 1.754187
v 0.750000 -3.596729 1.971385
v 0.750000 -3.444479 2.184649
v 0.750000 -3.295675 2.400791
v 0.750000 -3.147498 2.621571
v 0.750000 -2.988616 2.839858
v 0.750000 -2.806354 3.041864
v 0.750000 -2.594976 3.214937
v 0.750000 -2.359138 3.355778
v 0.750000 -2.110301 3.472958
v 0.750000 -1.859171 3.581345
v 0.750000 -1.609820 3.692086
v 0.750000 -1.359353 3.805314
v 0.750000 -1.102380 3.910932
v 0.750000 -0.836059 3.996820
v 0.750000 -0.561718 4.058093
v 0.750000 -0.282496 4.100138
v 0.750000 0.000000 4.132919
v 0.750000 0.286477 4.160872
v 0.750000 0.577288 4.176363
v 0.750000 0.868963 4.162238
v 0.750000 1.153641 4.102240
v 0.750000 1.422739 3.992042
v 0.750000 1.672343 3.843030
v 0.750000 1.905895 3.676093
v 0.750000 2.131579 3.509813
v 0.750000 2.356040 3.351142
v 0.750000 2.579256 3.194449
v 0.750000 2.794651 3.028520
v 0.750000 2.994424 2.845666
v 0.750000 3.175748 2.646346
v 0.750000 3.342659 2.436844
v 0.750000 3.501890 2.223009
v 0.750000 3.655936 2.005568
v 0.750000 3.799185 1.780504
v 0.750000 3.920716 1.543506
v 0.750000 4.012104 1.294303
v 0.750000 4.074295 1.037255
v 0.750000 4.118031 0.778085
v 0.750000 4.157117 0.519835
v 0.750000 4.199725 0.261505
v 0.750000 4.268999 0.000000
v 0.750000 -4.268999 -0.000000
v 0.750000 -3.913249 -0.016540
v 0.750000 -3.557499 -0.024017
v 0.750000 -3.201749 -0.028041
v 0.750000 -2.845999 -0.026750
v 0.750000 -2.490249 -0.020259
v 0.750000 -2.134499 -0.013895
v 0.750000 -1.778750 -0.013501
v 0.750000 -1.423000 -0.018937
v 0.750000 -1.067250 -0.022364
v 0.750000 -0.711500 -0.013318
v 0.750000 -0.355750 0.012977
v 0.750000 0.000000 0.050320
v 0.750000 0.355750 0.083736
v 0.750000 0.711500 0.098239
v 0.750000 1.067250 0.088184
v 0.750000 1.423000 0.060650
v 0.750000 1.778750 0.030532
v 0.750000 2.134499 0.010914
v 0.750000 2.490249 0.005408
v 0.750000 2.845999 0.007693
v 0.750000 3.201749 0.008428
v 0.750000 3.557499 0.003942
v 0.750000 3.913249 -0.001126
v 0.750000 4.268999 -0.000000
v 1.000000 -4.274807 0.000000
v 1.000000 -4.280872 0.266310
v 1.000000 -4.257370 0.532008
v 1.000000 -4.207300 0.794309
v 1.000000 -4.123379 1.048373
v 1.000000 -4.005409 1.289505
v 1.000000 -3.863733 1.516897
v 1.000000 -3.714738 1.735384
v 1.000000 -3.571551 1.952920
v 1.000000 -3.436602 2.175021
v 1.000000 -3.301307 2.400330
v 1.000000 -3.152829 2.621066
v 1.000000 -2.982719 2.828405
v 1.000000 -2.791227 3.018709
v 1.000000 -2.584791 3.195430
v 1.000000 -2.369513 3.364774
v 1.000000 -2.146217 3.528363
v 1.000000 -1.910826 3.679044
v 1.000000 -1.659190 3.804019
v 1.000000 -1.391907 3.893775
v 1.000000 -1.114972 3.950337
v 1.000000 -0.835853 3.988078
v 1.000000 -0.558452 4.025495
v 1.000000 -0.281237 4.073075
v 1.000000 0.000000 4.125692
v 1.000000 0.287266 4.165066
v 1.000000 0.577575 4.170751
v 1.000000 0.864495 4.132070
v 1.000000 1.142465 4.052943
v 1.000000 1.409926 3.946857
v 1.000000 1.668464 3.826408
v 1.000000 1.918873 3.695363
v 1.000000 2.157985 3.548745
v 1.000000 2.379709 3.380033
v 1.000000 2.580037 3.189235
v 1.000000 2.761966 2.985343
v 1.000000 2.935676 2.781362
v 1.000000 3.112736 2.585905
v 1.000000 3.298000 2.397793
v 1.000000 3.485196 2.207490
v 1.000000 3.659874 2.003913
v 1.000000 3.808013 1.781382
v 1.000000 3.924209 1.541947
v 1.000000 4.013674 1.292310
v 1.000000 4.086866 1.038590
v 1.000000 4.151196 0.783149
v 1.000000 4.206242 0.525277
v 1.000000 4.246055 0.264028
v 1.000000 4.274807 0.000000
v 1.000000 -4.274807 -0.000000
v 1.000000 -3.918573 -0.036237
v 1.000000 -3.562339 -0.044921
v 1.000000 -3.206105 -0.025942
v 1.000000 -2.849871 0.003222
v 1.000000 -2.493637 0.022111
v 1.000000 -2.137403 0.021550
v 1.000000 -1.781169 0.007532
v 1.000000 -1.424936 -0.005618
v 1.000000 -1.068702 -0.006133
v 1.000000 -0.712468 0.007971
v 1.000000 -0.356234 0.029380
v 1.000000 0.000000 0.048151
v 1.000000 0.356234 0.058942
v 1.000000 0.712468 0.063294
v 1.000000 1.068702 0.065765
v 1.000000 1.424936 0.067777
v 1.000000 1.781169 0.064858
v 1.000000 2.137403 0.050129
v 1.000000 2.493637 0.021727
v 1.000000 2.849871 -0.011998
v 1.000000 3.206105 -0.035308
v 1.000000 3.562339 -0.036287
v 1.000000 3.918573 -0.018450
v 1.000000 4.274807 -0.000000
v 1.250000 -4.275677 0.000000
v 1.250000 -4.274707 0.265854
v 1.250000 -4.249752 0.530902
v 1.250000 -4.191404 0.790993
v 1.250000 -4.102466 1.042566
v 1.250000 -3.993620 1.285249
v 1.250000 -3.875380 1.521419
v 1.250000 -3.751279 1.753055
v 1.250000 -3.617296 1.978936
v 1.250000 -3.467478 2.195213
v 1.250000 -3.300768 2.399437
v 1.250000 -3.123275 2.594628
v 1.250000 -2.944022 2.789150
v 1.250000 -2.767595 2.991168
v 1.250000 -2.589628 3.201108
v 1.250000 -2.398850 3.408022
v 1.250000 -2.184271 3.593590
v 1.250000 -1.942212 3.741981
v 1.250000 -1.678145 3.849051
v 1.250000 -1.402499 3.924231
v 1.250000 -1.124062 3.983498
v 1.250000 -0.845998 4.038308
v 1.250000 -0.566839 4.088426
v 1.250000 -0.284608 4.123719
v 1.250000 0.000000 4.133260
v 1.250000 0.284007 4.114553
v 1.250000 0.565163 4.075695
v 1.250000 0.844099 4.028761
v 1.250000 1.122994 3.979511
v 1.250000 1.401561 3.921468
v 1.250000 1.674046 3.839155
v 1.250000 1.930594 3.718424
v 1.250000 2.162864 3.556512
v 1.250000 2.369886 3.364675
v 1.250000 2.559423 3.161743
v 1.250000 2.743228 2.963383
v 1.250000 2.929380 2.774509
v 1.250000 3.117338 2.589421
v 1.250000 3.299401 2.398388
v 1.250000 3.467285 2.195084
v 1.250000 3.618467 1.979612
v 1.250000 3.757148 1.755949
v 1.250000 3.889071 1.527090
v 1.250000 4.014528 1.292347
v 1.250000 4.125551 1.048751
v 1.250000 4.210055 0.794703
v 1.250000 4.260106 0.532266
v 1.250000 4.277981 0.266069
v 1.250000 4.275677 0.000000
v 1.250000 -4.275677 -0.000000
v 1.250000 -3.919371 -0.030050
v 1.250000 -3.563064 -0.035413
v 1.250000 -3.206758 -0.025992
v 1.250000 -2.850451 -0.012603
v 1.250000 -2.494145 0.001776
v 1.250000 -2.137839 0.018971
v 1.250000 -1.781532 0.038373
v 1.250000 -1.425226 0.053874
v 1.250000 -1.068919 0.057573
v 1.250000 -0.712613 0.046728
v 1.250000 -0.356306 0.027826
v 1.250000 0.000000 0.013823
v 1.250000 0.356306 0.015779
v 1.250000 0.712613 0.034751
v 1.250000 1.068919 0.060060
v 1.250000 1.425226 0.075590
v 1.250000 1.781532 0.069934
v 1.250000 2.137839 0.043545
v 1.250000 2.494145 0.008141
v 1.250000 2.850451 -0.021092
v 1.250000 3.206758 -0.034865
v 1.250000 3.563064 -0.033475
v 1.250000 3.919371 -0.021655
v 1.250000 4.275677 -0.000000
v 1.500000 -4.271668 0.000000
v 1.500000 -4.233612 0.263606
v 1.500000 -4.193366 0.524368
v 1.500000 -4.142565 0.782607
v 1.500000 -4.084323 1.039467
v 1.500000 -4.014549 1.294544
v 1.500000 -3.923087 1.543787
v 1.500000 -3.800974 1.780575
v 1.500000 -3.648037 2.000091
v 1.500000 -3.474735 2.203847
v 1.500000 -3.296459 2.400278
v 1.500000 -3.124201 2.599932
v 1.500000 -2.958241 2.808187
v 1.500000 -2.789142 3.020860
v 1.500000 -2.604860 3.226364
v 1.500000 -2.398487 3.413145
v 1.500000 -2.171191 3.576836
v 1.500000 -1.929081 3.721465
v 1.500000 -1.677419 3.853593
v 1.500000 -1.417187 3.973953
v 1.500000 -1.146433 4.073569
v 1.500000 -0.864539 4.138201
v 1.500000 -0.575176 4.158501
v 1.500000 -0.285127 4.138439
v 1.500000 0.000000 4.095227
v 1.500000 0.279327 4.049953
v 1.500000 0.556283 4.014995
v 1.500000 0.834434 3.986853
v 1.500000 1.113134 3.949296
v 1.500000 1.386799 3.884433
v 1.500000 1.648531 3.783851
v 1.500000 1.894996 3.652347
v 1.500000 2.128272 3.502497
v 1.500000 2.352910 3.344934
v 1.500000 2.570662 3.181796
v 1.500000 2.777611 3.007711
v 1.500000 2.966679 2.816625
v 1.500000 3.133959 2.608489
v 1.500000 3.283708 2.390494
v 1.500000 3.427392 2.172213
v 1.500000 3.576563 1.958825
v 1.500000 3.734407 1.747748
v 1.500000 3.892242 1.531011
v 1.500000 4.033861 1.301099
v 1.500000 4.144804 1.055673
v 1.500000 4.219934 0.797997
v 1.500000 4.264012 0.533669
v 1.500000 4.284999 0.266975
v 1.500000 4.271668 0.000000
v 1.500000 -4.271668 -0.000000
v 1.500000 -3.915696 -0.015273
v 1.500000 -3.559723 -0.034499
v 1.500000 -3.203751 -0.046257
v 1.500000 -2.847779 -0.037047
v 1.500000 -2.491806 -0.005192
v 1.500000 -2.135834 0.036590
v 1.500000 -1.779862 0.069820
v 1.500000 -1.423889 0.082042
v 1.500000 -1.067917 0.073394
v 1.500000 -0.711945 0.054487
v 1.500000 -0.355972 0.038093
v 1.500000 0.000000 0.030850
v 1.500000 0.355972 0.030621
v 1.500000 0.711945 0.030648
v 1.500000 1.067917 0.026434
v 1.500000 1.423889 0.019474
v 1.500000 1.779862 0.014904
v 1.500000 2.135834 0.015340
v 1.500000 2.491806 0.016601
v 1.500000 2.847779 0.010127
v 1.500000 3.203751 -0.008115
v 1.500000 3.559723 -0.028987
v 1.500000 3.915696 -0.031721
v 1.500000 4.271668 -0.000000
v 1.750000 -4.262993 0.000000
v 1.750000 -4.188033 0.261576
v 1.750000 -4.153926 0.521085
v 1.750000 -4.122423 0.781455
v 1.750000 -4.080505 1.042230
v 1.750000 -4.014416 1.299201
v 1.750000 -3.917672 1.547142
v 1.750000 -3.794341 1.783774
v 1.750000 -3.654858 2.011343
v 1.750000 -3.507852 2.234103
v 1.750000 -3.354382 2.453628
v 1.750000 -3.188751 2.666186
v 1.750000 -3.004733 2.865023
v 1.750000 -2.801801 3.046294
v 1.750000 -2.586278 3.213752
v 1.750000 -2.366572 3.377544
v 1.750000 -2.146533 3.546795
v 1.750000 -1.922334 3.720904
v 1.750000 -1.685370 3.886302
v 1.750000 -1.428824 4.022084
v 1.750000 -1.152798 4.111452
v 1.750000 -0.864300 4.151346
v 1.750000 -0.572607 4.153491
v 1.750000 -0.284016 4.136095
v 1.750000 0.000000 4.112135
v 1.750000 0.280505 4.082529
v 1.750000 0.557497 4.038724
v 1.750000 0.828649 3.972118
v 1.750000 1.091512 3.882730
v 1.750000 1.346773 3.780372
v 1.750000 1.598878 3.677492
v 1.750000 1.852521 3.579338
v 1.750000 2.107438 3.479081
v 1.750000 2.356005 3.361729
v 1.750000 2.586473 3.214007
v 1.750000 2.790212 3.033078
v 1.750000 2.967760 2.828050
v 1.750000 3.128910 2.613707
v 1.750000 3.286319 2.401402
v 1.750000 3.447140 2.193536
v 1.750000 3.608740 1.984717
v 1.750000 3.761519 1.767589
v 1.750000 3.896314 1.538296
v 1.750000 4.010403 1.297838
v 1.750000 4.107368 1.049428
v 1.750000 4.191136 0.795123
v 1.750000 4.259217 0.534947
v 1.750000 4.300201 0.268928
v 1.750000 4.262993 0.000000
v 1.750000 -4.262993 -0.000000
v 1.750000 -3.907744 -0.009212
v 1.750000 -3.552494 -0.018758
v 1.750000 -3.197245 -0.017588
v 1.750000 -2.841995 -0.005137
v 1.750000 -2.486746 0.011130
v 1.750000 -2.131496 0.025082
v 1.750000 -1.776247 0.037035
v 1.750000 -1.420998 0.051065
v 1.750000 -1.065748 0.068448
v 1.750000 -0.710499 0.083664
v 1.750000 -0.355249 0.086789
v 1.750000 0.000000 0.070840
v 1.750000 0.355249 0.038437
v 1.750000 0.710499 0.002186
v 1.750000 1.065748 -0.022301
v 1.750000 1.420998 -0.026180
v 1.750000 1.776247 -0.013077
v 1.750000 2.131496 0.003407
v 1.750000 2.486746 0.008962
v 1.750000 2.841995 -0.001488
v 1.750000 3.197245 -0.020134
v 1.750000 3.552494 -0.031990
v 1.750000 3.907744 -0.025741
v 1.750000 4.262993 -0.000000
v 2.000000 -4.250010 0.000000
v 2.000000 -4.180782 0.262560
v 2.000000 -4.144945 0.522817
v 2.000000 -4.097512 0.780855
v 2.000000 -4.034181 1.035595
v 2.000000 -3.958496 1.287393
v 2.000000 -3.876689 1.538709
v 2.000000 -3.790399 1.791703
v 2.000000 -3.692792 2.044405
v 2.000000 -3.571614 2.289108
v 2.000000 -3.417273 2.515476
v 2.000000 -3.229923 2.717011
v 2.000000 -3.020126 2.896200
v 2.000000 -2.802480 3.063850
v 2.000000 -2.586827 3.232176
v 2.000000 -2.373274 3.406134
v 2.000000 -2.154170 3.579353
v 2.000000 -1.920868 3.737951
v 2.000000 -1.669919 3.869623
v 2.000000 -1.404390 3.971243
v 2.000000 -1.130325 4.049145
v 2.000000 -0.852088 4.111844
v 2.000000 -0.570675 4.160945
v 2.000000 -0.285936 4.187665
v 2.000000 0.000000 4.178300
v 2.000000 0.281830 4.125006
v 2.000000 0.553948 4.033892
v 2.000000 0.814722 3.923992
v 2.000000 1.068182 3.817222
v 2.000000 1.321143 3.726004
v 2.000000 1.577695 3.646974
v 2.000000 1.835477 3.564795
v 2.000000 2.086942 3.462911
v 2.000000 2.324754 3.333518
v 2.000000 2.546955 3.180214
v 2.000000 2.757532 3.012596
v 2.000000 2.961782 2.837856
v 2.000000 3.160290 2.655944
v 2.000000 3.346760 2.461369
v 2.000000 3.511989 2.249268
v 2.000000 3.651154 2.020365
v 2.000000 3.768549 1.780928
v 2.000000 3.875500 1.538216
v 2.000000 3.982373 1.295499
v 2.000000 4.090379 1.050654
v 2.000000 4.189295 0.799111
v 2.000000 4.262814 0.538334
v 2.000000 4.296838 0.270167
v 2.000000 4.250011 0.000000
v 2.000000 -4.250010 -0.000000
v 2.000000 -3.895843 0.009099
v 2.000000 -3.541675 0.025742
v 2.000000 -3.187508 0.031219
v 2.000000 -2.833340 0.020873
v 2.000000 -2.479173 0.005514
v 2.000000 -2.125005 0.001068
v 2.000000 -1.770838 0.015894
v 2.000000 -1.416670 0.044930
v 2.000000 -1.062503 0.073509
v 2.000000 -0.708335 0.087109
v 2.000000 -0.354168 0.080103
v 2.000000 0.000000 0.057878
v 2.000000 0.354168 0.031556
v 2.000000 0.708335 0.009833
v 2.000000 1.062503 -0.005797
v 2.000000 1.416670 -0.019262
v 2.000000 1.770838 -0.033795
v 2.000000 2.125005 -0.047111
v 2.000000 2.479173 -0.052366
v 2.000000 2.833340 -0.044669
v 2.000000 3.187508 -0.027613
v 2.000000 3.541675 -0.012349
v 2.000000 3.895843 -0.006389
v 2.000000 4.250010 -0.000000
v 2.250000 -4.233211 0.000000
v 2.250000 -4.177488 0.264278
v 2.250000 -4.121653 0.523608
v 2.250000 -4.055122 0.778189
v 2.250000 -3.989664 1.031316
v 2.250000 -3.931082 1.287588
v 2.250000 -3.873720 1.548789
v 2.250000 -3.803219 1.811097
v 2.250000 -3.705270 2.066387
v 2.250000 -3.573995 2.307118
v 2.250000 -3.414092 2.531026
v 2.250000 -3.235745 2.741604
v 2.250000 -3.046670 2.943642
v 2.250000 -2.847477 3.137380
v 2.250000 -2.633458 3.316395
v 2.250000 -2.400661 3.471696
v 2.250000 -2.150906 3.599296
v 2.250000 -1.891629 3.705166
v 2.250000 -1.630918 3.802771
v 2.250000 -1.372030 3.903900
v 2.250000 -1.111923 4.009013
v 2.250000 -0.844850 4.104442
v 2.250000 -0.567912 4.169264
v 2.250000 -0.284005 4.187691
v 2.250000 0.000000 4.158571
v 2.250000 0.277963 4.095500
v 2.250000 0.547950 4.017636
v 2.250000 0.811734 3.937956
v 2.250000 1.071235 3.857164
v 2.250000 1.325562 3.767010
v 2.250000 1.571640 3.659661
v 2.250000 1.807968 3.535520
v 2.250000 2.037863 3.403500
v 2.250000 2.268490 3.273887
v 2.250000 2.505473 3.149601
v 2.250000 2.746938 3.022737
v 2.250000 2.982041 2.879013
v 2.250000 3.196019 2.706765
v 2.250000 3.378743 2.503902
v 2.250000 3.530701 2.278190
v 2.250000 3.661909 2.041353
v 2.250000 3.784422 1.801827
v 2.250000 3.903902 1.561291
v 2.250000 4.016375 1.316541
v 2.250000 4.112181 1.064145
v 2.250000 4.183531 0.803731
v 2.250000 4.229314 0.537782
v 2.250000 4.252753 0.269211
v 2.250000 4.233211 0.000000
v 2.250000 -4.233211 0.000000
v 2.250000 -3.880443 0.017704
v 2.250000 -3.527676 0.034940
v 2.250000 -3.174908 0.039899
v 2.250000 -2.822141 0.038015
v 2.250000 -2.469373 0.037497
v 2.250000 -2.116605 0.039872
v 2.250000 -1.763838 0.040909
v 2.250000 -1.411070 0.037242
v 2.250000 -1.058303 0.031099
v 2.250000 -0.705535 0.028892
v 2.250000 -0.352768 0.035042
v 2.250000 0.000000 0.046416
v 2.250000 0.352768 0.052494
v 2.250000 0.705535 0.042033
v 2.250000 1.058303 0.011660
v 2.250000 1.411070 -0.030093
v 2.250000 1.763838 -0.066721
v 2.250000 2.116605 -0.083420
v 2.250000 2.469373 -0.076144
v 2.250000 2.822141 -0.053719
v 2.250000 3.174908 -0.030991
v 2.250000 3.527676 -0.017454
v 2.250000 3.880443 -0.010468
v 2.250000 4.233211 -0.000000
v 2.500000 -4.213198 0.000000
v 2.500000 -4.161695 0.265597
v 2.500000 -4.113692 0.527259
v 2.500000 -4.063038 0.786788
v 2.500000 -4.009881 1.046053
v 2.500000 -3.947200 1.304633
v 2.500000 -3.867267 1.559895
v 2.500000 -3.768139 1.809723
v 2.500000 -3.654620 2.055147
v 2.500000 -3.532989 2.299723
v 2.500000 -3.404027 2.545222
v 2.500000 -3.260281 2.786861
v 2.500000 -3.090186 3.012618
v 2.500000 -2.886125 3.208520
v 2.500000 -2.650399 3.367038
v 2.500000 -2.394593 3.492552
v 2.500000 -2.132904 3.599298
v 2.500000 -1.874369 3.702459
v 2.500000 -1.619460 3.808375
v 2.500000 -1.362816 3.910851
v 2.500000 -1.099199 3.996308
v 2.500000 -0.827778 4.053933
v 2.500000 -0.551882 4.083199
v 2.500000 -0.275449 4.093080
v 2.500000 0.000000 4.093668
v 2.500000 0.275039 4.086818
v 2.500000 0.549266 4.063329
v 2.500000 0.818889 4.009241
v 2.500000 1.077898 3.916811
v 2.500000 1.322464 3.791976
v 2.500000 1.554918 3.652556
v 2.500000 1.783486 3.518168
v 2.500000 2.017158 3.398819
v 2.500000 2.259210 3.289937
v 2.500000 2.504381 3.176744
v 2.500000 2.742086 3.044275
v 2.500000 2.963331 2.885764
v 2.500000 3.165947 2.704132
v 2.500000 3.354018 2.506849
v 2.500000 3.532065 2.299106
v 2.500000 3.698873 2.080697
v 2.500000 3.846320 1.848277
v 2.500000 3.964566 1.600197
v 2.500000 4.049683 1.339421
v 2.500000 4.107521 1.072215
v 2.500000 4.150239 0.804133
v 2.500000 4.187554 0.536984
v 2.500000 4.218588 0.269326
v 2.500000 4.213198 0.000000
v 2.500000 -4.213198 -0.000000
v 2.500000 -3.862098 0.003182
v 2.500000 -3.510999 0.022337
v 2.500000 -3.159899 0.052775
v 2.500000 -2.808799 0.079994
v 2.500000 -2.457699 0.088494
v 2.500000 -2.106599 0.072990
v 2.500000 -1.755499 0.042221
v 2.500000 -1.404399 0.013014
v 2.500000 -1.053300 -0.000574
v 2.500000 -0.702200 0.004402
v 2.500000 -0.351100 0.019101
v 2.500000 0.000000 0.029786
v 2.500000 0.351100 0.027130
v 2.500000 0.702200 0.011367
v 2.500000 1.053300 -0.009868
v 2.500000 1.404399 -0.028489
v 2.500000 1.755499 -0.041763
v 2.500000 2.106599 -0.052396
v 2.500000 2.457699 -0.063172
v 2.500000 2.808799 -0.071186
v 2.500000 3.159899 -0.067975
v 2.500000 3.510999 -0.047766
v 2.500000 3.862098 -0.018005
v 2.500000 4.213198 -0.000000
v 2.750000 -4.190666 0.000000
v 2.750000 -4.167996 0.268717
v 2.750000 -4.146981 0.537044
v 2.750000 -4.104902 0.803188
v 2.750000 -4.035640 1.063665
v 2.750000 -3.942457 1.316325
v 2.750000 -3.836862 1.563138
v 2.750000 -3.731222 1.809820
v 2.750000 -3.629992 2.061620
v 2.750000 -3.526040 2.318071
v 2.750000 -3.404863 2.571056
v 2.750000 -3.253679 2.808357
v 2.750000 -3.068875 3.020569
v 2.750000 -2.856821 3.206218
v 2.750000 -2.628201 3.370941
v 2.750000 -2.390713 3.521153
v 2.750000 -2.145669 3.657246
v 2.750000 -1.890406 3.772095
v 2.750000 -1.623641 3.856701
v 2.750000 -1.348863 3.908934
v 2.750000 -1.072946 3.938301
v 2.750000 -0.801446 3.962141
v 2.750000 -0.534867 3.994988
v 2.750000 -0.269158 4.038384
v 2.750000 0.000000 4.078658
v 2.750000 0.272854 4.094779
v 2.750000 0.544895 4.071161
v 2.750000 0.810312 4.006713
v 2.750000 1.066471 3.914136
v 2.750000 1.315451 3.810504
v 2.750000 1.561304 3.706207
v 2.750000 1.805554 3.600031
v 2.750000 2.045143 3.483129
v 2.750000 2.274975 3.347940
v 2.750000 2.493061 3.194823
v 2.750000 2.703589 3.031490
v 2.750000 2.914546 2.866241
v 2.750000 3.130929 2.700708
v 2.750000 3.348568 2.527859
v 2.750000 3.553813 2.336629
v 2.750000 3.730125 2.119431
v 2.750000 3.867352 1.876952
v 2.750000 3.967122 1.617093
v 2.750000 4.040499 1.349606
v 2.750000 4.099737 1.080840
v 2.750000 4.150289 0.812216
v 2.750000 4.188777 0.542546
v 2.750000 4.207600 0.271313
v 2.750000 4.190667 0.000000
v 2.750000 -4.190666 -0.000000
v 2.750000 -3.841444 0.003719
v 2.750000 -3.492222 0.028237
v 2.750000 -3.143000 0.057318
v 2.750000 -2.793778 0.074353
v 2.750000 -2.444555 0.074949
v 2.750000 -2.095333 0.065433
v 2.750000 -1.746111 0.053698
v 2.750000 -1.396889 0.042135
v 2.750000 -1.047667 0.027702
v 2.750000 -0.698444 0.007485
v 2.750000 -0.349222 -0.015872
v 2.750000 0.000000 -0.033964
v 2.750000 0.349222 -0.038350
v 2.750000 0.698444 -0.027821
v 2.750000 1.047667 -0.011167
v 2.750000 1.396889 -0.002509
v 2.750000 1.746111 -0.011915
v 2.750000 2.095333 -0.037736
v 2.750000 2.444555 -0.066353
v 2.750000 2.793778 -0.080370
v 2.750000 3.143000 -0.070469
v 2.750000 3.492222 -0.042537
v 2.750000 3.841444 -0.013760
v 2.750000 4.190666 -0.000000
v 3.000000 -4.166372 0.000000
v 3.000000 -4.174305 0.272102
v 3.000000 -4.156844 0.544273
v 3.000000 -4.108118 0.812693
v 3.000000 -4.035090 1.075278
v 3.000000 -3.949395 1.333286
v 3.000000 -3.858291 1.589402
v 3.000000 -3.760076 1.844146
v 3.000000 -3.646823 2.094056
v 3.000000 -3.511715 2.333744
v 3.000000 -3.354846 2.560338
v 3.000000 -3.182885 2.776232
v 3.000000 -3.003130 2.986955
v 3.000000 -2.816990 3.194962
v 3.000000 -2.618328 3.394122
v 3.000000 -2.398112 3.570008
v 3.000000 -2.151776 3.707175
v 3.000000 -1.883586 3.799018
v 3.000000 -1.604786 3.853160
v 3.000000 -1.327120 3.887908
v 3.000000 -1.056718 3.921627
v 3.000000 -0.792592 3.962191
v 3.000000 -0.530098 4.003815
v 3.000000 -0.265851 4.033282
v 3.000000 0.000000 4.040674
v 3.000000 0.265407 4.026497
v 3.000000 0.529594 3.999986
v 3.000000 0.794185 3.970201
v 3.000000 1.060854 3.937063
v 3.000000 1.327664 3.889510
v 3.000000 1.587929 3.812464
v 3.000000 1.833542 3.697539
v 3.000000 2.060786 3.549575
v 3.000000 2.273947 3.384181
v 3.000000 2.483268 3.218108
v 3.000000 2.698027 3.059311
v 3.000000 2.919611 2.903435
v 3.000000 3.139806 2.738453
v 3.000000 3.345736 2.553347
v 3.000000 3.527775 2.344474
v 3.000000 3.684439 2.115774
v 3.000000 3.820663 1.874025
v 3.000000 3.941183 1.623737
v 3.000000 4.044677 1.365630
v 3.000000 4.123720 1.099027
v 3.000000 4.170833 0.825167
v 3.000000 4.185831 0.548089
v 3.000000 4.178467 0.272375
v 3.000000 4.166372 0.000000
v 3.000000 -4.166372 0.000000
v 3.000000 -3.819174 0.013823
v 3.000000 -3.471977 0.018162
v 3.000000 -3.124779 0.020150
v 3.000000 -2.777581 0.030167
v 3.000000 -2.430384 0.050717
v 3.000000 -2.083186 0.072566
v 3.000000 -1.735988 0.080938
v 3.000000 -1.388791 0.066159
v 3.000000 -1.041593 0.030792
v 3.000000 -0.694395 -0.011448
v 3.000000 -0.347198 -0.043996
v 3.000000 0.000000 -0.057245
v 3.000000 0.347198 -0.053221
v 3.000000 0.694395 -0.042311
v 3.000000 1.041593 -0.034986
v 3.000000 1.388791 -0.034917
v 3.000000 1.735988 -0.038300
v 3.000000 2.083186 -0.039088
v 3.000000 2.430384 -0.035244
v 3.000000 2.777581 -0.030344
v 3.000000 3.124779 -0.028613
v 3.000000 3.471977 -0.027872
v 3.000000 3.819174 -0.019351
v 3.000000 4.166372 -0.000000
v 3.250000 -4.141106 0.000000
v 3.250000 -4.140918 0.273052
v 3.250000 -4.126761 0.546575
v 3.250000 -4.099965 0.820431
v 3.250000 -4.059911 1.094347
v 3.250000 -3.999619 1.365757
v 3.250000 -3.909652 1.629038
v 3.250000 -3.785729 1.878018
v 3.250000 -3.633635 2.110432
v 3.250000 -3.467062 2.330564
v 3.250000 -3.299466 2.547051
v 3.250000 -3.135727 2.766511
v 3.250000 -2.969652 2.987403
v 3.250000 -2.788973 3.199088
v 3.250000 -2.584015 3.387470
v 3.250000 -2.353750 3.543508
v 3.250000 -2.105346 3.668307
v 3.250000 -1.848459 3.770819
v 3.250000 -1.589173 3.859794
v 3.250000 -1.328123 3.936296
v 3.250000 -1.063400 3.992910
v 3.250000 -0.794869 4.020698
v 3.250000 -0.525793 4.018685
v 3.250000 -0.260416 3.998228
v 3.250000 0.000000 3.978083
v 3.250000 0.258757 3.972923
v 3.250000 0.521129 3.983255
v 3.250000 0.789571 3.994065
v 3.250000 1.060856 3.983417
v 3.250000 1.327750 3.935197
v 3.250000 1.584029 3.847377
v 3.250000 1.828645 3.730640
v 3.250000 2.065459 3.599220
v 3.250000 2.298665 3.461067
v 3.250000 2.527828 3.314245
v 3.250000 2.746987 3.151212
v 3.250000 2.948976 2.966726
v 3.250000 3.131565 2.762861
v 3.250000 3.300097 2.547536
v 3.250000 3.463771 2.328364
v 3.250000 3.627840 2.107086
v 3.250000 3.787648 1.878964
v 3.250000 3.929461 1.637243
v 3.250000 4.038115 1.378825
v 3.250000 4.106234 1.106759
v 3.250000 4.138422 0.828081
v 3.250000 4.147562 0.549314
v 3.250000 4.146311 0.273405
v 3.250000 4.141106 0.000000
v 3.250000 -4.141106 0.000000
v 3.250000 -3.796014 0.014577
v 3.250000 -3.450922 0.012288
v 3.250000 -3.105830 0.014222
v 3.250000 -2.760738 0.026375
v 3.250000 -2.415645 0.040692
v 3.250000 -2.070553 0.046792
v 3.250000 -1.725461 0.041361
v 3.250000 -1.380369 0.028861
v 3.250000 -1.035277 0.015609
v 3.250000 -0.690184 0.003579
v 3.250000 -0.345092 -0.010735
v 3.250000 0.000000 -0.031699
v 3.250000 0.345092 -0.058285
v 3.250000 0.690184 -0.081870
v 3.250000 1.035277 -0.090706
v 3.250000 1.380369 -0.078219
v 3.250000 1.725461 -0.048946
v 3.250000 2.070553 -0.017221
v 3.250000 2.415645 0.001408
v 3.250000 2.760738 0.000690
v 3.250000 3.105830 -0.011526
v 3.250000 3.450922 -0.019297
v 3.250000 3.796014 -0.012822
v 3.250000 4.141106 -0.000000
v 3.500000 -4.115666 0.000000
v 3.500000 -4.106155 0.273970
v 3.500000 -4.111630 0.550963
v 3.500000 -4.107381 0.831443
v 3.500000 -4.076951 1.111564
v 3.500000 -4.008949 1.384636
v 3.500000 -3.903267 1.645099
v 3.500000 -3.770169 1.891964
v 3.500000 -3.622778 2.128604
v 3.500000 -3.468617 2.358759
v 3.500000 -3.306320 2.582068
v 3.500000 -3.129427 2.793215
v 3.500000 -2.933618 2.985933
v 3.500000 -2.721406 3.158793
v 3.500000 -2.500666 3.317628
v 3.500000 -2.278575 3.471644
v 3.500000 -2.056112 3.625362
v 3.500000 -1.827671 3.772506
v 3.500000 -1.585995 3.897284
v 3.500000 -1.328384 3.983352
v 3.500000 -1.059270 4.024712
v 3.500000 -0.787339 4.030783
v 3.500000 -0.519795 4.021588
v 3.500000 -0.258385 4.016014
v 3.500000 0.000000 4.021136
v 3.500000 0.259293 4.029874
v 3.500000 0.520653 4.028103
v 3.500000 0.782324 4.005569
v 3.500000 1.042568 3.962380
v 3.500000 1.302333 3.906606
v 3.500000 1.564504 3.845399
v 3.500000 1.829854 3.776931
v 3.500000 2.093205 3.689609
v 3.500000 2.343817 3.569286
v 3.500000 2.570823 3.409057
v 3.500000 2.770173 3.214401
v 3.500000 2.947720 3.000035
v 3.500000 3.115534 2.781032
v 3.500000 3.283624 2.564652
v 3.500000 3.452931 2.348278
v 3.500000 3.614724 2.123954
v 3.500000 3.756754 1.885349
v 3.500000 3.871394 1.631896
v 3.500000 3.959609 1.367887
v 3.500000 4.028011 1.098451
v 3.500000 4.081827 0.826360
v 3.500000 4.119854 0.552046
v 3.500000 4.135728 0.275909
v 3.500000 4.115666 0.000000
v 3.500000 -4.115666 0.000000
v 3.500000 -3.772694 0.028715
v 3.500000 -3.429722 0.043672
v 3.500000 -3.086749 0.040865
v 3.500000 -2.743777 0.022074
v 3.500000 -2.400805 -0.001620
v 3.500000 -2.057833 -0.015782
v 3.500000 -1.714861 -0.012581
v 3.500000 -1.371889 0.003521
v 3.500000 -1.028916 0.018537
v 3.500000 -0.685944 0.018191
v 3.500000 -0.342972 -0.002618
v 3.500000 0.000000 -0.036476
v 3.500000 0.342972 -0.068388
v 3.500000 0.685944 -0.085346
v 3.500000 1.028916 -0.083697
v 3.500000 1.371889 -0.069423
v 3.500000 1.714861 -0.051976
v 3.500000 2.057833 -0.036968
v 3.500000 2.400805 -0.023511
v 3.500000 2.743777 -0.008131
v 3.500000 3.086749 0.008419
v 3.500000 3.429722 0.018636
v 3.500000 3.772694 0.014795
v 3.500000 4.115666 0.000000
v 3.750000 -4.090822 0.000000
v 3.750000 -4.096276 0.276468
v 3.750000 -4.095696 0.555142
v 3.750000 -4.073298 0.834044
v 3.750000 -4.025908 1.110333
v 3.750000 -3.957624 1.382671
v 3.750000 -3.873549 1.651191
v 3.750000 -3.773359 1.914806
v 3.750000 -3.650121 2.168434
v 3.750000 -3.495608 2.403510
v 3.750000 -3.307977 2.612612
v 3.750000 -3.095595 2.795251
v 3.750000 -2.873652 2.959970
v 3.750000 -2.655746 3.120076
v 3.750000 -2.446448 3.285118
v 3.750000 -2.240073 3.454005
v 3.750000 -2.026121 3.615062
v 3.750000 -1.797018 3.753474
v 3.750000 -1.552542 3.860946
v 3.750000 -1.298379 3.940493
v 3.750000 -1.040944 4.002768
v 3.750000 -0.783127 4.056772
v 3.750000 -0.524133 4.102209
v 3.750000 -0.262686 4.129629
v 3.750000 0.000000 4.128512
v 3.750000 0.260559 4.097176
v 3.750000 0.516815 4.046627
v 3.750000 0.770809 3.994843
v 3.750000 1.028173 3.955104
v 3.750000 1.293657 3.926584
v 3.750000 1.566214 3.893955
v 3.750000 1.837863 3.836301
v 3.750000 2.097743 3.739114
v 3.750000 2.338483 3.601286
v 3.750000 2.559936 3.433019
v 3.750000 2.767252 3.247224
v 3.750000 2.964864 3.051182
v 3.750000 3.151411 2.844200
v 3.750000 3.319970 2.621815
v 3.750000 3.463702 2.382191
v 3.750000 3.582323 2.129291
v 3.750000 3.683846 1.870662
v 3.750000 3.779543 1.612253
v 3.750000 3.875574 1.354819
v 3.750000 3.967654 1.094724
v 3.750000 4.043171 0.828052
v 3.750000 4.089576 0.554336
v 3.750000 4.103161 0.276919
v 3.750000 4.090822 0.000000
v 3.750000 -4.090822 0.000000
v 3.750000 -3.749920 0.039210
v 3.750000 -3.409018 0.052513
v 3.750000 -3.068116 0.037181
v 3.750000 -2.727214 0.009431
v 3.750000 -2.386313 -0.012636
v 3.750000 -2.045411 -0.021746
v 3.750000 -1.704509 -0.022276
v 3.750000 -1.363607 -0.022552
v 3.750000 -1.022705 -0.026748
v 3.750000 -0.681804 -0.032476
v 3.750000 -0.340902 -0.034757
v 3.750000 0.000000 -0.032161
v 3.750000 0.340902 -0.029424
v 3.750000 0.681804 -0.033937
v 3.750000 1.022705 -0.048713
v 3.750000 1.363607 -0.067722
v 3.750000 1.704509 -0.077983
v 3.750000 2.045411 -0.067863
v 3.750000 2.386313 -0.036207
v 3.750000 2.727214 0.004503
v 3.750000 3.068116 0.034612
v 3.750000 3.409018 0.040359
v 3.750000 3.749920 0.023874
v 3.750000 4.090822 0.000000
v 4.000000 -4.067291 0.000000
v 4.000000 -4.075312 0.278078
v 4.000000 -4.049050 0.554955
v 4.000000 -4.010924 0.830537
v 4.000000 -3.969088 1.106915
v 4.000000 -3.922152 1.385293
v 4.000000 -3.858777 1.662530
v 4.000000 -3.764368 1.930548
v 4.000000 -3.630545 2.179941
v 4.000000 -3.460631 2.405483
v 4.000000 -3.267357 2.609214
v 4.000000 -3.064750 2.798280
v 4.000000 -2.860323 2.978898
v 4.000000 -2.652977 3.151217
v 4.000000 -2.437384 3.309499
v 4.000000 -2.210626 3.447864
v 4.000000 -1.975593 3.567051
v 4.000000 -1.738746 3.676225
v 4.000000 -1.504613 3.787382
v 4.000000 -1.271937 3.905796
v 4.000000 -1.034747 4.023704
v 4.000000 -0.787343 4.122707
v 4.000000 -0.528970 4.184180
v 4.000000 -0.264372 4.200874
v 4.000000 0.000000 4.181579
v 4.000000 0.260738 4.145421
v 4.000000 0.519164 4.109695
v 4.000000 0.778786 4.079691
v 4.000000 1.041069 4.047300
v 4.000000 1.303461 3.998664
v 4.000000 1.561472 3.924652
v 4.000000 1.812781 3.826352
v 4.000000 2.059276 3.711995
v 4.000000 2.304564 3.588453
v 4.000000 2.548527 3.454342
v 4.000000 2.783605 3.300169
v 4.000000 2.996679 3.115254
v 4.000000 3.176185 2.896005
v 4.000000 3.319620 2.649317
v 4.000000 3.435729 2.388844
v 4.000000 3.539271 2.127244
v 4.000000 3.641804 1.870106
v 4.000000 3.744995 1.615400
v 4.000000 3.841120 1.357787
v 4.000000 3.919949 1.093749
v 4.000000 3.976495 0.823689
v 4.000000 4.013710 0.550303
v 4.000000 4.038718 0.275679
v 4.000000 4.067291 0.000000
v 4.000000 -4.067291 0.000000
v 4.000000 -3.728350 0.020667
v 4.000000 -3.389409 0.032166
v 4.000000 -3.050468 0.038232
v 4.000000 -2.711527 0.036643
v 4.000000 -2.372586 0.021484
v 4.000000 -2.033645 -0.008544
v 4.000000 -1.694705 -0.045162
v 4.000000 -1.355764 -0.073630
v 4.000000 -1.016823 -0.081612
v 4.000000 -0.677882 -0.067327
v 4.000000 -0.338941 -0.041119
v 4.000000 0.000000 -0.019087
v 4.000000 0.338941 -0.012960
v 4.000000 0.677882 -0.023184
v 4.000000 1.016823 -0.039836
v 4.000000 1.355764 -0.050225
v 4.000000 1.694705 -0.047341
v 4.000000 2.033645 -0.033192
v 4.000000 2.372586 -0.015283
v 4.000000 2.711527 0.000221
v 4.000000 3.050468 0.012255
v 4.000000 3.389409 0.021381
v 4.000000 3.728350 0.021935
v 4.000000 4.067291 0.000000
v 4.250000 -4.045711 0.000000
v 4.250000 -4.052817 0.279322
v 4.250000 -4.027271 0.557514
v 4.250000 -3.994281 0.835337
v 4.250000 -3.950615 1.112725
v 4.250000 -3.886967 1.386712
v 4.250000 -3.796766 1.652752
v 4.250000 -3.681309 1.907974
v 4.250000 -3.547944 2.153037
v 4.250000 -3.403319 2.390284
v 4.250000 -3.247521 2.619300
v 4.250000 -3.074070 2.833862
v 4.250000 -2.875892 3.023861
v 4.250000 -2.652503 3.181930
v 4.250000 -2.412622 3.310207
v 4.250000 -2.169998 3.421624
v 4.250000 -1.935477 3.533568
v 4.250000 -1.711142 3.657533
v 4.250000 -1.490552 3.791842
v 4.250000 -1.264355 3.922825
v 4.250000 -1.026703 4.033838
v 4.250000 -0.777848 4.115747
v 4.250000 -0.521850 4.171313
v 4.250000 -0.262284 4.210488
v 4.250000 0.000000 4.240503
v 4.250000 0.265437 4.258600
v 4.250000 0.532631 4.253207
v 4.250000 0.797153 4.212800
v 4.250000 1.053994 4.135689
v 4.250000 1.301789 4.033101
v 4.250000 1.544821 3.922860
v 4.250000 1.790270 3.817988
v 4.250000 2.042144 3.718323
v 4.250000 2.296503 3.610953
v 4.250000 2.542043 3.478872
v 4.250000 2.766158 3.311529
v 4.250000 2.962161 3.110130
v 4.250000 3.132248 2.884883
v 4.250000 3.283995 2.647287
v 4.250000 3.423262 2.403609
v 4.250000 3.549284 2.153810
v 4.250000 3.655948 1.895468
v 4.250000 3.738219 1.628502
v 4.250000 3.798304 1.356615
v 4.250000 3.846152 1.084734
v 4.250000 3.893322 0.815254
v 4.250000 3.944697 0.546643
v 4.250000 3.994774 0.275518
v 4.250000 4.045711 0.000000
v 4.250000 -4.045711 0.000000
v 4.250000 -3.708568 0.006600
v 4.250000 -3.371426 0.024132
v 4.250000 -3.034283 0.038843
v 4.250000 -2.697141 0.035259
v 4.250000 -2.359998 0.011192
v 4.250000 -2.022855 -0.022217
v 4.250000 -1.685713 -0.050511
v 4.250000 -1.348570 -0.065787
v 4.250000 -1.011428 -0.069534
v 4.250000 -0.674285 -0.068130
v 4.250000 -0.337143 -0.065835
v 4.250000 0.000000 -0.061182
v 4.250000 0.337143 -0.049474
v 4.250000 0.674285 -0.028924
v 4.250000 1.011428 -0.004824
v 4.250000 1.348570 0.012380
v 4.250000 1.685713 0.014320
v 4.250000 2.022855 0.001931
v 4.250000 2.359998 -0.013344
v 4.250000 2.697141 -0.016761
v 4.250000 3.034283 -0.002236
v 4.250000 3.371426 0.019686
v 4.250000 3.708568 0.026340
v 4.250000 4.045711 0.000000
v 4.500000 -4.026616 0.000000
v 4.500000 -4.063483 0.282383
v 4.500000 -4.044479 0.564493
v 4.500000 -3.994394 0.842403
v 4.500000 -3.914808 1.112476
v 4.500000 -3.814432 1.373696
v 4.500000 -3.706078 1.629006
v 4.500000 -3.598545 1.883130
v 4.500000 -3.490266 2.137791
v 4.500000 -3.369954 2.388051
v 4.500000 -3.224118 2.623324
v 4.500000 -3.046169 2.833201
v 4.500000 -2.840635 3.014137
v 4.500000 -2.619822 3.171812
v 4.500000 -2.395822 3.316960
v 4.500000 -2.173924 3.457524
v 4.500000 -1.951840 3.593182
v 4.500000 -1.724358 3.716716
v 4.500000 -1.488967 3.821375
v 4.500000 -1.247838 3.908360
v 4.500000 -1.005070 3.987981
v 4.500000 -0.762239 4.072689
v 4.500000 -0.516519 4.166619
v 4.500000 -0.263137 4.259534
v 4.500000 0.000000 4.330373
v 4.500000 0.269637 4.358714
v 4.500000 0.538891 4.336550
v 4.500000 0.801947 4.272312
v 4.500000 1.057728 4.184502
v 4.500000 1.309368 4.089620
v 4.500000 1.559992 3.992846
v 4.500000 1.808581 3.887504
v 4.500000 2.049700 3.762680
v 4.500000 2.277545 3.612604
v 4.500000 2.490807 3.440747
v 4.500000 2.693811 3.256181
v 4.500000 2.892320 3.065822
v 4.500000 3.086976 2.868988
v 4.500000 3.269873 2.658433
v 4.500000 3.427740 2.426662
v 4.500000 3.550148 2.172363
v 4.500000 3.636954 1.902071
v 4.500000 3.699291 1.626195
v 4.500000 3.753070 1.352867
v 4.500000 3.809497 1.084258
v 4.500000 3.869382 0.817537
v 4.500000 3.925133 0.548781
v 4.500000 3.968967 0.276188
v 4.500000 4.026616 0.000000
v 4.500000 -4.026616 0.000000
v 4.500000 -3.691064 0.002026
v 4.500000 -3.355513 -0.002878
v 4.500000 -3.019962 -0.011369
v 4.500000 -2.684411 -0.016456
v 4.500000 -2.348859 -0.014288
v 4.500000 -2.013308 -0.009297
v 4.500000 -1.677757 -0.011464
v 4.500000 -1.342205 -0.028054
v 4.500000 -1.006654 -0.056582
v 4.500000 -0.671103 -0.084569
v 4.500000 -0.335551 -0.096661
v 4.500000 0.000000 -0.084441
v 4.500000 0.335551 -0.052101
v 4.500000 0.671103 -0.013879
v 4.500000 1.006654 0.014935
v 4.500000 1.342205 0.027005
v 4.500000 1.677757 0.025853
v 4.500000 2.013308 0.021201
v 4.500000 2.348859 0.020738
v 4.500000 2.684411 0.024677
v 4.500000 3.019962 0.027274
v 4.500000 3.355513 0.023608
v 4.500000 3.691064 0.014168
v 4.500000 4.026616 0.000000
v 4.750000 -4.010418 0.000000
v 4.750000 -4.068096 0.284612
v 4.750000 -4.036055 0.567229
v 4.750000 -3.966237 0.842550
v 4.750000 -3.875262 1.109505
v 4.750000 -3.777162 1.370515
v 4.750000 -3.676858 1.628178
v 4.750000 -3.569386 1.881781
v 4.750000 -3.445914 2.126914
v 4.750000 -3.301713 2.358821
v 4.750000 -3.139895 2.576632
v 4.750000 -2.968357 2.784387
v 4.750000 -2.792854 2.987188
v 4.750000 -2.612084 3.185139
v 4.750000 -2.418811 3.370294
v 4.750000 -2.206076 3.530139
v 4.750000 -1.973445 3.656117
v 4.750000 -1.728327 3.751188
v 4.750000 -1.481383 3.830285
v 4.750000 -1.239698 3.912278
v 4.750000 -1.002912 4.008384
v 4.750000 -0.764903 4.114975
v 4.750000 -0.519166 4.215940
v 4.750000 -0.263400 4.292943
v 4.750000 0.000000 4.336269
v 4.750000 0.267048 4.348604
v 4.750000 0.535437 4.339529
v 4.750000 0.804781 4.315457
v 4.750000 1.073826 4.273037
v 4.750000 1.337765 4.201172
v 4.750000 1.588978 4.090042
v 4.750000 1.821493 3.940110
v 4.750000 2.035785 3.764093
v 4.750000 2.239540 3.580221
v 4.750000 2.442817 3.401578
v 4.750000 2.650613 3.229074
v 4.750000 2.858336 3.052670
v 4.750000 3.053878 2.859388
v 4.750000 3.225106 2.642017
v 4.750000 3.367307 2.402650
v 4.750000 3.485124 2.149553
v 4.750000 3.587720 1.890822
v 4.750000 3.681196 1.629974
v 4.750000 3.764376 1.366175
v 4.750000 3.831256 1.097713
v 4.750000 3.877953 0.824990
v 4.750000 3.908363 0.550418
v 4.750000 3.934394 0.275849
v 4.750000 4.010417 0.000000
v 4.750000 -4.010417 0.000000
v 4.750000 -3.676216 -0.011450
v 4.750000 -3.342014 -0.035859
v 4.750000 -3.007813 -0.047160
v 4.750000 -2.673611 -0.039037
v 4.750000 -2.339410 -0.022942
v 4.750000 -2.005209 -0.014324
v 4.750000 -1.671007 -0.020186
v 4.750000 -1.336806 -0.035959
v 4.750000 -1.002604 -0.051203
v 4.750000 -0.668403 -0.058060
v 4.750000 -0.334201 -0.055952
v 4.750000 0.000000 -0.049660
v 4.750000 0.334201 -0.043258
v 4.750000 0.668403 -0.035461
v 4.750000 1.002604 -0.020636
v 4.750000 1.336806 0.005205
v 4.750000 1.671007 0.038418
v 4.750000 2.005209 0.067189
v 4.750000 2.339410 0.078081
v 4.750000 2.673611 0.065834
v 4.750000 3.007813 0.038936
v 4.750000 3.342014 0.014628
v 4.750000 3.676216 0.004246
v 4.750000 4.010417 0.000000
v 5.000000 -3.997391 0.000000
v 5.000000 -4.035639 0.283918
v 5.000000 -4.007436 0.566322
v 5.000000 -3.956724 0.844933
v 5.000000 -3.886932 1.118303
v 5.000000 -3.794380 1.383403
v 5.000000 -3.675061 1.635819
v 5.000000 -3.531506 1.872792
v 5.000000 -3.374509 2.096645
v 5.000000 -3.217858 2.314965
v 5.000000 -3.069741 2.536141
v 5.000000 -2.927277 2.762810
v 5.000000 -2.778385 2.988214
v 5.000000 -2.609749 3.198952
v 5.000000 -2.415144 3.382899
v 5.000000 -2.198379 3.536840
v 5.000000 -1.969373 3.668041
v 5.000000 -1.736949 3.788325
v 5.000000 -1.503926 3.904954
v 5.000000 -1.267623 4.015291
v 5.000000 -1.024332 4.109493
v 5.000000 -0.773414 4.179257
v 5.000000 -0.517594 4.225722
v 5.000000 -0.259801 4.259908
v 5.000000 0.000000 4.294689
v 5.000000 0.264651 4.333901
v 5.000000 0.536169 4.366809
v 5.000000 0.811861 4.372545
v 5.000000 1.083936 4.331937
v 5.000000 1.343472 4.238735
v 5.000000 1.585809 4.102638
v 5.000000 1.812946 3.942431
v 5.000000 2.030815 3.774462
v 5.000000 2.243593 3.604507
v 5.000000 2.449763 3.428016
v 5.000000 2.643357 3.237275
v 5.000000 2.819453 3.029282
v 5.000000 2.979252 2.808390
v 5.000000 3.130083 2.582443
v 5.000000 3.279711 2.356295
v 5.000000 3.429155 2.128195
v 5.000000 3.569907 1.891729
v 5.000000 3.688361 1.641328
v 5.000000 3.774688 1.376719
v 5.000000 3.829735 1.102977
v 5.000000 3.864772 0.826643
v 5.000000 3.894285 0.551425
v 5.000000 3.927772 0.276848
v 5.000000 3.997390 0.000000
v 5.000000 -3.997391 0.000000
v 5.000000 -3.664275 -0.008046
v 5.000000 -3.331159 -0.023305
v 5.000000 -2.998043 -0.039308
v 5.000000 -2.664927 -0.055436
v 5.000000 -2.331811 -0.068194
v 5.000000 -1.998695 -0.070544
v 5.000000 -1.665579 -0.058060
v 5.000000 -1.332464 -0.034643
v 5.000000 -0.999348 -0.012013
v 5.000000 -0.666232 -0.002700
v 5.000000 -0.333116 -0.011341
v 5.000000 0.000000 -0.030670
v 5.000000 0.333116 -0.045532
v 5.000000 0.666232 -0.042521
v 5.000000 0.999348 -0.018591
v 5.000000 1.332464 0.017294
v 5.000000 1.665579 0.050308
v 5.000000 1.998695 0.069052
v 5.000000 2.331811 0.071437
v 5.000000 2.664927 0.063293
v 5.000000 2.998043 0.051377
v 5.000000 3.331159 0.037316
v 5.000000 3.664275 0.019143
v 5.000000 3.997391 0.000000
v 5.250000 -3.987667 0.000000
v 5.250000 -4.006922 0.282937
v 5.250000 -3.997808 0.566854
v 5.250000 -3.962357 0.848743
v 5.250000 -3.890780 1.122902
v 5.250000 -3.781658 1.383516
v 5.250000 -3.644963 1.628627
v 5.250000 -3.496907 1.861827
v 5.250000 -3.350571 2.089718
v 5.250000 -3.209096 2.316770
v 5.250000 -3.066091 2.541733
v 5.250000 -2.912323 2.758785
v 5.250000 -2.743192 2.962770
v 5.250000 -2.561344 3.154121
v 5.250000 -2.372973 3.338878
v 5.250000 -2.181458 3.522979
v 5.250000 -1.983812 3.704990
v 5.250000 -1.772830 3.873448
v 5.250000 -1.543005 4.012036
v 5.250000 -1.295281 4.109824
v 5.250000 -1.036816 4.169399
v 5.250000 -0.776149 4.206527
v 5.250000 -0.517779 4.240792
v 5.250000 -0.260433 4.283307
v 5.250000 0.000000 4.329908
v 5.250000 0.265754 4.364489
v 5.250000 0.534772 4.369868
v 5.250000 0.802361 4.338302
v 5.250000 1.064935 4.274341
v 5.250000 1.322045 4.188669
v 5.250000 1.574585 4.088276
v 5.250000 1.820812 3.970748
v 5.250000 2.054208 3.826919
v 5.250000 2.266008 3.649517
v 5.250000 2.451254 3.440896
v 5.250000 2.613709 3.213832
v 5.250000 2.765176 2.984753
v 5.250000 2.918782 2.764449
v 5.250000 3.080575 2.552847
v 5.250000 3.245512 2.341103
v 5.250000 3.400886 2.118767
v 5.250000 3.534740 1.880484
v 5.250000 3.643082 1.627849
v 5.250000 3.730716 1.366224
v 5.250000 3.805549 1.100065
v 5.250000 3.871311 0.830633
v 5.250000 3.924748 0.557235
v 5.250000 3.959824 0.279850
v 5.250000 3.987667 0.000000
v 5.250000 -3.987667 0.000000
v 5.250000 -3.655361 0.004837
v 5.250000 -3.323056 -0.011182
v 5.250000 -2.990750 -0.045281
v 5.250000 -2.658444 -0.078965
v 5.250000 -2.326139 -0.093678
v 5.250000 -1.993833 -0.083774
v 5.250000 -1.661528 -0.057992
v 5.250000 -1.329222 -0.031177
v 5.250000 -0.996917 -0.013899
v 5.250000 -0.664611 -0.007171
v 5.250000 -0.332306 -0.004759
v 5.250000 0.000000 -0.000138
v 5.250000 0.332306 0.007835
v 5.250000 0.664611 0.014937
v 5.250000 0.996917 0.016819
v 5.250000 1.329222 0.014558
v 5.250000 1.661528 0.015312
v 5.250000 1.993833 0.026746
v 5.250000 2.326139 0.049111
v 5.250000 2.658444 0.071586
v 5.250000 2.990750 0.077744
v 5.250000 3.323056 0.058626
v 5.250000 3.655361 0.024048
v 5.250000 3.987667 0.000000
v 5.500000 -3.981229 0.000000
v 5.500000 -3.986500 0.281954
v 5.500000 -3.966093 0.563387
v 5.500000 -3.916386 0.840658
v 5.500000 -3.840366 1.110799
v 5.500000 -3.746554 1.373345
v 5.500000 -3.641637 1.629328
v 5.500000 -3.525398 1.878279
v 5.500000 -3.392103 2.116411
v 5.500000 -3.237087 2.338490
v 5.500000 -3.062987 2.542656
v 5.500000 -2.880242 2.734231
v 5.500000 -2.701073 2.924490
v 5.500000 -2.531319 3.123966
v 5.500000 -2.366284 3.334468
v 5.500000 -2.193711 3.545830
v 5.500000 -2.001614 3.740526
v 5.500000 -1.785270 3.903545
v 5.500000 -1.548676 4.030742
v 5.500000 -1.300260 4.129634
v 5.500000 -1.046847 4.212079
v 5.500000 -0.790577 4.284386
v 5.500000 -0.530447 4.342405
v 5.500000 -0.266113 4.375388
v 5.500000 0.000000 4.375600
v 5.500000 0.264192 4.346069
v 5.500000 0.524880 4.300112
v 5.500000 0.784229 4.252472
v 5.500000 1.045861 4.208398
v 5.500000 1.310156 4.158786
v 5.500000 1.571228 4.085188
v 5.500000 1.818708 3.971350
v 5.500000 2.043621 3.813285
v 5.500000 2.244044 3.621159
v 5.500000 2.426014 3.412311
v 5.500000 2.598764 3.200873
v 5.500000 2.767869 2.991286
v 5.500000 2.931718 2.779374
v 5.500000 3.084096 2.558854
v 5.500000 3.220686 2.327531
v 5.500000 3.343952 2.088611
v 5.500000 3.462022 1.847026
v 5.500000 3.582006 1.604628
v 5.500000 3.702929 1.358537
v 5.500000 3.814146 1.103774
v 5.500000 3.901061 0.837610
v 5.500000 3.954312 0.561836
v 5.500000 3.975812 0.281253
v 5.500000 3.981229 0.000000
v 5.500000 -3.981229 -0.000000
v 5.500000 -3.649460 -0.007147
v 5.500000 -3.317691 -0.022056
v 5.500000 -2.985922 -0.036827
v 5.500000 -2.654152 -0.046693
v 5.500000 -2.322383 -0.053922
v 5.500000 -1.990614 -0.062088
v 5.500000 -1.658845 -0.069434
v 5.500000 -1.327076 -0.068327
v 5.500000 -0.995307 -0.051199
v 5.500000 -0.663538 -0.017947
v 5.500000 -0.331769 0.021369
v 5.500000 0.000000 0.051289
v 5.500000 0.331769 0.060373
v 5.500000 0.663538 0.048693
v 5.500000 0.995307 0.027853
v 5.500000 1.327076 0.013387
v 5.500000 1.658845 0.014790
v 5.500000 1.990614 0.029996
v 5.500000 2.322383 0.047810
v 5.500000 2.654152 0.056280
v 5.500000 2.985922 0.050749
v 5.500000 3.317691 0.035340
v 5.500000 3.649460 0.017079
v 5.500000 3.981229 0.000000
v 5.750000 -3.977915 0.000000
v 5.750000 -3.943342 0.278942
v 5.750000 -3.901359 0.554499
v 5.750000 -3.853384 0.827581
v 5.750000 -3.802799 1.100009
v 5.750000 -3.743511 1.371413
v 5.750000 -3.662942 1.637082
v 5.750000 -3.550569 1.889455
v 5.750000 -3.405728 2.122879
v 5.750000 -3.238861 2.338121
v 5.750000 -3.065211 2.542660
v 5.750000 -2.895589 2.745845
v 5.750000 -2.730796 2.952235
v 5.750000 -2.563267 3.158293
v 5.750000 -2.383980 3.355311
v 5.750000 -2.188991 3.536442
v 5.750000 -1.980852 3.702142
v 5.750000 -1.764627 3.859177
v 5.750000 -1.542535 4.013334
v 5.750000 -1.311931 4.161366
v 5.750000 -1.068172 4.288963
v 5.750000 -0.809632 4.377441
v 5.750000 -0.540398 4.415211
v 5.750000 -0.268303 4.405998
v 5.750000 0.000000 4.367568
v 5.750000 0.262754 4.321350
v 5.750000 0.522580 4.279874
v 5.750000 0.782397 4.240521
v 5.750000 1.041527 4.189521
v 5.750000 1.295429 4.112752
v 5.750000 1.539221 4.005333
v 5.750000 1.771641 3.873398
v 5.750000 1.995571 3.727637
v 5.750000 2.214261 3.574261
v 5.750000 2.426354 3.410534
v 5.750000 2.624404 3.228007
v 5.750000 2.799023 3.020462
v 5.750000 2.946094 2.790137
v 5.750000 3.071467 2.547460
v 5.750000 3.188910 2.304745
v 5.750000 3.312033 2.068784
v 5.750000 3.445636 1.837708
v 5.750000 3.582678 1.603836
v 5.750000 3.709005 1.359700
v 5.750000 3.812249 1.102541
v 5.750000 3.888278 0.834521
v 5.750000 3.940696 0.559678
v 5.750000 3.974158 0.280962
v 5.750000 3.977915 0.000000
v 5.750000 -3.977915 -0.000000
v 5.750000 -3.646422 -0.020107
v 5.750000 -3.314929 -0.017578
v 5.750000 -2.983436 -0.009386
v 5.750000 -2.651943 -0.013225
v 5.750000 -2.320451 -0.032732
v 5.750000 -1.988958 -0.056666
v 5.750000 -1.657465 -0.069115
v 5.750000 -1.325972 -0.061094
v 5.750000 -0.994479 -0.035568
v 5.750000 -0.662986 -0.003864
v 5.750000 -0.331493 0.022710
v 5.750000 0.000000 0.039630
v 5.750000 0.331493 0.049713
v 5.750000 0.662986 0.057920
v 5.750000 0.994479 0.065310
v 5.750000 1.325972 0.067487
v 5.750000 1.657465 0.058918
v 5.750000 1.988958 0.039478
v 5.750000 2.320451 0.017331
v 5.750000 2.651943 0.004446
v 5.750000 2.983436 0.006704
v 5.750000 3.314929 0.016489
v 5.750000 3.646422 0.016995
v 5.750000 3.977915 0.000000
v 6.000000 -3.977429 0.000000
v 6.000000 -3.912935 0.276260
v 6.000000 -3.873630 0.549473
v 6.000000 -3.835468 0.821960
v 6.000000 -3.788432 1.093431
v 6.000000 -3.721559 1.360573
v 6.000000 -3.630447 1.619588
v 6.000000 -3.519377 1.869410
v 6.000000 -3.396562 2.112316
v 6.000000 -3.266729 2.350885
v 6.000000 -3.127184 2.583796
v 6.000000 -2.970494 2.804585
v 6.000000 -2.791454 3.005438
v 6.000000 -2.592570 3.183781
v 6.000000 -2.383517 3.346344
v 6.000000 -2.174865 3.506534
v 6.000000 -1.970900 3.675776
v 6.000000 -1.766993 3.854520
v 6.000000 -1.553317 4.029624
v 6.000000 -1.321878 4.180686
v 6.000000 -1.071559 4.291420
v 6.000000 -0.807874 4.358262
v 6.000000 -0.538488 4.390254
v 6.000000 -0.268636 4.400568
v 6.000000 0.000000 4.396213
v 6.000000 0.266873 4.373671
v 6.000000 0.529711 4.323584
v 6.000000 0.784467 4.240586
v 6.000000 1.028408 4.130380
v 6.000000 1.263354 4.008281
v 6.000000 1.495456 3.889935
v 6.000000 1.730715 3.780954
v 6.000000 1.969325 3.673048
v 6.000000 2.203557 3.549476
v 6.000000 2.421508 3.395855
v 6.000000 2.614467 3.208750
v 6.000000 2.782516 2.996501
v 6.000000 2.934014 2.772593
v 6.000000 3.079245 2.547011
v 6.000000 3.223052 2.321701
v 6.000000 3.362105 2.092422
v 6.000000 3.488759 1.854311
v 6.000000 3.598141 1.606206
v 6.000000 3.692470 1.350699
v 6.000000 3.778804 1.090851
v 6.000000 3.861776 0.827193
v 6.000000 3.937052 0.557823
v 6.000000 3.990368 0.281335
v 6.000000 3.977429 0.000000
v 6.000000 -3.977429 -0.000000
v 6.000000 -3.645976 -0.023123
v 6.000000 -3.314524 -0.029357
v 6.000000 -2.983072 -0.030731
v 6.000000 -2.651619 -0.030001
v 6.000000 -2.320167 -0.024649
v 6.000000 -1.988714 -0.014985
v 6.000000 -1.657262 -0.006510
v 6.000000 -1.325810 -0.005273
v 6.000000 -0.994357 -0.011430
v 6.000000 -0.662905 -0.017167
v 6.000000 -0.331452 -0.011351
v 6.000000 0.000000 0.012045
v 6.000000 0.331452 0.048046
v 6.000000 0.662905 0.082151
v 6.000000 0.994357 0.098751
v 6.000000 1.325810 0.090779
v 6.000000 1.657262 0.063928
v 6.000000 1.988714 0.032583
v 6.000000 2.320167 0.010379
v 6.000000 2.651619 0.001962
v 6.000000 2.983072 0.001907
v 6.000000 3.314524 0.001763
v 6.000000 3.645976 -0.000812
v 6.000000 3.977429 -0.000000
v 6.250000 -3.979350 0.000000
v 6.250000 -3.927527 0.276073
v 6.250000 -3.883822 0.548534
v 6.250000 -3.823353 0.816141
v 6.250000 -3.747768 1.078012
v 6.250000 -3.665358 1.335878
v 6.250000 -3.584651 1.593931
v 6.250000 -3.506824 1.855490
v 6.250000 -3.422822 2.118739
v 6.250000 -3.317957 2.375405
v 6.250000 -3.180997 2.614450
v 6.250000 -3.011268 2.828820
v 6.250000 -2.818695 3.020323
v 6.250000 -2.616992 3.198491
v 6.250000 -2.415146 3.373699
v 6.250000 -2.213227 3.549417
v 6.250000 -2.004896 3.719524
v 6.250000 -1.783825 3.872977
v 6.250000 -1.548696 4.002322
v 6.250000 -1.303259 4.109289
v 6.250000 -1.052299 4.202663
v 6.250000 -0.797632 4.289632
v 6.250000 -0.537736 4.367216
v 6.250000 -0.271110 4.420866
v 6.250000 0.000000 4.432253
v 6.250000 0.269170 4.391278
v 6.250000 0.529392 4.303834
v 6.250000 0.777727 4.189563
v 6.250000 1.016994 4.070901
v 6.250000 1.252864 3.960831
v 6.250000 1.488718 3.857522
v 6.250000 1.722600 3.748826
v 6.250000 1.948926 3.622582
v 6.250000 2.163483 3.474970
v 6.250000 2.367280 3.311319
v 6.250000 2.565569 3.139854
v 6.250000 2.762429 2.964056
v 6.250000 2.955308 2.779744
v 6.250000 3.134494 2.578767
v 6.250000 3.288754 2.355893
v 6.250000 3.413342 2.113266
v 6.250000 3.514217 1.859136
v 6.250000 3.604779 1.602268
v 6.250000 3.697032 1.346630
v 6.250000 3.793371 1.090231
v 6.250000 3.884859 0.828375
v 6.250000 3.956928 0.558158
v 6.250000 3.997410 0.280653
v 6.250000 3.979351 0.000000
v 6.250000 -3.979350 -0.000000
v 6.250000 -3.647738 -0.035980
v 6.250000 -3.316125 -0.059872
v 6.250000 -2.984513 -0.057362
v 6.250000 -2.652900 -0.030500
v 6.250000 -2.321288 0.003874
v 6.250000 -1.989675 0.026725
v 6.250000 -1.658063 0.029276
v 6.250000 -1.326450 0.016859
v 6.250000 -0.994838 0.003218
v 6.250000 -0.663225 0.000414
v 6.250000 -0.331613 0.011439
v 6.250000 0.000000 0.030013
v 6.250000 0.331613 0.046734
v 6.250000 0.663225 0.056292
v 6.250000 0.994838 0.060055
v 6.250000 1.326450 0.062484
v 6.250000 1.658063 0.064966
v 6.250000 1.989675 0.062800
v 6.250000 2.321288 0.048678
v 6.250000 2.652900 0.020700
v 6.250000 2.984513 -0.011697
v 6.250000 3.316125 -0.030986
v 6.250000 3.647738 -0.024890
v 6.250000 3.979350 -0.000000
v 6.500000 -3.983158 0.000000
v 6.500000 -3.942726 0.275545
v 6.500000 -3.882713 0.545345
v 6.500000 -3.807651 0.808471
v 6.500000 -3.732019 1.067760
v 6.500000 -3.663530 1.327765
v 6.500000 -3.598388 1.590702
v 6.500000 -3.524567 1.853931
v 6.500000 -3.430317 2.111413
v 6.500000 -3.311453 2.358111
v 6.500000 -3.172256 2.593553
v 6.500000 -3.019976 2.821089
v 6.500000 -2.857853 3.042999
v 6.500000 -2.682367 3.255513
v 6.500000 -2.486745 3.448518
v 6.500000 -2.267574 3.611374
v 6.500000 -2.028985 3.741063
v 6.500000 -1.780964 3.846273
v 6.500000 -1.533176 3.943320
v 6.500000 -1.289188 4.045766
v 6.500000 -1.045476 4.154683
v 6.500000 -0.795622 4.256667
v 6.500000 -0.536070 4.331452
v 6.500000 -0.268912 4.364086
v 6.500000 0.000000 4.353247
v 6.500000 0.265374 4.310102
v 6.500000 0.525220 4.249039
v 6.500000 0.779866 4.177459
v 6.500000 1.028726 4.092174
v 6.500000 1.268459 3.984700
v 6.500000 1.494876 3.850856
v 6.500000 1.707305 3.696906
v 6.500000 1.911351 3.537314
v 6.500000 2.116775 3.385688
v 6.500000 2.331074 3.245644
v 6.500000 2.553260 3.108294
v 6.500000 2.772848 2.957995
v 6.500000 2.975436 2.782029
v 6.500000 3.151211 2.577405
v 6.500000 3.300270 2.350638
v 6.500000 3.430900 2.111749
v 6.500000 3.552266 1.867591
v 6.500000 3.667223 1.619214
v 6.500000 3.770719 1.364151
v 6.500000 3.854696 1.100631
v 6.500000 3.915147 0.829853
v 6.500000 3.955167 0.554884
v 6.500000 3.980865 0.278045
v 6.500000 3.983158 0.000000
v 6.500000 -3.983158 -0.000000
v 6.500000 -3.651228 -0.032457
v 6.500000 -3.319298 -0.047389
v 6.500000 -2.987369 -0.042575
v 6.500000 -2.655439 -0.027941
v 6.500000 -2.323509 -0.012130
v 6.500000 -1.991579 0.003622
v 6.500000 -1.659649 0.021984
v 6.500000 -1.327719 0.042702
v 6.500000 -0.995790 0.059658
v 6.500000 -0.663860 0.064446
v 6.500000 -0.331930 0.053474
v 6.500000 0.000000 0.032603
v 6.500000 0.331930 0.014944
v 6.500000 0.663860 0.012630
v 6.500000 0.995790 0.028240
v 6.500000 1.327719 0.052242
v 6.500000 1.659649 0.068605
v 6.500000 1.991579 0.064989
v 6.500000 2.323509 0.040742
v 6.500000 2.655439 0.007287
v 6.500000 2.987369 -0.019500
v 6.500000 3.319298 -0.029353
v 6.500000 3.651228 -0.021722
v 6.500000 3.983158 -0.000000
v 6.750000 -3.988250 0.000000
v 6.750000 -3.944590 0.273849
v 6.750000 -3.899456 0.543921
v 6.750000 -3.847384 0.810951
v 6.750000 -3.787191 1.075348
v 6.750000 -3.712990 1.335620
v 6.750000 -3.620758 1.589330
v 6.750000 -3.513403 1.836131
v 6.750000 -3.399600 2.079780
v 6.750000 -3.286983 2.326317
v 6.750000 -3.175026 2.578757
v 6.750000 -3.053456 2.832122
v 6.750000 -2.907849 3.073340
v 6.750000 -2.728555 3.287280
v 6.750000 -2.516579 3.465345
v 6.750000 -2.282417 3.610475
v 6.750000 -2.039123 3.734548
v 6.750000 -1.794941 3.849683
v 6.750000 -1.550595 3.959691
v 6.750000 -1.302300 4.058070
v 6.750000 -1.047147 4.134071
v 6.750000 -0.786213 4.182104
v 6.750000 -0.523313 4.206990
v 6.750000 -0.261328 4.220628
v 6.750000 0.000000 4.232267
v 6.750000 0.262583 4.239786
v 6.750000 0.526211 4.229006
v 6.750000 0.786234 4.182208
v 6.750000 1.035375 4.090136
v 6.750000 1.268671 3.959003
v 6.750000 1.487551 3.807490
v 6.750000 1.699366 3.655877
v 6.750000 1.912293 3.514872
v 6.750000 2.129429 3.381512
v 6.750000 2.346790 3.244072
v 6.750000 2.556869 3.091510
v 6.750000 2.754825 2.920315
v 6.750000 2.942057 2.734427
v 6.750000 3.123951 2.539565
v 6.750000 3.303401 2.337287
v 6.750000 3.475489 2.123594
v 6.750000 3.628142 1.892714
v 6.750000 3.749011 1.642454
v 6.750000 3.833681 1.376589
v 6.750000 3.888915 1.102605
v 6.750000 3.928097 0.827006
v 6.750000 3.961870 0.552138
v 6.750000 3.990285 0.276844
v 6.750000 3.988250 0.000000
v 6.750000 -3.988250 -0.000000
v 6.750000 -3.655896 -0.007986
v 6.750000 -3.323542 -0.019591
v 6.750000 -2.991188 -0.036446
v 6.750000 -2.658833 -0.046623
v 6.750000 -2.326479 -0.037045
v 6.750000 -1.994125 -0.005643
v 6.750000 -1.661771 0.036106
v 6.750000 -1.329417 0.070580
v 6.750000 -0.997063 0.084957
v 6.750000 -0.664708 0.078141
v 6.750000 -0.332354 0.059649
v 6.750000 0.000000 0.041981
v 6.750000 0.332354 0.032291
v 6.750000 0.664708 0.029254
v 6.750000 0.997063 0.026720
v 6.750000 1.329417 0.020452
v 6.750000 1.661771 0.012068
v 6.750000 1.994125 0.006945
v 6.750000 2.326479 0.007961
v 6.750000 2.658833 0.010912
v 6.750000 2.991188 0.007155
v 6.750000 3.323542 -0.006253
v 6.750000 3.655896 -0.016872
v 6.750000 3.988250 -0.000000
v 7.000000 -3.993971 0.000000
v 7.000000 -3.967061 0.273309
v 7.000000 -3.949368 0.546476
v 7.000000 -3.909097 0.817223
v 7.000000 -3.838844 1.081225
v 7.000000 -3.742562 1.335767
v 7.000000 -3.633186 1.582702
v 7.000000 -3.524306 1.827898
v 7.000000 -3.421280 2.076911
v 7.000000 -3.318086 2.330004
v 7.000000 -3.201948 2.580683
v 7.000000 -3.062035 2.819356
v 7.000000 -2.895755 3.039486
v 7.000000 -2.708454 3.241224
v 7.000000 -2.507578 3.429202
v 7.000000 -2.296493 3.605955
v 7.000000 -2.072894 3.766392
v 7.000000 -1.832647 3.898545
v 7.000000 -1.575386 3.991114
v 7.000000 -1.306974 4.042703
v 7.000000 -1.036742 4.065517
v 7.000000 -0.771870 4.079816
v 7.000000 -0.513522 4.102113
v 7.000000 -0.257730 4.135039
v 7.000000 0.000000 4.166005
v 7.000000 0.260396 4.175705
v 7.000000 0.519891 4.150491
v 7.000000 0.773906 4.090052
v 7.000000 1.020641 4.005427
v 7.000000 1.261777 3.909554
v 7.000000 1.499459 3.807808
v 7.000000 1.732510 3.695487
v 7.000000 1.955788 3.563559
v 7.000000 2.163993 3.407655
v 7.000000 2.357085 3.233076
v 7.000000 2.542481 3.051968
v 7.000000 2.731264 2.874996
v 7.000000 2.930378 2.703897
v 7.000000 3.136396 2.530383
v 7.000000 3.335806 2.341844
v 7.000000 3.512137 2.129367
v 7.000000 3.655062 1.892380
v 7.000000 3.765054 1.637324
v 7.000000 3.850511 1.372411
v 7.000000 3.919939 1.102954
v 7.000000 3.975427 0.830417
v 7.000000 4.012274 0.554758
v 7.000000 4.024264 0.277059
v 7.000000 3.993971 0.000000
v 7.000000 -3.993971 0.000000
v 7.000000 -3.661140 -0.001401
v 7.000000 -3.328309 -0.009467
v 7.000000 -2.995478 -0.016287
v 7.000000 -2.662647 -0.013113
v 7.000000 -2.329817 -0.000563
v 7.000000 -1.996986 0.014351
v 7.000000 -1.664155 0.026419
v 7.000000 -1.331324 0.036601
v 7.000000 -0.998493 0.049417
v 7.000000 -0.665662 0.066547
v 7.000000 -0.332831 0.082638
v 7.000000 0.000000 0.087357
v 7.000000 0.332831 0.072731
v 7.000000 0.665662 0.040271
v 7.000000 0.998493 0.002032
v 7.000000 1.331324 -0.025880
v 7.000000 1.664155 -0.033230
v 7.000000 1.996986 -0.022159
v 7.000000 2.329817 -0.005554
v 7.000000 2.662647 0.002126
v 7.000000 2.995478 -0.004357
v 7.000000 3.328309 -0.016623
v 7.000000 3.661140 -0.018871
v 7.000000 3.993971 -0.000000
v 7.250000 -3.999640 0.000000
v 7.250000 -3.985646 0.272426
v 7.250000 -3.967481 0.544668
v 7.250000 -3.924258 0.813972
v 7.250000 -3.860523 1.078720
v 7.250000 -3.784613 1.339716
v 7.250000 -3.700332 1.598222
v 7.250000 -3.604002 1.852993
v 7.250000 -3.488407 2.099605
v 7.250000 -3.349945 2.333445
v 7.250000 -3.192854 2.554150
v 7.250000 -3.026844 2.767315
v 7.250000 -2.859860 2.980878
v 7.250000 -2.691679 3.197945
v 7.250000 -2.513444 3.411362
v 7.250000 -2.313646 3.604917
v 7.250000 -2.086115 3.761474
v 7.250000 -1.834228 3.872941
v 7.250000 -1.568587 3.945022
v 7.250000 -1.300459 3.993090
v 7.250000 -1.036056 4.031927
v 7.250000 -0.775525 4.066686
v 7.250000 -0.516327 4.091574
v 7.250000 -0.257335 4.096956
v 7.250000 0.000000 4.079118
v 7.250000 0.253924 4.044913
v 7.250000 0.505247 4.007415
v 7.250000 0.757429 3.975710
v 7.250000 1.013201 3.946632
v 7.250000 1.270550 3.904981
v 7.250000 1.521989 3.832523
v 7.250000 1.758578 3.719538
v 7.250000 1.976053 3.570840
v 7.250000 2.178239 3.402267
v 7.250000 2.374652 3.230485
v 7.250000 2.573711 3.063429
v 7.250000 2.776601 2.897619
v 7.250000 2.976509 2.723172
v 7.250000 3.163819 2.531870
v 7.250000 3.333053 2.322158
v 7.250000 3.485903 2.098160
v 7.250000 3.627843 1.864750
v 7.250000 3.761080 1.623384
v 7.250000 3.879819 1.372034
v 7.250000 3.972171 1.108636
v 7.250000 4.027775 0.834563
v 7.250000 4.045468 0.554935
v 7.250000 4.034816 0.275649
v 7.250000 3.999640 0.000000
v 7.250000 -3.999640 -0.000000
v 7.250000 -3.666337 -0.000815
v 7.250000 -3.333034 0.017547
v 7.250000 -2.999730 0.037284
v 7.250000 -2.666427 0.042533
v 7.250000 -2.333124 0.030482
v 7.250000 -1.999820 0.012297
v 7.250000 -1.666517 0.003954
v 7.250000 -1.333213 0.014624
v 7.250000 -0.999910 0.040606
v 7.250000 -0.666607 0.068164
v 7.250000 -0.333303 0.082637
v 7.250000 0.000000 0.077398
v 7.250000 0.333303 0.056683
v 7.250000 0.666607 0.030939
v 7.250000 0.999910 0.008841
v 7.250000 1.333213 -0.007739
v 7.250000 1.666517 -0.022318
v 7.250000 1.999820 -0.037796
v 7.250000 2.333124 -0.051419
v 7.250000 2.666427 -0.055704
v 7.250000 2.999730 -0.045555
v 7.250000 3.333034 -0.025523
v 7.250000 3.666337 -0.008163
v 7.250000 3.999640 -0.000000
v 7.500000 -4.004580 0.000000
v 7.500000 -3.970572 0.269357
v 7.500000 -3.952960 0.538602
v 7.500000 -3.932516 0.809406
v 7.500000 -3.904598 1.082293
v 7.500000 -3.857998 1.354397
v 7.500000 -3.780178 1.619117
v 7.500000 -3.665640 1.869314
v 7.500000 -3.520420 2.102176
v 7.500000 -3.358914 2.321758
v 7.500000 -3.195041 2.536455
v 7.500000 -3.034022 2.752627
v 7.500000 -2.870498 2.969013
v 7.500000 -2.693844 3.176488
v 7.500000 -2.496312 3.363789
v 7.500000 -2.277925 3.524998
v 7.500000 -2.045076 3.662832
v 7.500000 -1.804855 3.784838
v 7.500000 -1.560151 3.895253
v 7.500000 -1.309343 3.989128
v 7.500000 -1.050219 4.054046
v 7.500000 -0.784191 4.079037
v 7.500000 -0.516902 4.064390
v 7.500000 -0.254685 4.024759
v 7.500000 0.000000 3.982386
v 7.500000 0.250080 3.954513
v 7.500000 0.500978 3.943433
v 7.500000 0.755739 3.936001
v 7.500000 1.012356 3.912740
v 7.500000 1.265501 3.859974
v 7.500000 1.511023 3.776648
v 7.500000 1.749086 3.671749
v 7.500000 1.982977 3.555274
v 7.500000 2.214472 3.430033
v 7.500000 2.439946 3.290331
v 7.500000 2.651155 3.127811
v 7.500000 2.840801 2.939316
v 7.500000 3.008700 2.730420
v 7.500000 3.163279 2.512083
v 7.500000 3.316353 2.293319
v 7.500000 3.474460 2.075641
v 7.500000 3.633033 1.853234
v 7.500000 3.777968 1.618202
v 7.500000 3.893732 1.366527
v 7.500000 3.972270 1.100426
v 7.500000 4.016393 0.826091
v 7.500000 4.035574 0.549479
v 7.500000 4.037529 0.273746
v 7.500000 4.004580 0.000000
v 7.500000 -4.004580 -0.000000
v 7.500000 -3.670865 0.006650
v 7.500000 -3.337150 0.030186
v 7.500000 -3.003435 0.046643
v 7.500000 -2.669720 0.049666
v 7.500000 -2.336005 0.046111
v 7.500000 -2.002290 0.043826
v 7.500000 -1.668575 0.044038
v 7.500000 -1.334860 0.042585
v 7.500000 -1.001145 0.036215
v 7.500000 -0.667430 0.027288
v 7.500000 -0.333715 0.022614
v 7.500000 0.000000 0.027323
v 7.500000 0.333715 0.038936
v 7.500000 0.667430 0.047002
v 7.500000 1.001145 0.039493
v 7.500000 1.334860 0.011679
v 7.500000 1.668575 -0.029010
v 7.500000 2.002290 -0.066110
v 7.500000 2.336005 -0.083740
v 7.500000 2.669720 -0.076552
v 7.500000 3.003435 -0.052897
v 7.500000 3.337150 -0.027972
v 7.500000 3.670865 -0.011388
v 7.500000 4.004580 -0.000000
v 7.750000 -4.008147 0.000000
v 7.750000 -3.967345 0.267189
v 7.750000 -3.964865 0.536264
v 7.750000 -3.959602 0.808956
v 7.750000 -3.934727 1.082621
v 7.750000 -3.878729 1.351816
v 7.750000 -3.790511 1.611946
v 7.750000 -3.677746 1.862050
v 7.750000 -3.549586 2.104054
v 7.750000 -3.409555 2.338970
v 7.750000 -3.254058 2.563525
v 7.750000 -3.077264 2.770820
v 7.750000 -2.877975 2.955331
v 7.750000 -2.662669 3.118443
v 7.750000 -2.442147 3.269460
v 7.750000 -2.224410 3.420028
v 7.750000 -2.009426 3.575170
v 7.750000 -1.789819 3.727512
v 7.750000 -1.556865 3.859676
v 7.750000 -1.307071 3.954102
v 7.750000 -1.044520 4.003871
v 7.750000 -0.777675 4.016936
v 7.750000 -0.513733 4.010656
v 7.750000 -0.255054 4.000536
v 7.750000 0.000000 3.991227
v 7.750000 0.253451 3.976080
v 7.750000 0.505095 3.945042
v 7.750000 0.753305 3.894419
v 7.750000 0.998145 3.830799
v 7.750000 1.243242 3.766065
v 7.750000 1.493776 3.707365
v 7.750000 1.751511 3.649830
v 7.750000 2.010930 3.577775
v 7.750000 2.260297 3.473735
v 7.750000 2.487806 3.328964
v 7.750000 2.688674 3.148095
v 7.750000 2.867823 2.945180
v 7.750000 3.035843 2.734495
v 7.750000 3.201034 2.522838
v 7.750000 3.363436 2.308155
v 7.750000 3.515288 2.084252
v 7.750000 3.647322 1.847046
v 7.750000 3.755749 1.597547
v 7.750000 3.844259 1.340115
v 7.750000 3.919498 1.078541
v 7.750000 3.983818 0.813773
v 7.750000 4.031429 0.545027
v 7.750000 4.051046 0.272675
v 7.750000 4.008147 0.000000
v 7.750000 -4.008147 -0.000000
v 7.750000 -3.674135 -0.002315
v 7.750000 -3.340122 0.005564
v 7.750000 -3.006110 0.027036
v 7.750000 -2.672098 0.058057
v 7.750000 -2.338086 0.085179
v 7.750000 -2.004073 0.093735
v 7.750000 -1.670061 0.078192
v 7.750000 -1.336049 0.046287
v 7.750000 -1.002037 0.014253
v 7.750000 -0.668024 -0.003307
v 7.750000 -0.334012 -0.002064
v 7.750000 0.000000 0.010450
v 7.750000 0.334012 0.021008
v 7.750000 0.668024 0.019879
v 7.750000 1.002037 0.006401
v 7.750000 1.336049 -0.012571
v 7.750000 1.670061 -0.029262
v 7.750000 2.004073 -0.040860
v 7.750000 2.338086 -0.049839
v 7.750000 2.672098 -0.058572
v 7.750000 3.006110 -0.063377
v 7.750000 3.340122 -0.055212
v 7.750000 3.674135 -0.029824
v 7.750000 4.008147 -0.000000
v 8.000000 -4.009756 0.000000
v 8.000000 -3.993768 0.267184
v 8.000000 -3.981312 0.534964
v 8.000000 -3.951785 0.802223
v 8.000000 -3.905299 1.067867
v 8.000000 -3.847224 1.332590
v 8.000000 -3.780920 1.597816
v 8.000000 -3.702067 1.862304
v 8.000000 -3.599319 2.119496
v 8.000000 -3.461332 2.358820
v 8.000000 -3.285082 2.571171
v 8.000000 -3.079172 2.754992
v 8.000000 -2.859476 2.918064
v 8.000000 -2.640190 3.072854
v 8.000000 -2.426619 3.228165
v 8.000000 -2.214478 3.383093
v 8.000000 -1.995439 3.527956
v 8.000000 -1.764187 3.651729
v 8.000000 -1.521737 3.750348
v 8.000000 -1.273261 3.829364
v 8.000000 -1.023188 3.898624
v 8.000000 -0.772121 3.962976
v 8.000000 -0.517959 4.016440
v 8.000000 -0.259702 4.044967
v 8.000000 0.000000 4.036428
v 8.000000 0.256144 3.990681
v 8.000000 0.505531 3.922033
v 8.000000 0.749991 3.851723
v 8.000000 0.995496 3.795276
v 8.000000 1.247460 3.753357
v 8.000000 1.505950 3.712235
v 8.000000 1.764854 3.653082
v 8.000000 2.015839 3.563290
v 8.000000 2.253895 3.442085
v 8.000000 2.479782 3.297449
v 8.000000 2.697180 3.137839
v 8.000000 2.906912 2.965500
v 8.000000 3.103314 2.776164
v 8.000000 3.276401 2.564510
v 8.000000 3.418722 2.330349
v 8.000000 3.531690 2.080450
v 8.000000 3.626018 1.824801
v 8.000000 3.715212 1.570599
v 8.000000 3.806479 1.318759
v 8.000000 3.895690 1.065292
v 8.000000 3.970170 0.805880
v 8.000000 4.017273 0.539699
v 8.000000 4.032291 0.269709
v 8.000000 4.009756 0.000000
v 8.000000 -4.009756 -0.000000
v 8.000000 -3.675610 -0.004713
v 8.000000 -3.341463 0.006388
v 8.000000 -3.007317 0.033324
v 8.000000 -2.673171 0.061238
v 8.000000 -2.339024 0.076380
v 8.000000 -2.004878 0.075864
v 8.000000 -1.670732 0.065960
v 8.000000 -1.336585 0.054013
v 8.000000 -1.002439 0.042072
v 8.000000 -0.668293 0.026917
v 8.000000 -0.334146 0.005429
v 8.000000 0.000000 -0.019868
v 8.000000 0.334146 -0.040291
v 8.000000 0.668293 -0.046586
v 8.000000 1.002439 -0.036495
v 8.000000 1.336585 -0.018139
v 8.000000 1.670732 -0.005903
v 8.000000 2.004878 -0.010957
v 8.000000 2.339024 -0.032760
v 8.000000 2.673171 -0.057897
v 8.000000 3.007317 -0.068419
v 8.000000 3.341463 -0.055069
v 8.000000 3.675610 -0.025577
v 8.000000 4.009756 -0.000000
v 8.250000 -4.008910 0.000000
v 8.250000 -4.007415 0.266648
v 8.250000 -3.974279 0.531183
v 8.250000 -3.931339 0.793888
v 8.250000 -3.888217 1.057626
v 8.250000 -3.844028 1.324472
v 8.250000 -3.787504 1.592170
v 8.250000 -3.704173 1.853665
v 8.250000 -3.585578 2.100623
v 8.250000 -3.433962 2.328377
v 8.250000 -3.259387 2.538136
v 8.250000 -3.072057 2.734326
v 8.250000 -2.875959 2.919076
v 8.250000 -2.668465 3.088646
v 8.250000 -2.445538 3.235463
v 8.250000 -2.207771 3.354862
v 8.250000 -1.962121 3.451300
v 8.250000 -1.717972 3.538391
v 8.250000 -1.480845 3.631411
v 8.250000 -1.248899 3.736878
v 8.250000 -1.014943 3.846716
v 8.250000 -0.772183 3.941832
v 8.250000 -0.519084 4.003286
v 8.250000 -0.259732 4.023594
v 8.250000 0.000000 4.010380
v 8.250000 0.256877 3.980027
v 8.250000 0.511557 3.946119
v 8.250000 0.766068 3.911090
v 8.250000 1.020311 3.866751
v 8.250000 1.271221 3.802638
v 8.250000 1.515588 3.715289
v 8.250000 1.753898 3.611241
v 8.250000 1.991175 3.501623
v 8.250000 2.233083 3.392744
v 8.250000 2.479764 3.280067
v 8.250000 2.722433 3.150185
v 8.250000 2.946196 2.989313
v 8.250000 3.137901 2.792070
v 8.250000 3.293680 2.564450
v 8.250000 3.420644 2.319478
v 8.250000 3.531371 2.069326
v 8.250000 3.635231 1.819667
v 8.250000 3.732903 1.569554
v 8.250000 3.817918 1.315609
v 8.250000 3.883482 1.056358
v 8.250000 3.928808 0.793384
v 8.250000 3.959734 0.529268
v 8.250000 3.983369 0.265072
v 8.250000 4.008910 0.000000
v 8.250000 -4.008910 0.000000
v 8.250000 -3.674834 0.017397
v 8.250000 -3.340758 0.025603
v 8.250000 -3.006682 0.023898
v 8.250000 -2.672607 0.020857
v 8.250000 -2.338531 0.027136
v 8.250000 -2.004455 0.045443
v 8.250000 -1.670379 0.066984
v 8.250000 -1.336303 0.076949
v 8.250000 -1.002227 0.064653
v 8.250000 -0.668152 0.031101
v 8.250000 -0.334076 -0.011103
v 8.250000 0.000000 -0.045411
v 8.250000 0.334076 -0.061231
v 8.250000 0.668152 -0.059279
v 8.250000 1.002227 -0.049023
v 8.250000 1.336303 -0.040766
v 8.250000 1.670379 -0.038587
v 8.250000 2.004455 -0.039200
v 8.250000 2.338531 -0.036909
v 8.250000 2.672607 -0.030008
v 8.250000 3.006682 -0.022446
v 8.250000 3.340758 -0.018292
v 8.250000 3.674834 -0.014083
v 8.250000 4.008910 -0.000000
v 8.500000 -4.005219 0.000000
v 8.500000 -4.016905 0.266211
v 8.500000 -3.994296 0.531706
v 8.500000 -3.960562 0.796543
v 8.500000 -3.912508 1.059946
v 8.500000 -3.843267 1.319011
v 8.500000 -3.750104 1.570485
v 8.500000 -3.637599 1.813676
v 8.500000 -3.514048 2.051233
v 8.500000 -3.384176 2.286119
v 8.500000 -3.244283 2.516694
v 8.500000 -3.084081 2.734200
v 8.500000 -2.894171 2.925844
v 8.500000 -2.673612 3.082347
v 8.500000 -2.431895 3.204843
v 8.500000 -2.183864 3.305626
v 8.500000 -1.941386 3.401371
v 8.500000 -1.707726 3.503098
v 8.500000 -1.478152 3.609956
v 8.500000 -1.245429 3.711330
v 8.500000 -1.005457 3.795682
v 8.500000 -0.758935 3.859356
v 8.500000 -0.508723 3.908540
v 8.500000 -0.256152 3.952821
v 8.500000 0.000000 3.995380
v 8.500000 0.261059 4.027683
v 8.500000 0.525150 4.033320
v 8.500000 0.786650 3.998690
v 8.500000 1.039536 3.922866
v 8.500000 1.282082 3.819308
v 8.500000 1.518735 3.707932
v 8.500000 1.756982 3.602979
v 8.500000 2.001225 3.505014
v 8.500000 2.248386 3.402190
v 8.500000 2.488917 3.279155
v 8.500000 2.712661 3.126873
v 8.500000 2.915005 2.946677
v 8.500000 3.098406 2.746762
v 8.500000 3.268062 2.534940
v 8.500000 3.425346 2.313628
v 8.500000 3.564654 2.080450
v 8.500000 3.676722 1.832970
v 8.500000 3.756149 1.572989
v 8.500000 3.807199 1.306768
v 8.500000 3.842885 1.041291
v 8.500000 3.877424 0.780006
v 8.500000 3.917419 0.521584
v 8.500000 3.958558 0.262387
v 8.500000 4.005219 0.000000
v 8.500000 -4.005219 0.000000
v 8.500000 -3.671451 0.027705
v 8.500000 -3.337682 0.027716
v 8.500000 -3.003914 0.017552
v 8.500000 -2.670146 0.014846
v 8.500000 -2.336378 0.023434
v 8.500000 -2.002609 0.035135
v 8.500000 -1.668841 0.040022
v 8.500000 -1.335073 0.034727
v 8.500000 -1.001305 0.023226
v 8.500000 -0.667536 0.011416
v 8.500000 -0.333768 0.001063
v 8.500000 0.000000 -0.011596
v 8.500000 0.333768 -0.031415
v 8.500000 0.667536 -0.057920
v 8.500000 1.001305 -0.082661
v 8.500000 1.335073 -0.093300
v 8.500000 1.668841 -0.082045
v 8.500000 2.002609 -0.052342
v 8.500000 2.336378 -0.018397
v 8.500000 2.670146 0.003339
v 8.500000 3.003914 0.005692
v 8.500000 3.337682 -0.003500
v 8.500000 3.671451 -0.008072
v 8.500000 4.005219 -0.000000
v 8.750000 -3.998419 0.000000
v 8.750000 -4.047561 0.267582
v 8.750000 -4.037380 0.536104
v 8.750000 -3.991332 0.800760
v 8.750000 -3.911319 1.057101
v 8.750000 -3.808024 1.303911
v 8.750000 -3.696306 1.544466
v 8.750000 -3.586172 1.783998
v 8.750000 -3.476552 2.024704
v 8.750000 -3.356593 2.262266
v 8.750000 -3.213527 2.487151
v 8.750000 -3.041327 2.690270
v 8.750000 -2.844037 2.868808
v 8.750000 -2.631927 3.027475
v 8.750000 -2.414040 3.173831
v 8.750000 -2.193041 3.311245
v 8.750000 -1.965900 3.435376
v 8.750000 -1.729057 3.537600
v 8.750000 -1.483266 3.613286
v 8.750000 -1.234002 3.668425
v 8.750000 -0.987358 3.718708
v 8.750000 -0.745157 3.780517
v 8.750000 -0.503561 3.859659
v 8.750000 -0.256337 3.945910
v 8.750000 0.000000 4.017774
v 8.750000 0.263461 4.054591
v 8.750000 0.528340 4.047872
v 8.750000 0.789666 4.004279
v 8.750000 1.046311 3.938725
v 8.750000 1.300087 3.863104
v 8.750000 1.551866 3.778901
v 8.750000 1.798567 3.678552
v 8.750000 2.034186 3.553651
v 8.750000 2.254429 3.403118
v 8.750000 2.460968 3.234989
v 8.750000 2.661097 3.060738
v 8.750000 2.862091 2.886862
v 8.750000 3.064164 2.710297
v 8.750000 3.257640 2.521001
v 8.750000 3.427230 2.309464
v 8.750000 3.560930 2.073419
v 8.750000 3.657338 1.819094
v 8.750000 3.726102 1.556808
v 8.750000 3.781229 1.294815
v 8.750000 3.832311 1.035931
v 8.750000 3.880109 0.778636
v 8.750000 3.919476 0.520581
v 8.750000 3.947396 0.261017
v 8.750000 3.998418 0.000000
v 8.750000 -3.998418 0.000000
v 8.750000 -3.665217 0.028588
v 8.750000 -3.332015 0.048022
v 8.750000 -2.998814 0.055521
v 8.750000 -2.665612 0.046693
v 8.750000 -2.332411 0.023141
v 8.750000 -1.999209 -0.004545
v 8.750000 -1.666008 -0.022239
v 8.750000 -1.332806 -0.021631
v 8.750000 -0.999605 -0.006231
v 8.750000 -0.666403 0.010464
v 8.750000 -0.333202 0.013600
v 8.750000 0.000000 -0.003353
v 8.750000 0.333202 -0.034451
v 8.750000 0.666403 -0.065445
v 8.750000 0.999605 -0.083063
v 8.750000 1.332806 -0.082691
v 8.750000 1.666008 -0.069317
v 8.750000 1.999209 -0.051893
v 8.750000 2.332411 -0.036088
v 8.750000 2.665612 -0.021440
v 8.750000 2.998814 -0.005389
v 8.750000 3.332015 0.009558
v 8.750000 3.665217 0.013893
v 8.750000 3.998418 0.000000
v 9.000000 -3.988383 0.000000
v 9.000000 -4.054283 0.267830
v 9.000000 -4.035011 0.535408
v 9.000000 -3.978246 0.797582
v 9.000000 -3.897653 1.052678
v 9.000000 -3.804429 1.301744
v 9.000000 -3.701801 1.545616
v 9.000000 -3.585419 1.782325
v 9.000000 -3.449578 2.007659
v 9.000000 -3.294004 2.218810
v 9.000000 -3.125559 2.417860
v 9.000000 -2.953519 2.611323
v 9.000000 -2.782299 2.804988
v 9.000000 -2.607634 2.997562
v 9.000000 -2.419410 3.178494
v 9.000000 -2.209097 3.332827
v 9.000000 -1.976168 3.450612
v 9.000000 -1.728759 3.534354
v 9.000000 -1.478358 3.598718
v 9.000000 -1.232767 3.662000
v 9.000000 -0.992488 3.735009
v 9.000000 -0.752613 3.815112
v 9.000000 -0.507885 3.889580
v 9.000000 -0.256505 3.945526
v 9.000000 0.000000 3.978850
v 9.000000 0.259779 3.995484
v 9.000000 0.522975 4.004204
v 9.000000 0.790749 4.006833
v 9.000000 1.061810 3.993724
v 9.000000 1.329995 3.948424
v 9.000000 1.585926 3.858410
v 9.000000 1.822328 3.724094
v 9.000000 2.039056 3.559538
v 9.000000 2.243512 3.384333
v 9.000000 2.445437 3.212412
v 9.000000 2.649634 3.045453
v 9.000000 2.852072 2.874761
v 9.000000 3.042461 2.689324
v 9.000000 3.211390 2.483720
v 9.000000 3.356473 2.260551
v 9.000000 3.482731 2.026800
v 9.000000 3.597024 1.788048
v 9.000000 3.701223 1.545376
v 9.000000 3.789912 1.296816
v 9.000000 3.854799 1.041195
v 9.000000 3.892545 0.780535
v 9.000000 3.909850 0.518930
v 9.000000 3.922331 0.259182
v 9.000000 3.988382 0.000000
v 9.000000 -3.988383 0.000000
v 9.000000 -3.656017 0.034699
v 9.000000 -3.323652 0.062675
v 9.000000 -2.991287 0.064968
v 9.000000 -2.658922 0.042299
v 9.000000 -2.326556 0.010321
v 9.000000 -1.994191 -0.014654
v 9.000000 -1.661826 -0.026231
v 9.000000 -1.329461 -0.028611
v 9.000000 -0.997096 -0.029749
v 9.000000 -0.664730 -0.033786
v 9.000000 -0.332365 -0.038500
v 9.000000 0.000000 -0.039003
v 9.000000 0.332365 -0.033876
v 9.000000 0.664730 -0.028065
v 9.000000 0.997096 -0.029591
v 9.000000 1.329461 -0.042392
v 9.000000 1.661826 -0.061097
v 9.000000 1.994191 -0.072563
v 9.000000 2.326556 -0.064278
v 9.000000 2.658922 -0.034490
v 9.000000 2.991287 0.003600
v 9.000000 3.323652 0.028646
v 9.000000 3.656017 0.026156
v 9.000000 3.988383 0.000000
v 9.250000 -3.975131 0.000000
v 9.250000 -4.016092 0.265583
v 9.250000 -4.002617 0.531654
v 9.250000 -3.969353 0.796577
v 9.250000 -3.914338 1.058161
v 9.250000 -3.829940 1.311661
v 9.250000 -3.710855 1.550863
v 9.250000 -3.560893 1.771961
v 9.250000 -3.393446 1.977207
v 9.250000 -3.224790 2.174736
v 9.250000 -3.064791 2.373613
v 9.250000 -2.911682 2.577213
v 9.250000 -2.754527 2.779983
v 9.250000 -2.581346 2.970527
v 9.250000 -2.386849 3.139163
v 9.250000 -2.174520 3.284333
v 9.250000 -1.952368 3.412778
v 9.250000 -1.726408 3.533097
v 9.250000 -1.497141 3.647678
v 9.250000 -1.261248 3.749607
v 9.250000 -1.016280 3.827583
v 9.250000 -0.763860 3.875493
v 9.250000 -0.508646 3.899243
v 9.250000 -0.254246 3.914974
v 9.250000 0.000000 3.939016
v 9.250000 0.258269 3.976340
v 9.250000 0.523988 4.015774
v 9.250000 0.795718 4.035655
v 9.250000 1.066824 4.016215
v 9.250000 1.329367 3.950278
v 9.250000 1.578996 3.845294
v 9.250000 1.816654 3.716098
v 9.250000 2.045637 3.574325
v 9.250000 2.266627 3.422180
v 9.250000 2.475266 3.254391
v 9.250000 2.664845 3.065740
v 9.250000 2.832232 2.857689
v 9.250000 2.982029 2.638906
v 9.250000 3.124849 2.419697
v 9.250000 3.270192 2.205074
v 9.250000 3.418930 1.991921
v 9.250000 3.561287 1.772155
v 9.250000 3.682341 1.539052
v 9.250000 3.771413 1.291794
v 9.250000 3.828676 1.035208
v 9.250000 3.864319 0.775684
v 9.250000 3.891328 0.517002
v 9.250000 3.918181 0.259166
v 9.250000 3.975131 0.000000
v 9.250000 -3.975131 0.000000
v 9.250000 -3.643870 0.019433
v 9.250000 -3.312609 0.029926
v 9.250000 -2.981348 0.035140
v 9.250000 -2.650087 0.038274
v 9.250000 -2.318826 0.035901
v 9.250000 -1.987565 0.021069
v 9.250000 -1.656305 -0.008603
v 9.250000 -1.325044 -0.045857
v 9.250000 -0.993783 -0.076261
v 9.250000 -0.662522 -0.086704
v 9.250000 -0.331261 -0.073972
v 9.250000 0.000000 -0.047255
v 9.250000 0.331261 -0.022497
v 9.250000 0.662522 -0.012354
v 9.250000 0.993783 -0.018729
v 9.250000 1.325044 -0.032875
v 9.250000 1.656305 -0.042451
v 9.250000 1.987565 -0.040052
v 9.250000 2.318826 -0.027133
v 9.250000 2.650087 -0.010967
v 9.250000 2.981348 0.002155
v 9.250000 3.312609 0.010611
v 9.250000 3.643870 0.013118
v 9.250000 3.975131 0.000000
v 9.500000 -3.958830 0.000000
v 9.500000 -3.980788 0.263953
v 9.500000 -3.980316 0.530082
v 9.500000 -3.955908 0.795942
v 9.500000 -3.896105 1.055981
v 9.500000 -3.798120 1.304220
v 9.500000 -3.670258 1.538047
v 9.500000 -3.526489 1.759618
v 9.500000 -3.377656 1.973317
v 9.500000 -3.225959 2.181325
v 9.500000 -3.066464 2.381260
v 9.500000 -2.893771 2.568397
v 9.500000 -2.708112 2.740959
v 9.500000 -2.515949 2.903815
v 9.500000 -2.324806 3.066599
v 9.500000 -2.136782 3.236545
v 9.500000 -1.946154 3.411067
v 9.500000 -1.743054 3.576226
v 9.500000 -1.520367 3.713408
v 9.500000 -1.278515 3.810372
v 9.500000 -1.024695 3.869082
v 9.500000 -0.767588 3.904486
v 9.500000 -0.511956 3.934747
v 9.500000 -0.257146 3.969642
v 9.500000 0.000000 4.005194
v 9.500000 0.260975 4.028061
v 9.500000 0.523968 4.025989
v 9.500000 0.785860 3.996345
v 9.500000 1.045426 3.946452
v 9.500000 1.304152 3.885896
v 9.500000 1.563321 3.817109
v 9.500000 1.819744 3.731739
v 9.500000 2.064338 3.615768
v 9.500000 2.285839 3.459624
v 9.500000 2.477657 3.265798
v 9.500000 2.642801 3.048462
v 9.500000 2.792691 2.825538
v 9.500000 2.940099 2.609026
v 9.500000 3.091074 2.400144
v 9.500000 3.241695 2.191839
v 9.500000 3.381925 1.975782
v 9.500000 3.503448 1.748255
v 9.500000 3.605327 1.511152
v 9.500000 3.693221 1.268612
v 9.500000 3.773090 1.023019
v 9.500000 3.844875 0.773856
v 9.500000 3.901685 0.519730
v 9.500000 3.935864 0.261008
v 9.500000 3.958830 0.000000
v 9.500000 -3.958830 0.000000
v 9.500000 -3.628928 -0.001086
v 9.500000 -3.299025 0.005089
v 9.500000 -2.969123 0.022094
v 9.500000 -2.639220 0.035912
v 9.500000 -2.309318 0.032396
v 9.500000 -1.979415 0.009560
v 9.500000 -1.649513 -0.022477
v 9.500000 -1.319610 -0.050219
v 9.500000 -0.989708 -0.065855
v 9.500000 -0.659805 -0.070352
v 9.500000 -0.329903 -0.069588
v 9.500000 0.000000 -0.067625
v 9.500000 0.329903 -0.062941
v 9.500000 0.659805 -0.050645
v 9.500000 0.989708 -0.028621
v 9.500000 1.319610 -0.002032
v 9.500000 1.649513 0.018195
v 9.500000 1.979415 0.022616
v 9.500000 2.309318 0.011143
v 9.500000 2.639220 -0.005031
v 9.500000 2.969123 -0.010895
v 9.500000 3.299025 -0.001047
v 9.500000 3.628928 0.011232
v 9.500000 3.958830 0.000000
v 9.750000 -3.939790 0.000000
v 9.750000 -3.950059 0.263007
v 9.750000 -3.929255 0.525492
v 9.750000 -3.882629 0.784552
v 9.750000 -3.814866 1.038440
v 9.750000 -3.733181 1.287426
v 9.750000 -3.640565 1.531999
v 9.750000 -3.532495 1.769804
v 9.750000 -3.400382 1.994604
v 9.750000 -3.239301 2.199314
v 9.750000 -3.053904 2.381565
v 9.750000 -2.857589 2.547436
v 9.750000 -2.665146 2.709543
v 9.750000 -2.484081 2.879757
v 9.750000 -2.310783 3.061283
v 9.750000 -2.134009 3.245974
v 9.750000 -1.942728 3.419279
v 9.750000 -1.732517 3.569509
v 9.750000 -1.506343 3.694640
v 9.750000 -1.270253 3.801499
v 9.750000 -1.028212 3.897988
v 9.750000 -0.780318 3.984501
v 9.750000 -0.525204 4.051566
v 9.750000 -0.263708 4.086053
v 9.750000 0.000000 4.081573
v 9.750000 0.261022 4.045081
v 9.750000 0.517646 3.994161
v 9.750000 0.772720 3.946303
v 9.750000 1.030762 3.907502
v 9.750000 1.292900 3.868214
v 9.750000 1.553920 3.809501
v 9.750000 1.804239 3.714946
v 9.750000 2.035580 3.580102
v 9.750000 2.245896 3.413426
v 9.750000 2.439512 3.229046
v 9.750000 2.622288 3.037351
v 9.750000 2.795837 2.840233
v 9.750000 2.955769 2.633537
v 9.750000 3.095738 2.413665
v 9.750000 3.214140 2.182502
v 9.750000 3.317753 1.946899
v 9.750000 3.418715 1.713693
v 9.750000 3.526429 1.484722
v 9.750000 3.640302 1.255898
v 9.750000 3.748978 1.020786
v 9.750000 3.837029 0.775481
v 9.750000 3.894465 0.520911
v 9.750000 3.922473 0.261199
v 9.750000 3.939790 0.000000
v 9.750000 -3.939790 0.000000
v 9.750000 -3.611474 0.003375
v 9.750000 -3.283158 -0.000154
v 9.750000 -2.954842 -0.009143
v 9.750000 -2.626526 -0.019706
v 9.750000 -2.298211 -0.024887
v 9.750000 -1.969895 -0.021240
v 9.750000 -1.641579 -0.013506
v 9.750000 -1.313263 -0.012135
v 9.750000 -0.984947 -0.025365
v 9.750000 -0.656632 -0.051929
v 9.750000 -0.328316 -0.080056
v 9.750000 0.000000 -0.094048
v 9.750000 0.328316 -0.084235
v 9.750000 0.656632 -0.053329
v 9.750000 0.984947 -0.014688
v 9.750000 1.313263 0.016218
v 9.750000 1.641579 0.031001
v 9.750000 1.969895 0.031936
v 9.750000 2.298211 0.027930
v 9.750000 2.626526 0.026322
v 9.750000 2.954842 0.027142
v 9.750000 3.283158 0.024725
v 9.750000 3.611474 0.015065
v 9.750000 3.939790 0.000000
v 10.000000 -3.918451 0.000000
v 10.000000 -3.895829 0.260842
v 10.000000 -3.850910 0.517950
v 10.000000 -3.800733 0.772407
v 10.000000 -3.750371 1.026658
v 10.000000 -3.693511 1.280789
v 10.000000 -3.616869 1.530314
v 10.000000 -3.509416 1.767819
v 10.000000 -3.369989 1.987680
v 10.000000 -3.207913 2.190145
v 10.000000 -3.036520 2.381159
v 10.000000 -2.864639 2.567627
v 10.000000 -2.692338 2.751758
v 10.000000 -2.513531 2.929311
v 10.000000 -2.322668 3.093628
v 10.000000 -2.119851 3.242452
v 10.000000 -1.910417 3.381713
v 10.000000 -1.699837 3.522295
v 10.000000 -1.488517 3.671234
v 10.000000 -1.270959 3.823698
v 10.000000 -1.039952 3.962324
v 10.000000 -0.792290 4.065528
v 10.000000 -0.531404 4.119730
v 10.000000 -0.265012 4.127159
v 10.000000 0.000000 4.103708
v 10.000000 0.261154 4.068297
v 10.000000 0.519752 4.031221
v 10.000000 0.777164 3.989485
v 10.000000 1.031778 3.931818
v 10.000000 1.279535 3.848962
v 10.000000 1.517506 3.741218
v 10.000000 1.746926 3.617781
v 10.000000 1.972298 3.488895
v 10.000000 2.196587 3.357295
v 10.000000 2.416316 3.215672
v 10.000000 2.621153 3.052031
v 10.000000 2.799355 2.858775
v 10.000000 2.945654 2.638676
v 10.000000 3.065721 2.403566
v 10.000000 3.173457 2.167122
v 10.000000 3.282609 1.937231
v 10.000000 3.398559 1.713150
v 10.000000 3.516084 1.488567
v 10.000000 3.624365 1.257317
v 10.000000 3.715049 1.017194
v 10.000000 3.787017 0.769678
v 10.000000 3.844366 0.517089
v 10.000000 3.889635 0.260436
v 10.000000 3.918451 0.000000
v 10.000000 -3.918451 0.000000
v 10.000000 -3.591914 0.004926
v 10.000000 -3.265376 -0.019328
v 10.000000 -2.938838 -0.047433
v 10.000000 -2.612301 -0.058499
v 10.000000 -2.285763 -0.049115
v 10.000000 -1.959226 -0.031081
v 10.000000 -1.632688 -0.019502
v 10.000000 -1.306150 -0.021726
v 10.000000 -0.979613 -0.034131
v 10.000000 -0.653075 -0.047026
v 10.000000 -0.326538 -0.052699
v 10.000000 0.000000 -0.050314
v 10.000000 0.326538 -0.044400
v 10.000000 0.653075 -0.038944
v 10.000000 0.979613 -0.032575
v 10.000000 1.306150 -0.019290
v 10.000000 1.632688 0.005523
v 10.000000 1.959226 0.038613
v 10.000000 2.285763 0.067747
v 10.000000 2.612301 0.078378
v 10.000000 2.938838 0.064579
v 10.000000 3.265376 0.035686
v 10.000000 3.591914 0.010530
v 10.000000 3.918451 0.000000
v 10.250000 -3.895374 0.000000
v 10.250000 -3.855300 0.259816
v 10.250000 -3.813900 0.516331
v 10.250000 -3.767153 0.770590
v 10.250000 -3.708765 1.021961
v 10.250000 -3.631994 1.267919
v 10.250000 -3.536241 1.506456
v 10.250000 -3.427530 1.738462
v 10.250000 -3.312875 1.967169
v 10.250000 -3.193498 2.194361
v 10.250000 -3.062721 2.416438
v 10.250000 -2.910573 2.624346
v 10.250000 -2.731653 2.808698
v 10.250000 -2.530129 2.966979
v 10.250000 -2.317917 3.107211
v 10.250000 -2.107300 3.244394
v 10.250000 -1.903464 3.391258
v 10.250000 -1.702233 3.549509
v 10.250000 -1.494196 3.707974
v 10.250000 -1.271630 3.849278
v 10.250000 -1.032996 3.960440
v 10.250000 -0.782290 4.039701
v 10.250000 -0.524857 4.094715
v 10.250000 -0.263814 4.133747
v 10.250000 0.000000 4.156941
v 10.250000 0.265187 4.154704
v 10.250000 0.527498 4.114774
v 10.250000 0.780907 4.032748
v 10.250000 1.021611 3.917951
v 10.250000 1.251437 3.789790
v 10.250000 1.477129 3.666769
v 10.250000 1.705315 3.555759
v 10.250000 1.936743 3.448898
v 10.250000 2.164472 3.329956
v 10.250000 2.377836 3.185298
v 10.250000 2.569402 3.011761
v 10.250000 2.739578 2.816623
v 10.250000 2.895211 2.610874
v 10.250000 3.043311 2.401544
v 10.250000 3.184976 2.188667
v 10.250000 3.314582 1.968154
v 10.250000 3.425008 1.737218
v 10.250000 3.514663 1.497518
v 10.250000 3.590343 1.253781
v 10.250000 3.663032 1.009707
v 10.250000 3.739426 0.765075
v 10.250000 3.815477 0.516539
v 10.250000 3.876746 0.261222
v 10.250000 3.895374 0.000000
v 10.250000 -3.895374 0.000000
v 10.250000 -3.570759 0.000225
v 10.250000 -3.246145 -0.013889
v 10.250000 -2.921530 -0.029878
v 10.250000 -2.596916 -0.045282
v 10.250000 -2.272301 -0.060852
v 10.250000 -1.947687 -0.073319
v 10.250000 -1.623072 -0.075455
v 10.250000 -1.298458 -0.062264
v 10.250000 -0.973843 -0.036941
v 10.250000 -0.649229 -0.011005
v 10.250000 -0.324614 0.002291
v 10.250000 0.000000 -0.003087
v 10.250000 0.324614 -0.021166
v 10.250000 0.649229 -0.037218
v 10.250000 0.973843 -0.037141
v 10.250000 1.298458 -0.016478
v 10.250000 1.623072 0.017052
v 10.250000 1.947687 0.048954
v 10.250000 2.272301 0.067193
v 10.250000 2.596916 0.068694
v 10.250000 2.921530 0.058531
v 10.250000 3.246145 0.042968
v 10.250000 3.570759 0.023548
v 10.250000 3.895374 0.000000
v 10.500000 -3.871214 0.000000
v 10.500000 -3.849601 0.261219
v 10.500000 -3.804549 0.518646
v 10.500000 -3.734043 0.769304
v 10.500000 -3.644719 1.011832
v 10.500000 -3.549351 1.248599
v 10.500000 -3.459413 1.485029
v 10.500000 -3.377134 1.725625
v 10.500000 -3.293291 1.969445
v 10.500000 -3.192748 2.208954
v 10.500000 -3.063938 2.433911
v 10.500000 -2.905574 2.637874
v 10.500000 -2.726090 2.822345
v 10.500000 -2.536804 2.995015
v 10.500000 -2.344283 3.163125
v 10.500000 -2.147454 3.327076
v 10.500000 -1.940894 3.479616
v 10.500000 -1.720882 3.611691
v 10.500000 -1.489011 3.720553
v 10.500000 -1.250715 3.813389
v 10.500000 -1.010515 3.902780
v 10.500000 -0.768413 3.996584
v 10.500000 -0.520640 4.089614
v 10.500000 -0.264007 4.163800
v 10.500000 0.000000 4.197625
v 10.500000 0.264990 4.178795
v 10.500000 0.523521 4.111498
v 10.500000 0.771738 4.013301
v 10.500000 1.010859 3.904063
v 10.500000 1.244377 3.794719
v 10.500000 1.473651 3.683473
v 10.500000 1.695968 3.561171
v 10.500000 1.907008 3.420923
v 10.500000 2.105567 3.264389
v 10.500000 2.296074 3.100299
v 10.500000 2.485954 2.937032
v 10.500000 2.679251 2.775506
v 10.500000 2.871495 2.607987
v 10.500000 3.050439 2.423552
v 10.500000 3.203002 2.215805
v 10.500000 3.323767 1.987041
v 10.500000 3.418775 1.746160
v 10.500000 3.501562 1.502488
v 10.500000 3.584147 1.260410
v 10.500000 3.669421 1.018451
v 10.500000 3.750262 0.772530
v 10.500000 3.815457 0.520082
v 10.500000 3.857226 0.261719
v 10.500000 3.871214 0.000000
v 10.500000 -3.871214 0.000000
v 10.500000 -3.548613 0.006704
v 10.500000 -3.226012 0.006692
v 10.500000 -2.903410 -0.012732
v 10.500000 -2.580809 -0.047731
v 10.500000 -2.258208 -0.081131
v 10.500000 -1.935607 -0.095911
v 10.500000 -1.613006 -0.086563
v 10.500000 -1.290405 -0.060876
v 10.500000 -0.967803 -0.032907
v 10.500000 -0.645202 -0.013340
v 10.500000 -0.322601 -0.003948
v 10.500000 0.000000 0.000740
v 10.500000 0.322601 0.006879
v 10.500000 0.645202 0.015557
v 10.500000 0.967803 0.022516
v 10.500000 1.290405 0.023230
v 10.500000 1.613006 0.018638
v 10.500000 1.935607 0.016134
v 10.500000 2.258208 0.023968
v 10.500000 2.580809 0.042657
v 10.500000 2.903410 0.060718
v 10.500000 3.226012 0.060898
v 10.500000 3.548613 0.035607
v 10.500000 3.871214 0.000000
v 10.750000 -3.846701 0.000000
v 10.750000 -3.829135 0.261698
v 10.750000 -3.772379 0.518044
v 10.750000 -3.695060 0.766979
v 10.750000 -3.612224 1.010328
v 10.750000 -3.532063 1.251676
v 10.750000 -3.452375 1.492764
v 10.750000 -3.364371 1.731640
v 10.750000 -3.260561 1.964464
v 10.750000 -3.140408 2.189443
v 10.750000 -3.009491 2.409074
v 10.750000 -2.873320 2.627938
v 10.750000 -2.731189 2.847123
v 10.750000 -2.575310 3.059847
v 10.750000 -2.396086 3.252715
v 10.750000 -2.189417 3.413019
v 10.750000 -1.960342 3.537403
v 10.750000 -1.720230 3.635330
v 10.750000 -1.479776 3.723971
v 10.750000 -1.243110 3.817338
v 10.750000 -1.007133 3.917041
v 10.750000 -0.765900 4.011247
v 10.750000 -0.516092 4.082659
v 10.750000 -0.259299 4.119738
v 10.750000 0.000000 4.123076
v 10.750000 0.258170 4.102517
v 10.750000 0.514118 4.067669
v 10.750000 0.767518 4.019380
v 10.750000 1.015666 3.948888
v 10.750000 1.252620 3.845354
v 10.750000 1.472324 3.705981
v 10.750000 1.673646 3.540867
v 10.750000 1.862934 3.368687
v 10.750000 2.051167 3.206114
v 10.750000 2.247002 3.058426
v 10.750000 2.450615 2.917660
v 10.750000 2.653119 2.769053
v 10.750000 2.842265 2.600703
v 10.750000 3.010289 2.409687
v 10.750000 3.158018 2.201210
v 10.750000 3.292229 1.982747
v 10.750000 3.418581 1.758374
v 10.750000 3.535959 1.527386
v 10.750000 3.636875 1.287255
v 10.750000 3.713639 1.037502
v 10.750000 3.765165 0.780924
v 10.750000 3.798548 0.521489
v 10.750000 3.823549 0.261332
v 10.750000 3.846701 0.000000
v 10.750000 -3.846701 -0.000000
v 10.750000 -3.526142 -0.004637
v 10.750000 -3.205584 -0.014136
v 10.750000 -2.885025 -0.028107
v 10.750000 -2.564467 -0.039754
v 10.750000 -2.243909 -0.046311
v 10.750000 -1.923350 -0.051194
v 10.750000 -1.602792 -0.058356
v 10.750000 -1.282234 -0.066081
v 10.750000 -0.961675 -0.066406
v 10.750000 -0.641117 -0.050896
v 10.750000 -0.320558 -0.018302
v 10.750000 0.000000 0.022079
v 10.750000 0.320558 0.054614
v 10.750000 0.641117 0.066732
v 10.750000 0.961675 0.056973
v 10.750000 1.282234 0.035857
v 10.750000 1.602792 0.018872
v 10.750000 1.923350 0.016409
v 10.750000 2.243909 0.027460
v 10.750000 2.564467 0.041336
v 10.750000 2.885025 0.046114
v 10.750000 3.205584 0.037333
v 10.750000 3.526142 0.019590
v 10.750000 3.846701 0.000000
v 11.000000 -3.822609 0.000000
v 11.000000 -3.788866 0.260815
v 11.000000 -3.751082 0.518745
v 11.000000 -3.703051 0.773807
v 11.000000 -3.640753 1.024921
v 11.000000 -3.557913 1.269082
v 11.000000 -3.452963 1.503283
v 11.000000 -3.332931 1.728012
v 11.000000 -3.210393 1.948925
v 11.000000 -3.095245 2.174183
v 11.000000 -2.987372 2.408447
v 11.000000 -2.875817 2.647832
v 11.000000 -2.745255 2.880176
v 11.000000 -2.585171 3.091279
v 11.000000 -2.395334 3.273038
v 11.000000 -2.184165 3.427484
v 11.000000 -1.961992 3.563514
v 11.000000 -1.734655 3.688662
v 11.000000 -1.501949 3.802307
v 11.000000 -1.261133 3.895859
v 11.000000 -1.011719 3.960093
v 11.000000 -0.757229 3.993990
v 11.000000 -0.502736 4.007835
v 11.000000 -0.250832 4.017361
v 11.000000 0.000000 4.032640
v 11.000000 0.252955 4.049745
v 11.000000 0.508505 4.051650
v 11.000000 0.762063 4.018288
v 11.000000 1.006073 3.939019
v 11.000000 1.235046 3.819008
v 11.000000 1.449374 3.675381
v 11.000000 1.654601 3.526328
v 11.000000 1.856614 3.380994
v 11.000000 2.056768 3.236821
v 11.000000 2.251146 3.085128
v 11.000000 2.434744 2.919749
v 11.000000 2.607007 2.741928
v 11.000000 2.773699 2.558276
v 11.000000 2.942818 2.374260
v 11.000000 3.117270 2.188900
v 11.000000 3.290082 1.994933
v 11.000000 3.446486 1.784010
v 11.000000 3.572049 1.552610
v 11.000000 3.661254 1.304161
v 11.000000 3.720251 1.046223
v 11.000000 3.761734 0.785480
v 11.000000 3.795680 0.524616
v 11.000000 3.822428 0.263015
v 11.000000 3.822609 0.000000
v 11.000000 -3.822609 -0.000000
v 11.000000 -3.504058 -0.029436
v 11.000000 -3.185507 -0.037372
v 11.000000 -2.866957 -0.025605
v 11.000000 -2.548406 -0.011232
v 11.000000 -2.229855 -0.010585
v 11.000000 -1.911304 -0.026837
v 11.000000 -1.592754 -0.049299
v 11.000000 -1.274203 -0.062380
v 11.000000 -0.955652 -0.056424
v 11.000000 -0.637101 -0.033115
v 11.000000 -0.318551 -0.002771
v 11.000000 0.000000 0.023551
v 11.000000 0.318551 0.040978
v 11.000000 0.637101 0.051844
v 11.000000 0.955652 0.060816
v 11.000000 1.274203 0.068814
v 11.000000 1.592754 0.071183
v 11.000000 1.911304 0.061918
v 11.000000 2.229855 0.040592
v 11.000000 2.548406 0.015772
v 11.000000 2.866957 0.000320
v 11.000000 3.185507 0.000221
v 11.000000 3.504058 0.006244
v 11.000000 3.822609 0.000000
v 11.250000 -3.799730 0.000000
v 11.250000 -3.767435 0.260995
v 11.250000 -3.752614 0.522110
v 11.250000 -3.716053 0.781122
v 11.250000 -3.648956 1.033393
v 11.250000 -3.554765 1.275804
v 11.250000 -3.446010 1.509678
v 11.250000 -3.335709 1.740102
v 11.250000 -3.229035 1.971807
v 11.250000 -3.121074 2.204908
v 11.250000 -3.001806 2.434279
v 11.250000 -2.864018 2.653466
v 11.250000 -2.707930 2.859991
v 11.250000 -2.539336 3.057238
v 11.250000 -2.363355 3.250591
v 11.250000 -2.179267 3.440308
v 11.250000 -1.980744 3.616984
v 11.250000 -1.761188 3.764206
v 11.250000 -1.519774 3.867736
v 11.250000 -1.263294 3.925178
v 11.250000 -1.002451 3.948918
v 11.250000 -0.745642 3.959511
v 11.250000 -0.495057 3.973534
v 11.250000 -0.247724 3.994130
v 11.250000 0.000000 4.010710
v 11.250000 0.248615 4.007713
v 11.250000 0.495359 3.975832
v 11.250000 0.737303 3.917586
v 11.250000 0.974224 3.843572
v 11.250000 1.208195 3.762860
v 11.250000 1.440036 3.675232
v 11.250000 1.666045 3.571274
v 11.250000 1.878635 3.440126
v 11.250000 2.071353 3.278802
v 11.250000 2.244676 3.095926
v 11.250000 2.407648 2.907076
v 11.250000 2.573170 2.725231
v 11.250000 2.749705 2.553216
v 11.250000 2.935256 2.383213
v 11.250000 3.118163 2.202963
v 11.250000 3.284238 2.003678
v 11.250000 3.425028 1.784149
v 11.250000 3.541165 1.549093
v 11.250000 3.638683 1.304291
v 11.250000 3.721730 1.052892
v 11.250000 3.787781 0.795390
v 11.250000 3.829286 0.532204
v 11.250000 3.839889 0.265744
v 11.250000 3.799731 0.000000
v 11.250000 -3.799730 -0.000000
v 11.250000 -3.483086 -0.030991
v 11.250000 -3.166442 -0.040548
v 11.250000 -2.849798 -0.038849
v 11.250000 -2.533154 -0.035214
v 11.250000 -2.216509 -0.030560
v 11.250000 -1.899865 -0.021880
v 11.250000 -1.583221 -0.009485
v 11.250000 -1.266577 0.001014
v 11.250000 -0.949933 0.003231
v 11.250000 -0.633288 -0.003478
v 11.250000 -0.316644 -0.011464
v 11.250000 0.000000 -0.009017
v 11.250000 0.316644 0.011140
v 11.250000 0.633288 0.045345
v 11.250000 0.949933 0.079716
v 11.250000 1.266577 0.098131
v 11.250000 1.583221 0.092140
v 11.250000 1.899865 0.066071
v 11.250000 2.216509 0.033856
v 11.250000 2.533154 0.009702
v 11.250000 2.849798 -0.000812
v 11.250000 3.166442 -0.002266
v 11.250000 3.483086 -0.001900
v 11.250000 3.799730 -0.000000
v 11.500000 -3.778844 0.000000
v 11.500000 -3.742892 0.260700
v 11.500000 -3.719989 0.520436
v 11.500000 -3.679769 0.777823
v 11.500000 -3.625517 1.032311
v 11.500000 -3.562268 1.284807
v 11.500000 -3.489584 1.535413
v 11.500000 -3.400603 1.780988
v 11.500000 -3.287511 2.015611
v 11.500000 -3.148772 2.234574
v 11.500000 -2.992042 2.439013
v 11.500000 -2.830004 2.636879
v 11.500000 -2.671979 2.838242
v 11.500000 -2.517539 3.047484
v 11.500000 -2.356849 3.258047
v 11.500000 -2.177402 3.454217
v 11.500000 -1.972144 3.619483
v 11.500000 -1.743259 3.745861
v 11.500000 -1.499563 3.837499
v 11.500000 -1.250284 3.905869
v 11.500000 -1.000281 3.960220
v 11.500000 -0.749898 4.000602
v 11.500000 -0.498414 4.018951
v 11.500000 -0.247283 4.007433
v 11.500000 0.000000 3.967470
v 11.500000 0.241030 3.912039
v 11.500000 0.477326 3.858770
v 11.500000 0.713657 3.818408
v 11.500000 0.953861 3.786977
v 11.500000 1.196527 3.747507
v 11.500000 1.434474 3.680358
v 11.500000 1.659016 3.575035
v 11.500000 1.865935 3.435523
v 11.500000 2.058357 3.276053
v 11.500000 2.244047 3.111040
v 11.500000 2.429079 2.946614
v 11.500000 2.612983 2.779245
v 11.500000 2.789359 2.601235
v 11.500000 2.951553 2.407944
v 11.500000 3.098652 2.201084
v 11.500000 3.236584 1.986208
v 11.500000 3.372898 1.767325
v 11.500000 3.509071 1.543486
v 11.500000 3.636546 1.310021
v 11.500000 3.740132 1.063022
v 11.500000 3.806783 0.803088
v 11.500000 3.833398 0.535367
v 11.500000 3.827473 0.266244
v 11.500000 3.778845 0.000000
v 11.500000 -3.778845 -0.000000
v 11.500000 -3.463941 -0.027601
v 11.500000 -3.149037 -0.057534
v 11.500000 -2.834133 -0.074001
v 11.500000 -2.519230 -0.065153
v 11.500000 -2.204326 -0.033781
v 11.500000 -1.889422 0.004182
v 11.500000 -1.574519 0.030584
v 11.500000 -1.259615 0.036378
v 11.500000 -0.944711 0.025853
v 11.500000 -0.629807 0.012022
v 11.500000 -0.314904 0.007158
v 11.500000 0.000000 0.015189
v 11.500000 0.314904 0.030835
v 11.500000 0.629807 0.045277
v 11.500000 0.944711 0.053299
v 11.500000 1.259615 0.056153
v 11.500000 1.574519 0.058238
v 11.500000 1.889422 0.060904
v 11.500000 2.204326 0.059213
v 11.500000 2.519230 0.045588
v 11.500000 2.834133 0.018694
v 11.500000 3.149037 -0.009913
v 11.500000 3.463941 -0.020146
v 11.500000 3.778845 -0.000000
v 11.750000 -3.760687 0.000000
v 11.750000 -3.697654 0.258687
v 11.750000 -3.671410 0.515940
v 11.750000 -3.651035 0.774946
v 11.750000 -3.630288 1.037354
v 11.750000 -3.595539 1.300778
v 11.750000 -3.532105 1.558594
v 11.750000 -3.433097 1.803446
v 11.750000 -3.303556 2.032149
v 11.750000 -3.156686 2.247944
v 11.750000 -3.005001 2.457813
v 11.750000 -2.852862 2.666518
v 11.750000 -2.695526 2.872075
v 11.750000 -2.524709 3.066597
v 11.750000 -2.335826 3.242191
v 11.750000 -2.131266 3.397266
v 11.750000 -1.917684 3.537754
v 11.750000 -1.700158 3.671509
v 11.750000 -1.478379 3.799796
v 11.750000 -1.247933 3.912721
v 11.750000 -1.005327 3.993102
v 11.750000 -0.752319 4.027047
v 11.750000 -0.495871 4.014055
v 11.750000 -0.243826 3.969209
v 11.750000 0.000000 3.915317
v 11.750000 0.237328 3.870063
v 11.750000 0.472541 3.836845
v 11.750000 0.708209 3.805291
v 11.750000 0.942992 3.760466
v 11.750000 1.173579 3.693681
v 11.750000 1.398580 3.607143
v 11.750000 1.620374 3.509723
v 11.750000 1.842702 3.407882
v 11.750000 2.065733 3.299189
v 11.750000 2.283055 3.173418
v 11.750000 2.483965 3.020138
v 11.750000 2.660215 2.836764
v 11.750000 2.812312 2.630956
v 11.750000 2.950220 2.415778
v 11.750000 3.087185 2.201505
v 11.750000 3.230714 1.990093
v 11.750000 3.377146 1.775854
v 11.750000 3.513768 1.550998
v 11.750000 3.626834 1.311401
v 11.750000 3.709472 1.058572
v 11.750000 3.763740 0.797364
v 11.750000 3.795713 0.532305
v 11.750000 3.807375 0.265878
v 11.750000 3.760688 0.000000
v 11.750000 -3.760687 -0.000000
v 11.750000 -3.447297 -0.026578
v 11.750000 -3.133906 -0.049813
v 11.750000 -2.820515 -0.055683
v 11.750000 -2.507125 -0.045221
v 11.750000 -2.193734 -0.027990
v 11.750000 -1.880344 -0.011119
v 11.750000 -1.566953 0.005257
v 11.750000 -1.253562 0.024362
v 11.750000 -0.940172 0.046225
v 11.750000 -0.626781 0.064681
v 11.750000 -0.313391 0.070770
v 11.750000 0.000000 0.059985
v 11.750000 0.313391 0.037453
v 11.750000 0.626781 0.016317
v 11.750000 0.940172 0.009690
v 11.750000 1.253562 0.021669
v 11.750000 1.566953 0.043919
v 11.750000 1.880344 0.060573
v 11.750000 2.193734 0.058529
v 11.750000 2.507125 0.036418
v 11.750000 2.820515 0.005903
v 11.750000 3.133906 -0.016107
v 11.750000 3.447297 -0.018449
v 11.750000 3.760687 -0.000000
v 12.000000 -3.745924 0.000000
v 12.000000 -3.682622 0.258215
v 12.000000 -3.668373 0.516565
v 12.000000 -3.655324 0.777331
v 12.000000 -3.628919 1.039020
v 12.000000 -3.579901 1.297994
v 12.000000 -3.507900 1.551573
v 12.000000 -3.418755 1.799847
v 12.000000 -3.317435 2.044089
v 12.000000 -3.202514 2.282929
v 12.000000 -3.066783 2.510001
v 12.000000 -2.903505 2.716108
v 12.000000 -2.713189 2.895292
v 12.000000 -2.505269 3.050335
v 12.000000 -2.293102 3.192743
v 12.000000 -2.085941 3.335962
v 12.000000 -1.883826 3.485913
v 12.000000 -1.678993 3.635636
v 12.000000 -1.462380 3.768427
v 12.000000 -1.230163 3.867808
v 12.000000 -0.985712 3.927484
v 12.000000 -0.736299 3.954208
v 12.000000 -0.487944 3.961629
v 12.000000 -0.242699 3.959859
v 12.000000 0.000000 3.948730
v 12.000000 0.240073 3.919787
v 12.000000 0.475263 3.865308
v 12.000000 0.703070 3.787154
v 12.000000 0.924293 3.698268
v 12.000000 1.144415 3.615205
v 12.000000 1.370628 3.546917
v 12.000000 1.606169 3.487962
v 12.000000 1.846407 3.421101
v 12.000000 2.080270 3.327475
v 12.000000 2.296551 3.197238
v 12.000000 2.490610 3.033619
v 12.000000 2.666348 2.848451
v 12.000000 2.831898 2.653311
v 12.000000 2.992379 2.452909
v 12.000000 3.145478 2.244819
v 12.000000 3.283379 2.024426
v 12.000000 3.399423 1.790314
v 12.000000 3.493936 1.545789
v 12.000000 3.574212 1.296063
v 12.000000 3.648266 1.044204
v 12.000000 3.717164 0.789632
v 12.000000 3.772016 0.530210
v 12.000000 3.797701 0.265758
v 12.000000 3.745924 0.000000
v 12.000000 -3.745924 -0.000000
v 12.000000 -3.433764 -0.007151
v 12.000000 -3.121603 -0.008556
v 12.000000 -2.809443 -0.017258
v 12.000000 -2.497283 -0.033005
v 12.000000 -2.185122 -0.043446
v 12.000000 -1.872962 -0.035384
v 12.000000 -1.560802 -0.005837
v 12.000000 -1.248641 0.035078
v 12.000000 -0.936481 0.070428
v 12.000000 -0.624321 0.086850
v 12.000000 -0.312160 0.081954
v 12.000000 0.000000 0.064128
v 12.000000 0.312160 0.045518
v 12.000000 0.624321 0.033689
v 12.000000 0.936481 0.028042
v 12.000000 1.248641 0.023000
v 12.000000 1.560802 0.014604
v 12.000000 1.872962 0.004683
v 12.000000 2.185122 -0.001049
v 12.000000 2.497283 0.000535
v 12.000000 2.809443 0.005067
v 12.000000 3.121603 0.003954
v 12.000000 3.433764 -0.003653
v 12.000000 3.745924 -0.000000
v 12.250000 -3.735124 0.000000
v 12.250000 -3.705899 0.259759
v 12.250000 -3.681422 0.518320
v 12.250000 -3.641724 0.774681
v 12.250000 -3.591201 1.028987
v 12.250000 -3.537916 1.283833
v 12.250000 -3.485287 1.542315
v 12.250000 -3.426865 1.803971
v 12.250000 -3.348378 2.062094
v 12.250000 -3.235993 2.305456
v 12.250000 -3.084996 2.524148
v 12.250000 -2.902654 2.715549
v 12.250000 -2.703376 2.885679
v 12.250000 -2.499903 3.044429
v 12.250000 -2.296915 3.197936
v 12.250000 -2.091137 3.343973
v 12.250000 -1.876900 3.474161
v 12.250000 -1.652156 3.581467
v 12.250000 -1.420268 3.667021
v 12.250000 -1.186810 3.740362
v 12.250000 -0.954751 3.812208
v 12.250000 -0.722455 3.884887
v 12.250000 -0.486110 3.947983
v 12.250000 -0.244219 3.983324
v 12.250000 0.000000 3.976529
v 12.250000 0.240539 3.927180
v 12.250000 0.473245 3.850260
v 12.250000 0.699123 3.767587
v 12.250000 0.923357 3.695044
v 12.250000 1.150805 3.634296
v 12.250000 1.381829 3.574219
v 12.250000 1.612068 3.500178
v 12.250000 1.836371 3.403962
v 12.250000 2.053312 3.287364
v 12.250000 2.266034 3.157691
v 12.250000 2.478177 3.019655
v 12.250000 2.688071 2.870374
v 12.250000 2.886351 2.701251
v 12.250000 3.059840 2.504846
v 12.250000 3.199568 2.281117
v 12.250000 3.307073 2.038247
v 12.250000 3.393960 1.787744
v 12.250000 3.474510 1.537850
v 12.250000 3.556431 1.290118
v 12.250000 3.636337 1.041081
v 12.250000 3.703008 0.786871
v 12.250000 3.745619 0.526772
v 12.250000 3.760233 0.263321
v 12.250000 3.735124 0.000000
v 12.250000 -3.735124 -0.000000
v 12.250000 -3.423863 0.001469
v 12.250000 -3.112603 0.001878
v 12.250000 -2.801343 -0.004908
v 12.250000 -2.490082 -0.010330
v 12.250000 -2.178822 -0.006775
v 12.250000 -1.867562 0.004764
v 12.250000 -1.556302 0.017789
v 12.250000 -1.245041 0.027706
v 12.250000 -0.933781 0.035872
v 12.250000 -0.622521 0.047190
v 12.250000 -0.311260 0.063807
v 12.250000 0.000000 0.080632
v 12.250000 0.311260 0.087010
v 12.250000 0.622521 0.073997
v 12.250000 0.933781 0.041907
v 12.250000 1.245041 0.002122
v 12.250000 1.556302 -0.028846
v 12.250000 1.867562 -0.039408
v 12.250000 2.178822 -0.030267
v 12.250000 2.490082 -0.013650
v 12.250000 2.801343 -0.004003
v 12.250000 3.112603 -0.006170
v 12.250000 3.423863 -0.010456
v 12.250000 3.735124 -0.000000
v 12.500000 -3.728737 0.000000
v 12.500000 -3.720658 0.260213
v 12.500000 -3.683988 0.517633
v 12.500000 -3.638145 0.772438
v 12.500000 -3.593332 1.027526
v 12.500000 -3.549442 1.285222
v 12.500000 -3.496649 1.544017
v 12.500000 -3.422582 1.798388
v 12.500000 -3.320636 2.042153
v 12.500000 -3.193253 2.272537
v 12.500000 -3.048186 2.491125
v 12.500000 -2.891273 2.700393
v 12.500000 -2.721778 2.898531
v 12.500000 -2.533982 3.077387
v 12.500000 -2.323500 3.226356
v 12.500000 -2.092989 3.340219
v 12.500000 -1.852497 3.425096
v 12.500000 -1.614063 3.497185
v 12.500000 -1.384726 3.573964
v 12.500000 -1.163193 3.663358
v 12.500000 -0.942385 3.758478
v 12.500000 -0.715448 3.841965
v 12.500000 -0.480441 3.897137
v 12.500000 -0.240461 3.918157
v 12.500000 0.000000 3.912148
v 12.500000 0.238755 3.892128
v 12.500000 0.476397 3.866419
v 12.500000 0.713592 3.832633
v 12.500000 0.948318 3.780621
v 12.500000 1.176250 3.701821
v 12.500000 1.394499 3.597558
v 12.500000 1.605447 3.479712
v 12.500000 1.816691 3.363079
v 12.500000 2.036067 3.255029
v 12.500000 2.264949 3.150050
v 12.500000 2.495057 3.033002
v 12.500000 2.711788 2.888540
v 12.500000 2.902175 2.709953
v 12.500000 3.061879 2.501632
v 12.500000 3.196128 2.274459
v 12.500000 3.314083 2.038370
v 12.500000 3.421142 1.797678
v 12.500000 3.515224 1.551712
v 12.500000 3.589767 1.298911
v 12.500000 3.640715 1.040223
v 12.500000 3.671477 0.779068
v 12.500000 3.691448 0.518615
v 12.500000 3.708982 0.259448
v 12.500000 3.728737 0.000000
v 12.500000 -3.728737 -0.000000
v 12.500000 -3.418009 -0.011402
v 12.500000 -3.107280 -0.000367
v 12.500000 -2.796552 0.024511
v 12.500000 -2.485824 0.046889
v 12.500000 -2.175096 0.052682
v 12.500000 -1.864368 0.039830
v 12.500000 -1.553640 0.019320
v 12.500000 -1.242912 0.007171
v 12.500000 -0.932184 0.013524
v 12.500000 -0.621456 0.036153
v 12.500000 -0.310728 0.062333
v 12.500000 0.000000 0.077381
v 12.500000 0.310728 0.073791
v 12.500000 0.621456 0.054690
v 12.500000 0.932184 0.029804
v 12.500000 1.242912 0.007704
v 12.500000 1.553640 -0.009419
v 12.500000 1.864368 -0.024665
v 12.500000 2.175096 -0.040470
v 12.500000 2.485824 -0.053371
v 12.500000 2.796552 -0.055147
v 12.500000 3.107280 -0.040981
v 12.500000 3.418009 -0.017569
v 12.500000 3.728737 -0.000000
v 12.750000 -3.727077 0.000000
v 12.750000 -3.737789 0.260277
v 12.750000 -3.721880 0.520509
v 12.750000 -3.692714 0.780134
v 12.750000 -3.645379 1.037282
v 12.750000 -3.574489 1.288520
v 12.750000 -3.480910 1.531302
v 12.750000 -3.372945 1.766749
v 12.750000 -3.260860 1.999546
v 12.750000 -3.148883 2.233896
v 12.750000 -3.031047 2.468118
v 12.750000 -2.894408 2.692467
v 12.750000 -2.727580 2.892884
v 12.750000 -2.528460 3.058918
v 12.750000 -2.305701 3.190315
v 12.750000 -2.073230 3.297186
v 12.750000 -1.842149 3.393152
v 12.750000 -1.615860 3.486308
v 12.750000 -1.391230 3.574706
v 12.750000 -1.163811 3.649847
v 12.750000 -0.932355 3.705408
v 12.750000 -0.699163 3.744215
v 12.750000 -0.466806 3.777523
v 12.750000 -0.234862 3.816572
v 12.750000 0.000000 3.862585
v 12.750000 0.240529 3.903033
v 12.750000 0.485258 3.917677
v 12.750000 0.728299 3.890691
v 12.750000 0.963197 3.820509
v 12.750000 1.187806 3.720533
v 12.750000 1.405983 3.610324
v 12.750000 1.624360 3.503543
v 12.750000 1.846630 3.400913
v 12.750000 2.070015 3.292373
v 12.750000 2.286951 3.165879
v 12.750000 2.490706 3.015867
v 12.750000 2.680200 2.845505
v 12.750000 2.859758 2.662080
v 12.750000 3.033644 2.470111
v 12.750000 3.199771 2.267897
v 12.750000 3.348100 2.049914
v 12.750000 3.465792 1.812536
v 12.750000 3.545795 1.558178
v 12.750000 3.592469 1.294624
v 12.750000 3.619745 1.030413
v 12.750000 3.642814 0.770208
v 12.750000 3.669294 0.513586
v 12.750000 3.696428 0.257566
v 12.750000 3.727077 0.000000
v 12.750000 -3.727077 -0.000000
v 12.750000 -3.416487 -0.009676
v 12.750000 -3.105897 0.010793
v 12.750000 -2.795308 0.038402
v 12.750000 -2.484718 0.054906
v 12.750000 -2.174128 0.057228
v 12.750000 -1.863538 0.052866
v 12.750000 -1.552949 0.049369
v 12.750000 -1.242359 0.047844
v 12.750000 -0.931769 0.044221
v 12.750000 -0.621179 0.035311
v 12.750000 -0.310590 0.023578
v 12.750000 0.000000 0.016259
v 12.750000 0.310590 0.019260
v 12.750000 0.621179 0.030862
v 12.750000 0.931769 0.040801
v 12.750000 1.242359 0.036339
v 12.750000 1.552949 0.011437
v 12.750000 1.863538 -0.027503
v 12.750000 2.174128 -0.063929
v 12.750000 2.484718 -0.080868
v 12.750000 2.795308 -0.072028
v 12.750000 3.105897 -0.045958
v 12.750000 3.416487 -0.018729
v 12.750000 3.727077 -0.000000
v 13.000000 -3.730310 0.000000
v 13.000000 -3.777559 0.261289
v 13.000000 -3.777702 0.524675
v 13.000000 -3.742139 0.785207
v 13.000000 -3.671070 1.037854
v 13.000000 -3.575035 1.280867
v 13.000000 -3.469054 1.517059
v 13.000000 -3.363262 1.751187
v 13.000000 -3.257134 1.985202
v 13.000000 -3.141353 2.215315
v 13.000000 -3.005537 2.433697
v 13.000000 -2.845828 2.633784
v 13.000000 -2.666812 2.814872
v 13.000000 -2.476948 2.981845
v 13.000000 -2.281716 3.139710
v 13.000000 -2.080119 3.287219
v 13.000000 -1.867098 3.415245
v 13.000000 -1.639459 3.512290
v 13.000000 -1.400178 3.573780
v 13.000000 -1.157503 3.608170
v 13.000000 -0.919661 3.634477
v 13.000000 -0.689536 3.671899
v 13.000000 -0.463498 3.728218
v 13.000000 -0.235044 3.795026
v 13.000000 0.000000 3.853210
v 13.000000 0.240933 3.884875
v 13.000000 0.483926 3.883378
v 13.000000 0.725898 3.854700
v 13.000000 0.966679 3.809949
v 13.000000 1.207415 3.755207
v 13.000000 1.446886 3.686542
v 13.000000 1.679612 3.593711
v 13.000000 1.898279 3.469252
v 13.000000 2.099132 3.315674
v 13.000000 2.285872 3.145125
v 13.000000 2.468166 2.971831
v 13.000000 2.654928 2.802989
v 13.000000 2.846951 2.634769
v 13.000000 3.034542 2.455954
v 13.000000 3.202394 2.256101
v 13.000000 3.338507 2.032182
v 13.000000 3.440825 1.789437
v 13.000000 3.516920 1.536886
v 13.000000 3.577340 1.281649
v 13.000000 3.628025 1.026320
v 13.000000 3.667710 0.770403
v 13.000000 3.692130 0.513409
v 13.000000 3.701831 0.256326
v 13.000000 3.730309 0.000000
v 13.000000 -3.730309 -0.000000
v 13.000000 -3.419450 -0.003302
v 13.000000 -3.108591 -0.001898
v 13.000000 -2.797732 0.007332
v 13.000000 -2.486873 0.029011
v 13.000000 -2.176014 0.059860
v 13.000000 -1.865155 0.087271
v 13.000000 -1.554296 0.096841
v 13.000000 -1.243436 0.082245
v 13.000000 -0.932577 0.049967
v 13.000000 -0.621718 0.015605
v 13.000000 -0.310859 -0.005678
v 13.000000 0.000000 -0.008165
v 13.000000 0.310859 0.001974
v 13.000000 0.621718 0.012134
v 13.000000 0.932577 0.012306
v 13.000000 1.243436 0.001032
v 13.000000 1.554296 -0.015548
v 13.000000 1.865155 -0.029932
v 13.000000 2.176014 -0.039221
v 13.000000 2.486873 -0.045615
v 13.000000 2.797732 -0.050839
v 13.000000 3.108591 -0.050022
v 13.000000 3.419450 -0.033526
v 13.000000 3.730309 -0.000000
v 13.250000 -3.738444 0.000000
v 13.250000 -3.794587 0.260306
v 13.250000 -3.786467 0.521640
v 13.250000 -3.747259 0.779966
v 13.250000 -3.686304 1.033631
v 13.250000 -3.610161 1.282476
v 13.250000 -3.518431 1.525232
v 13.250000 -3.405716 1.757931
v 13.250000 -3.268324 1.975618
v 13.250000 -3.109968 2.176517
v 13.250000 -2.941473 2.365006
v 13.250000 -2.774332 2.549926
v 13.250000 -2.612935 2.738305
v 13.250000 -2.451512 2.928715
v 13.250000 -2.278217 3.109692
v 13.250000 -2.083372 3.265407
v 13.250000 -1.865863 3.385316
v 13.250000 -1.633318 3.471057
v 13.250000 -1.396550 3.535373
v 13.250000 -1.162858 3.593560
v 13.250000 -0.933072 3.653529
v 13.250000 -0.703731 3.711786
v 13.250000 -0.471630 3.758168
v 13.250000 -0.236520 3.785513
v 13.250000 0.000000 3.796548
v 13.250000 0.237622 3.802324
v 13.250000 0.478861 3.813092
v 13.250000 0.726935 3.828444
v 13.250000 0.981552 3.834462
v 13.250000 1.236509 3.810529
v 13.250000 1.481877 3.741372
v 13.250000 1.709729 3.626002
v 13.250000 1.919107 3.477538
v 13.250000 2.116123 3.314422
v 13.250000 2.308759 3.149495
v 13.250000 2.500293 2.984339
v 13.250000 2.686528 2.811898
v 13.250000 2.859076 2.624245
v 13.250000 3.012068 2.419175
v 13.250000 3.146714 2.201070
v 13.250000 3.269804 1.976472
v 13.250000 3.387127 1.748764
v 13.250000 3.497158 1.516420
v 13.250000 3.590439 1.275781
v 13.250000 3.655773 1.025450
v 13.250000 3.688879 0.768353
v 13.250000 3.697073 0.509871
v 13.250000 3.697019 0.253911
v 13.250000 3.738443 0.000000
v 13.250000 -3.738444 0.000000
v 13.250000 -3.426907 -0.002390
v 13.250000 -3.115370 -0.004714
v 13.250000 -2.803833 0.008505
v 13.250000 -2.492296 0.035193
v 13.250000 -2.180759 0.061576
v 13.250000 -1.869222 0.075563
v 13.250000 -1.557685 0.074807
v 13.250000 -1.246148 0.065170
v 13.250000 -0.934611 0.053492
v 13.250000 -0.623074 0.041593
v 13.250000 -0.311537 0.026111
v 13.250000 0.000000 0.003691
v 13.250000 0.311537 -0.023323
v 13.250000 0.623074 -0.046029
v 13.250000 0.934611 -0.054373
v 13.250000 1.246148 -0.044971
v 13.250000 1.557685 -0.025171
v 13.250000 1.869222 -0.009509
v 13.250000 2.180759 -0.010108
v 13.250000 2.492296 -0.027206
v 13.250000 2.803833 -0.047203
v 13.250000 3.115370 -0.051601
v 13.250000 3.426907 -0.032108
v 13.250000 3.738444 -0.000000
v 13.500000 -3.751332 0.000000
v 13.500000 -3.780237 0.256817
v 13.500000 -3.777063 0.515316
v 13.500000 -3.761428 0.775182
v 13.500000 -3.726437 1.034299
v 13.500000 -3.660341 1.286984
v 13.500000 -3.555480 1.525666
v 13.500000 -3.415061 1.745305
v 13.500000 -3.252816 1.947181
v 13.500000 -3.085503 2.138522
v 13.500000 -2.923534 2.327519
v 13.500000 -2.766300 2.517189
v 13.500000 -2.605117 2.702933
v 13.500000 -2.431007 2.876037
v 13.500000 -2.241250 3.030601
v 13.500000 -2.040133 3.168295
v 13.500000 -1.834185 3.296702
v 13.500000 -1.626398 3.422077
v 13.500000 -1.414276 3.542167
v 13.500000 -1.192948 3.645304
v 13.500000 -0.960296 3.717495
v 13.500000 -0.719516 3.752924
v 13.500000 -0.476964 3.760053
v 13.500000 -0.237276 3.758163
v 13.500000 0.000000 3.766000
v 13.500000 0.239366 3.790062
v 13.500000 0.484935 3.820599
v 13.500000 0.736436 3.837991
v 13.500000 0.989059 3.824839
v 13.500000 1.237076 3.775301
v 13.500000 1.477830 3.695600
v 13.500000 1.712347 3.596364
v 13.500000 1.941905 3.483278
v 13.500000 2.163686 3.353205
v 13.500000 2.369895 3.198255
v 13.500000 2.551998 3.014000
v 13.500000 2.707266 2.805083
v 13.500000 2.842317 2.583855
v 13.500000 2.970081 2.363236
v 13.500000 3.101626 2.149294
v 13.500000 3.238500 1.938915
v 13.500000 3.371285 1.723717
v 13.500000 3.485638 1.496736
v 13.500000 3.571505 1.256829
v 13.500000 3.628886 1.008160
v 13.500000 3.666250 0.756250
v 13.500000 3.693478 0.504312
v 13.500000 3.715714 0.252588
v 13.500000 3.751332 0.000000
v 13.500000 -3.751332 0.000000
v 13.500000 -3.438721 0.018782
v 13.500000 -3.126110 0.032504
v 13.500000 -2.813499 0.035421
v 13.500000 -2.500888 0.028305
v 13.500000 -2.188277 0.020507
v 13.500000 -1.875666 0.022960
v 13.500000 -1.563055 0.038885
v 13.500000 -1.250444 0.060116
v 13.500000 -0.937833 0.071833
v 13.500000 -0.625222 0.062312
v 13.500000 -0.312611 0.030994
v 13.500000 0.000000 -0.010683
v 13.500000 0.312611 -0.046309
v 13.500000 0.625222 -0.064440
v 13.500000 0.937833 -0.064520
v 13.500000 1.250444 -0.055044
v 13.500000 1.563055 -0.046035
v 13.500000 1.875666 -0.041843
v 13.500000 2.188277 -0.039596
v 13.500000 2.500888 -0.034011
v 13.500000 2.813499 -0.023993
v 13.500000 3.126110 -0.014138
v 13.500000 3.438721 -0.008077
v 13.500000 3.751332 -0.000000
v 13.750000 -3.768675 0.000000
v 13.750000 -3.786211 0.254283
v 13.750000 -3.789423 0.511105
v 13.750000 -3.773157 0.768789
v 13.750000 -3.726033 1.022614
v 13.750000 -3.644860 1.267351
v 13.750000 -3.536115 1.500527
v 13.750000 -3.410306 1.723177
v 13.750000 -3.274200 1.937162
v 13.750000 -3.127121 2.141479
v 13.750000 -2.963988 2.331331
v 13.750000 -2.782218 2.501657
v 13.750000 -2.586544 2.652732
v 13.750000 -2.387622 2.792936
v 13.750000 -2.195331 2.935272
v 13.750000 -2.011984 3.088976
v 13.750000 -1.830709 3.251945
v 13.750000 -1.640215 3.409979
v 13.750000 -1.432276 3.544299
v 13.750000 -1.206431 3.642667
v 13.750000 -0.968903 3.706408
v 13.750000 -0.727323 3.748303
v 13.750000 -0.485809 3.782887
v 13.750000 -0.244009 3.816263
v 13.750000 0.000000 3.842862
v 13.750000 0.246303 3.851257
v 13.750000 0.492574 3.834275
v 13.750000 0.736687 3.795381
v 13.750000 0.979587 3.746283
v 13.750000 1.225033 3.697466
v 13.750000 1.475599 3.648889
v 13.750000 1.728014 3.588018
v 13.750000 1.972152 3.496931
v 13.750000 2.195439 3.363535
v 13.750000 2.390049 3.189034
v 13.750000 2.557598 2.986757
v 13.750000 2.707570 2.773758
v 13.750000 2.850412 2.561461
v 13.750000 2.990412 2.351606
v 13.750000 3.123721 2.139207
v 13.750000 3.242846 1.919060
v 13.750000 3.343787 1.690373
v 13.750000 3.429878 1.456523
v 13.750000 3.509039 1.221246
v 13.750000 3.586618 0.985258
v 13.750000 3.659743 0.746229
v 13.750000 3.718215 0.501730
v 13.750000 3.752092 0.252047
v 13.750000 3.768674 0.000000
v 13.750000 -3.768675 0.000000
v 13.750000 -3.454618 0.036480
v 13.750000 -3.140562 0.049355
v 13.750000 -2.826506 0.038810
v 13.750000 -2.512450 0.022148
v 13.750000 -2.198393 0.014870
v 13.750000 -1.884337 0.019773
v 13.750000 -1.570281 0.028901
v 13.750000 -1.256225 0.032670
v 13.750000 -0.942169 0.027539
v 13.750000 -0.628112 0.017030
v 13.750000 -0.314056 0.006721
v 13.750000 0.000000 -0.001773
v 13.750000 0.314056 -0.012467
v 13.750000 0.628112 -0.030756
v 13.750000 0.942169 -0.056806
v 13.750000 1.256225 -0.082410
v 13.750000 1.570281 -0.094661
v 13.750000 1.884337 -0.084559
v 13.750000 2.198393 -0.054582
v 13.750000 2.512450 -0.019068
v 13.750000 2.826506 0.004517
v 13.750000 3.140562 0.008448
v 13.750000 3.454618 0.001338
v 13.750000 3.768675 -0.000000
v 14.000000 -3.790029 0.000000
v 14.000000 -3.806612 0.252407
v 14.000000 -3.783621 0.503927
v 14.000000 -3.737554 0.752121
v 14.000000 -3.676130 0.996525
v 14.000000 -3.606606 1.238572
v 14.000000 -3.529365 1.478928
v 14.000000 -3.436155 1.714191
v 14.000000 -3.315351 1.936353
v 14.000000 -3.160714 2.136626
v 14.000000 -2.977125 2.311499
v 14.000000 -2.778882 2.466334
v 14.000000 -2.581646 2.613089
v 14.000000 -2.393801 2.763040
v 14.000000 -2.213179 2.919550
v 14.000000 -2.030857 3.076365
v 14.000000 -1.838517 3.222914
v 14.000000 -1.633669 3.352635
v 14.000000 -1.419356 3.467712
v 14.000000 -1.199660 3.576191
v 14.000000 -0.975463 3.683431
v 14.000000 -0.744138 3.784649
v 14.000000 -0.503028 3.864964
v 14.000000 -0.253228 3.907886
v 14.000000 0.000000 3.906562
v 14.000000 0.250716 3.869567
v 14.000000 0.496657 3.816570
v 14.000000 0.740521 3.766463
v 14.000000 0.986868 3.725993
v 14.000000 1.237136 3.686593
v 14.000000 1.487063 3.631171
v 14.000000 1.728840 3.545623
v 14.000000 1.956282 3.426889
v 14.000000 2.168580 3.282483
v 14.000000 2.369281 3.122986
v 14.000000 2.561174 2.953891
v 14.000000 2.741521 2.772964
v 14.000000 2.902149 2.574436
v 14.000000 3.035089 2.355976
v 14.000000 3.139691 2.122579
v 14.000000 3.225385 1.884411
v 14.000000 3.307210 1.650603
v 14.000000 3.396723 1.423986
v 14.000000 3.494694 1.200582
v 14.000000 3.590917 0.973692
v 14.000000 3.671267 0.738936
v 14.000000 3.726836 0.496451
v 14.000000 3.758849 0.249276
v 14.000000 3.790029 0.000000
v 14.000000 -3.790029 0.000000
v 14.000000 -3.474193 0.026983
v 14.000000 -3.158358 0.046863
v 14.000000 -2.842522 0.059996
v 14.000000 -2.526686 0.062816
v 14.000000 -2.210850 0.050390
v 14.000000 -1.895015 0.023765
v 14.000000 -1.579179 -0.007102
v 14.000000 -1.263343 -0.028183
v 14.000000 -0.947507 -0.030379
v 14.000000 -0.631672 -0.016010
v 14.000000 -0.315836 0.002079
v 14.000000 0.000000 0.008576
v 14.000000 0.315836 -0.004404
v 14.000000 0.631672 -0.032419
v 14.000000 0.947507 -0.062075
v 14.000000 1.263343 -0.079948
v 14.000000 1.579179 -0.080532
v 14.000000 1.895015 -0.067865
v 14.000000 2.210850 -0.050425
v 14.000000 2.526686 -0.033947
v 14.000000 2.842522 -0.018512
v 14.000000 3.158358 -0.002996
v 14.000000 3.474193 0.007315
v 14.000000 3.790029 0.000000
v 14.250000 -3.814828 0.000000
v 14.250000 -3.811590 0.249332
v 14.250000 -3.766763 0.494920
v 14.250000 -3.714534 0.737396
v 14.250000 -3.661998 0.979278
v 14.250000 -3.603933 1.220947
v 14.250000 -3.528204 1.458545
v 14.250000 -3.424974 1.685676
v 14.250000 -3.293504 1.897735
v 14.250000 -3.141884 2.095151
v 14.250000 -2.980496 2.282425
v 14.250000 -2.814653 2.463413
v 14.250000 -2.642139 2.636807
v 14.250000 -2.457138 2.796160
v 14.250000 -2.256916 2.935289
v 14.250000 -2.045575 3.055151
v 14.250000 -1.831828 3.166289
v 14.250000 -1.622673 3.283694
v 14.250000 -1.418145 3.416739
v 14.250000 -1.211275 3.561163
v 14.250000 -0.993186 3.699338
v 14.250000 -0.759216 3.809442
v 14.250000 -0.511482 3.877613
v 14.250000 -0.256428 3.904816
v 14.250000 0.000000 3.903812
v 14.250000 0.255376 3.888765
v 14.250000 0.509853 3.865240
v 14.250000 0.762865 3.827789
v 14.250000 1.011153 3.766390
v 14.250000 1.250357 3.676295
v 14.250000 1.478908 3.563435
v 14.250000 1.700326 3.441159
v 14.250000 1.921045 3.320817
v 14.250000 2.144638 3.203409
v 14.250000 2.366858 3.078568
v 14.250000 2.575925 2.931611
v 14.250000 2.758752 2.753420
v 14.250000 2.909027 2.546177
v 14.250000 3.031255 2.321374
v 14.250000 3.137607 2.092293
v 14.250000 3.239799 1.866729
v 14.250000 3.341989 1.644752
v 14.250000 3.439813 1.421932
v 14.250000 3.525847 1.194440
v 14.250000 3.596697 0.961781
v 14.250000 3.655785 0.725710
v 14.250000 3.709524 0.487384
v 14.250000 3.760264 0.245968
v 14.250000 3.814827 0.000000
v 14.250000 -3.814827 0.000000
v 14.250000 -3.496925 0.021535
v 14.250000 -3.179023 0.053341
v 14.250000 -2.861121 0.074845
v 14.250000 -2.543218 0.071347
v 14.250000 -2.225316 0.045096
v 14.250000 -1.907414 0.010861
v 14.250000 -1.589511 -0.016246
v 14.250000 -1.271609 -0.030064
v 14.250000 -0.953707 -0.034287
v 14.250000 -0.635805 -0.036410
v 14.250000 -0.317902 -0.040491
v 14.250000 0.000000 -0.044417
v 14.250000 0.317902 -0.043329
v 14.250000 0.635805 -0.035760
v 14.250000 0.953707 -0.026812
v 14.250000 1.271609 -0.025124
v 14.250000 1.589511 -0.035571
v 14.250000 1.907414 -0.053451
v 14.250000 2.225316 -0.065471
v 14.250000 2.543218 -0.058471
v 14.250000 2.861121 -0.030805
v 14.250000 3.179023 0.002521
v 14.250000 3.496925 0.017708
v 14.250000 3.814827 0.000000
v 14.500000 -3.842397 0.000000
v 14.500000 -3.835025 0.247386
v 14.500000 -3.797960 0.492079
v 14.500000 -3.746456 0.733361
v 14.500000 -3.677119 0.969553
v 14.500000 -3.587596 1.198291
v 14.500000 -3.481985 1.419030
v 14.500000 -3.369361 1.634708
v 14.500000 -3.256977 1.850032
v 14.500000 -3.143830 2.066879
v 14.500000 -3.020101 2.280411
v 14.500000 -2.873399 2.479836
v 14.500000 -2.697406 2.654436
v 14.500000 -2.496546 2.801077
v 14.500000 -2.283323 2.927473
v 14.500000 -2.070435 3.048097
v 14.500000 -1.863479 3.175014
v 14.500000 -1.659219 3.310062
v 14.500000 -1.449868 3.444149
v 14.500000 -1.229435 3.564255
v 14.500000 -0.997181 3.662831
v 14.500000 -0.756246 3.742304
v 14.500000 -0.509672 3.811094
v 14.500000 -0.257900 3.874163
v 14.500000 0.000000 3.925635
v 14.500000 0.262855 3.949760
v 14.500000 0.525362 3.930270
v 14.500000 0.779991 3.861680
v 14.500000 1.021690 3.754302
v 14.500000 1.251440 3.629080
v 14.500000 1.475340 3.505642
v 14.500000 1.699487 3.391718
v 14.500000 1.924592 3.280864
v 14.500000 2.144735 3.159295
v 14.500000 2.351459 3.016270
v 14.500000 2.539953 2.850573
v 14.500000 2.712204 2.669235
v 14.500000 2.874364 2.480682
v 14.500000 3.030350 2.288276
v 14.500000 3.177066 2.089087
v 14.500000 3.305570 1.878087
v 14.500000 3.407806 1.653667
v 14.500000 3.483814 1.419788
v 14.500000 3.543487 1.183318
v 14.500000 3.600938 0.949140
v 14.500000 3.665188 0.717196
v 14.500000 3.733940 0.483651
v 14.500000 3.795051 0.244766
v 14.500000 3.842396 0.000000
v 14.500000 -3.842396 0.000000
v 14.500000 -3.522197 0.017262
v 14.500000 -3.201997 0.028112
v 14.500000 -2.881797 0.031791
v 14.500000 -2.561598 0.033265
v 14.500000 -2.241398 0.035254
v 14.500000 -1.921198 0.033477
v 14.500000 -1.600999 0.020085
v 14.500000 -1.280799 -0.008421
v 14.500000 -0.960599 -0.045812
v 14.500000 -0.640399 -0.077929
v 14.500000 -0.320200 -0.090852
v 14.500000 0.000000 -0.079913
v 14.500000 0.320200 -0.053062
v 14.500000 0.640399 -0.025942
v 14.500000 0.960599 -0.011992
v 14.500000 1.280799 -0.014501
v 14.500000 1.600999 -0.025907
v 14.500000 1.921198 -0.034291
v 14.500000 2.241398 -0.032026
v 14.500000 2.561598 -0.020270
v 14.500000 2.881797 -0.006272
v 14.500000 3.201997 0.003533
v 14.500000 3.522197 0.006914
v 14.500000 3.842396 0.000000
v 14.750000 -3.871981 0.000000
v 14.750000 -3.884798 0.247198
v 14.750000 -3.845774 0.491487
v 14.750000 -3.772179 0.728185
v 14.750000 -3.673460 0.954917
v 14.750000 -3.565277 1.173755
v 14.750000 -3.461414 1.390318
v 14.750000 -3.365720 1.609576
v 14.750000 -3.270421 1.831413
v 14.750000 -3.162076 2.049757
v 14.750000 -3.030739 2.256455
v 14.750000 -2.875696 2.447062
v 14.750000 -2.704056 2.623779
v 14.750000 -2.524046 2.792766
v 14.750000 -2.338630 2.957693
v 14.750000 -2.144353 3.114854
v 14.750000 -1.935729 3.254460
v 14.750000 -1.711089 3.367923
v 14.750000 -1.474893 3.455820
v 14.750000 -1.234733 3.529902
v 14.750000 -0.995748 3.606522
v 14.750000 -0.757194 3.695323
v 14.750000 -0.513930 3.791125
v 14.750000 -0.261417 3.875167
v 14.750000 0.000000 3.925400
v 14.750000 0.264943 3.928969
v 14.750000 0.526743 3.888448
v 14.750000 0.781577 3.817906
v 14.750000 1.029425 3.732205
v 14.750000 1.271275 3.637550
v 14.750000 1.505581 3.529906
v 14.750000 1.727707 3.401622
v 14.750000 1.933425 3.250471
v 14.750000 2.123613 3.083814
v 14.750000 2.305655 2.914718
v 14.750000 2.489332 2.753182
v 14.750000 2.679557 2.599279
v 14.750000 2.871398 2.443292
v 14.750000 3.051668 2.272514
v 14.750000 3.206595 2.079504
v 14.750000 3.330319 1.865996
v 14.750000 3.428095 1.640336
v 14.750000 3.511904 1.411232
v 14.750000 3.591859 1.182779
v 14.750000 3.669850 0.953950
v 14.750000 3.739945 0.721773
v 14.750000 3.794677 0.484760
v 14.750000 3.831960 0.243735
v 14.750000 3.871981 0.000000
v 14.750000 -3.871981 0.000000
v 14.750000 -3.549316 0.001877
v 14.750000 -3.226651 -0.005235
v 14.750000 -2.903986 -0.000663
v 14.750000 -2.581321 0.015750
v 14.750000 -2.258656 0.029779
v 14.750000 -1.935991 0.027778
v 14.750000 -1.613325 0.007295
v 14.750000 -1.290660 -0.022706
v 14.750000 -0.967995 -0.049504
v 14.750000 -0.645330 -0.065227
v 14.750000 -0.322665 -0.070297
v 14.750000 0.000000 -0.070130
v 14.750000 0.322665 -0.068615
v 14.750000 0.645330 -0.064149
v 14.750000 0.967995 -0.051595
v 14.750000 1.290660 -0.028423
v 14.750000 1.613325 0.000377
v 14.750000 1.935991 0.023372
v 14.750000 2.258656 0.030023
v 14.750000 2.581321 0.019360
v 14.750000 2.903986 0.002581
v 14.750000 3.226651 -0.005123
v 14.750000 3.549316 -0.000034
v 14.750000 3.871981 0.000000
v 15.000000 -3.902773 0.000000
v 15.000000 -3.907758 0.245391
v 15.000000 -3.859583 0.486695
v 15.000000 -3.786479 0.721149
v 15.000000 -3.701715 0.949381
v 15.000000 -3.611887 1.173299
v 15.000000 -3.515039 1.393151
v 15.000000 -3.405243 1.606669
v 15.000000 -3.279818 1.811518
v 15.000000 -3.143091 2.008938
v 15.000000 -3.003550 2.204764
v 15.000000 -2.866672 2.405758
v 15.000000 -2.729335 2.613249
v 15.000000 -2.580513 2.819081
v 15.000000 -2.408041 3.007974
v 15.000000 -2.206522 3.165790
v 15.000000 -1.980614 3.288347
v 15.000000 -1.741553 3.384279
v 15.000000 -1.499879 3.469355
v 15.000000 -1.259832 3.555886
v 15.000000 -1.019086 3.644702
v 15.000000 -0.773070 3.725469
v 15.000000 -0.519729 3.784969
v 15.000000 -0.260915 3.816969
v 15.000000 0.000000 3.826106
v 15.000000 0.261299 3.822833
v 15.000000 0.523472 3.813397
v 15.000000 0.786464 3.792804
v 15.000000 1.046374 3.746542
v 15.000000 1.295260 3.660254
v 15.000000 1.525187 3.530452
v 15.000000 1.733754 3.368464
v 15.000000 1.926549 3.194704
v 15.000000 2.113975 3.027284
v 15.000000 2.304330 2.872816
v 15.000000 2.498232 2.725257
v 15.000000 2.688681 2.572594
v 15.000000 2.866728 2.405807
v 15.000000 3.028227 2.223699
v 15.000000 3.176236 2.031084
v 15.000000 3.317097 1.833041
v 15.000000 3.453439 1.630436
v 15.000000 3.580005 1.420061
v 15.000000 3.686112 1.198495
v 15.000000 3.763192 0.965854
v 15.000000 3.811607 0.726148
v 15.000000 3.841149 0.484268
v 15.000000 3.864605 0.242562
v 15.000000 3.902773 0.000000
v 15.000000 -3.902773 0.000000
v 15.000000 -3.577542 0.006799
v 15.000000 -3.252311 0.003626
v 15.000000 -2.927080 -0.004131
v 15.000000 -2.601849 -0.015988
v 15.000000 -2.276618 -0.027984
v 15.000000 -1.951387 -0.033225
v 15.000000 -1.626155 -0.028316
v 15.000000 -1.300924 -0.017977
v 15.000000 -0.975693 -0.012993
v 15.000000 -0.650462 -0.022597
v 15.000000 -0.325231 -0.046821
v 15.000000 0.000000 -0.074726
v 15.000000 0.325231 -0.090429
v 15.000000 0.650462 -0.083096
v 15.000000 0.975693 -0.053942
v 15.000000 1.300924 -0.015336
v 15.000000 1.626155 0.017169
v 15.000000 1.951387 0.034185
v 15.000000 2.276618 0.036761
v 15.000000 2.601849 0.032922
v 15.000000 2.927080 0.029434
v 15.000000 3.252311 0.025870
v 15.000000 3.577542 0.016779
v 15.000000 3.902773 0.000000
v 15.250000 -3.933940 0.000000
v 15.250000 -3.908377 0.242359
v 15.250000 -3.878341 0.483033
v 15.250000 -3.836026 0.721841
v 15.250000 -3.773889 0.956563
v 15.250000 -3.684005 1.182681
v 15.250000 -3.565621 1.396128
v 15.250000 -3.428242 1.597235
v 15.250000 -3.287172 1.792278
v 15.250000 -3.154352 1.990365
v 15.250000 -3.031009 2.197239
v 15.250000 -2.907384 2.410491
v 15.250000 -2.769521 2.620220
v 15.250000 -2.608016 2.815126
v 15.250000 -2.422536 2.989600
v 15.250000 -2.219555 3.146239
v 15.250000 -2.005965 3.291578
v 15.250000 -1.784028 3.428282
v 15.250000 -1.551374 3.550276
v 15.250000 -1.305296 3.645340
v 15.250000 -1.047122 3.703963
v 15.250000 -0.782720 3.727914
v 15.250000 -0.518830 3.731565
v 15.250000 -0.258548 3.733983
v 15.250000 0.000000 3.746750
v 15.250000 0.260646 3.765992
v 15.250000 0.524468 3.774396
v 15.250000 0.787510 3.751994
v 15.250000 1.042921 3.688284
v 15.250000 1.285653 3.587475
v 15.250000 1.515580 3.463862
v 15.250000 1.736246 3.331389
v 15.250000 1.950373 3.195290
v 15.250000 2.156226 3.051460
v 15.250000 2.348447 2.893044
v 15.250000 2.523145 2.718350
v 15.250000 2.683043 2.533742
v 15.250000 2.837863 2.349522
v 15.250000 2.998611 2.172379
v 15.250000 3.169442 2.000448
v 15.250000 3.343194 1.824622
v 15.250000 3.504386 1.634786
v 15.250000 3.637978 1.426099
v 15.250000 3.737792 1.200939
v 15.250000 3.808646 0.965876
v 15.250000 3.860970 0.726803
v 15.250000 3.902249 0.486181
v 15.250000 3.931648 0.243884
v 15.250000 3.933940 0.000000
v 15.250000 -3.933940 0.000000
v 15.250000 -3.606111 0.019976
v 15.250000 -3.278283 0.008416
v 15.250000 -2.950455 -0.024257
v 15.250000 -2.622626 -0.055408
v 15.250000 -2.294798 -0.067341
v 15.250000 -1.966970 -0.057961
v 15.250000 -1.639142 -0.038801
v 15.250000 -1.311313 -0.024660
v 15.250000 -0.983485 -0.023404
v 15.250000 -0.655657 -0.032425
v 15.250000 -0.327828 -0.042813
v 15.250000 0.000000 -0.047061
v 15.250000 0.327828 -0.044162
v 15.250000 0.655657 -0.038468
v 15.250000 0.983485 -0.033930
v 15.250000 1.311313 -0.029109
v 15.250000 1.639142 -0.017646
v 15.250000 1.966970 0.005643
v 15.250000 2.294798 0.037709
v 15.250000 2.622626 0.065614
v 15.250000 2.950455 0.073680
v 15.250000 3.278283 0.056015
v 15.250000 3.606111 0.024230
v 15.250000 3.933940 0.000000
v 15.500000 -3.964654 0.000000
v 15.500000 -3.927594 0.240877
v 15.500000 -3.911121 0.481877
v 15.500000 -3.873838 0.721183
v 15.500000 -3.806648 0.954489
v 15.500000 -3.712250 1.178793
v 15.500000 -3.601483 1.394938
v 15.500000 -3.485020 1.606692
v 15.500000 -3.366248 1.816969
v 15.500000 -3.240428 2.024587
v 15.500000 -3.100240 2.224839
v 15.500000 -2.942819 2.413923
v 15.500000 -2.772473 2.593526
v 15.500000 -2.597004 2.771048
v 15.500000 -2.420783 2.954053
v 15.500000 -2.240328 3.142468
v 15.500000 -2.046048 3.324694
v 15.500000 -1.828876 3.481622
v 15.500000 -1.586709 3.596849
v 15.500000 -1.325916 3.666383
v 15.500000 -1.057143 3.700863
v 15.500000 -0.789012 3.718426
v 15.500000 -0.524496 3.733042
v 15.500000 -0.262112 3.746533
v 15.500000 0.000000 3.749740
v 15.500000 0.261127 3.731497
v 15.500000 0.518612 3.688341
v 15.500000 0.770920 3.627469
v 15.500000 1.019621 3.560833
v 15.500000 1.267768 3.495084
v 15.500000 1.515650 3.425297
v 15.500000 1.757786 3.337466
v 15.500000 1.984517 3.218120
v 15.500000 2.187920 3.064034
v 15.500000 2.367846 2.885063
v 15.500000 2.533167 2.698256
v 15.500000 2.696649 2.517702
v 15.500000 2.866788 2.347245
v 15.500000 3.042518 2.180547
v 15.500000 3.214654 2.007365
v 15.500000 3.372813 1.820760
v 15.500000 3.512331 1.620160
v 15.500000 3.635781 1.409144
v 15.500000 3.748139 1.190975
v 15.500000 3.849807 0.966053
v 15.500000 3.933540 0.733058
v 15.500000 3.988120 0.492014
v 15.500000 4.005703 0.245996
v 15.500000 3.964654 0.000000
v 15.500000 -3.964654 0.000000
v 15.500000 -3.634266 0.009677
v 15.500000 -3.303878 -0.000786
v 15.500000 -2.973491 -0.018017
v 15.500000 -2.643103 -0.033959
v 15.500000 -2.312715 -0.048747
v 15.500000 -1.982327 -0.064043
v 15.500000 -1.651939 -0.076728
v 15.500000 -1.321551 -0.079287
v 15.500000 -0.991164 -0.066002
v 15.500000 -0.660776 -0.039249
v 15.500000 -0.330388 -0.010281
v 15.500000 0.000000 0.006956
v 15.500000 0.330388 0.005022
v 15.500000 0.660776 -0.011490
v 15.500000 0.991164 -0.028432
v 15.500000 1.321551 -0.031143
v 15.500000 1.651939 -0.013858
v 15.500000 1.982327 0.016849
v 15.500000 2.312715 0.046706
v 15.500000 2.643103 0.063038
v 15.500000 2.973491 0.061953
v 15.500000 3.303878 0.047955
v 15.500000 3.634266 0.026808
v 15.500000 3.964654 0.000000
v 15.750000 -3.994125 0.000000
v 15.750000 -3.942420 0.239511
v 15.750000 -3.908241 0.476834
v 15.750000 -3.861644 0.711787
v 15.750000 -3.806701 0.945255
v 15.750000 -3.746293 1.178863
v 15.750000 -3.676135 1.412186
v 15.750000 -3.585872 1.640623
v 15.750000 -3.466140 1.856777
v 15.750000 -3.316088 2.055290
v 15.750000 -3.145335 2.237690
v 15.750000 -2.968503 2.412888
v 15.750000 -2.796130 2.591917
v 15.750000 -2.628442 2.780033
v 15.750000 -2.456286 2.971974
v 15.750000 -2.268072 3.154281
v 15.750000 -2.057395 3.313405
v 15.750000 -1.825988 3.443721
v 15.750000 -1.580723 3.549385
v 15.750000 -1.327949 3.638538
v 15.750000 -1.070026 3.714433
v 15.750000 -0.806384 3.770717
v 15.750000 -0.537336 3.795142
v 15.750000 -0.266605 3.779419
v 15.750000 0.000000 3.727835
v 15.750000 0.258624 3.657658
v 15.750000 0.510353 3.590190
v 15.750000 0.760146 3.538262
v 15.750000 1.012251 3.498811
v 15.750000 1.265860 3.455630
v 15.750000 1.514790 3.390209
v 15.750000 1.751668 3.293014
v 15.750000 1.973258 3.167675
v 15.750000 2.182393 3.026054
v 15.750000 2.384754 2.878752
v 15.750000 2.583103 2.728333
v 15.750000 2.773962 2.569750
v 15.750000 2.949910 2.396583
v 15.750000 3.105998 2.207506
v 15.750000 3.245052 2.007826
v 15.750000 3.377055 1.805343
v 15.750000 3.512286 1.604335
v 15.750000 3.652991 1.402599
v 15.750000 3.789904 1.193667
v 15.750000 3.906599 0.972023
v 15.750000 3.988751 0.737070
v 15.750000 4.031614 0.493076
v 15.750000 4.039867 0.245898
v 15.750000 3.994125 0.000000
v 15.750000 -3.994125 -0.000000
v 15.750000 -3.661281 -0.000163
v 15.750000 -3.328438 0.007020
v 15.750000 -2.995594 0.006455
v 15.750000 -2.662750 -0.012967
v 15.750000 -2.329906 -0.047228
v 15.750000 -1.997063 -0.080271
v 15.750000 -1.664219 -0.095818
v 15.750000 -1.331375 -0.087836
v 15.750000 -0.998531 -0.062905
v 15.750000 -0.665688 -0.034301
v 15.750000 -0.332844 -0.012841
v 15.750000 0.000000 -0.001046
v 15.750000 0.332844 0.005818
v 15.750000 0.665688 0.013520
v 15.750000 0.998531 0.023052
v 15.750000 1.331375 0.030048
v 15.750000 1.664219 0.029717
v 15.750000 1.997063 0.022800
v 15.750000 2.329906 0.016899
v 15.750000 2.662750 0.020700
v 15.750000 2.995594 0.034515
v 15.750000 3.328438 0.045543
v 15.750000 3.661281 0.035609
v 15.750000 3.994125 0.000000
v 16.000000 -4.021626 0.000000
v 16.000000 -3.941731 0.237592
v 16.000000 -3.900979 0.472137
v 16.000000 -3.868587 0.707576
v 16.000000 -3.839217 0.946550
v 16.000000 -3.799246 1.187625
v 16.000000 -3.733831 1.425116
v 16.000000 -3.635725 1.652531
v 16.000000 -3.508796 1.867073
v 16.000000 -3.363868 2.071292
v 16.000000 -3.210385 2.270156
v 16.000000 -3.050318 2.465740
v 16.000000 -2.878607 2.654127
v 16.000000 -2.689122 2.827675
v 16.000000 -2.480925 2.981345
v 16.000000 -2.259729 3.117963
v 16.000000 -2.033639 3.247436
v 16.000000 -1.806931 3.379370
v 16.000000 -1.577052 3.514045
v 16.000000 -1.337245 3.638781
v 16.000000 -1.082515 3.733358
v 16.000000 -0.814141 3.781603
v 16.000000 -0.539267 3.781396
v 16.000000 -0.266290 3.746019
v 16.000000 0.000000 3.695817
v 16.000000 0.259733 3.645977
v 16.000000 0.515249 3.598957
v 16.000000 0.767362 3.546429
v 16.000000 1.014239 3.478547
v 16.000000 1.253837 3.393069
v 16.000000 1.487308 3.297383
v 16.000000 1.719566 3.202212
v 16.000000 1.955572 3.112219
v 16.000000 2.194920 3.020970
v 16.000000 2.429414 2.914215
v 16.000000 2.646490 2.779063
v 16.000000 2.836771 2.612291
v 16.000000 3.000382 2.421947
v 16.000000 3.147078 2.221580
v 16.000000 3.289659 2.021707
v 16.000000 3.435253 1.824613
v 16.000000 3.580763 1.625427
v 16.000000 3.715632 1.417578
v 16.000000 3.829474 1.197887
v 16.000000 3.918478 0.967788
v 16.000000 3.985636 0.730859
v 16.000000 4.034842 0.489760
v 16.000000 4.063147 0.245550
v 16.000000 4.021626 0.000000
v 16.000000 -4.021626 -0.000000
v 16.000000 -3.686490 -0.007945
v 16.000000 -3.351355 -0.011886
v 16.000000 -3.016219 -0.020667
v 16.000000 -2.681084 -0.032288
v 16.000000 -2.345948 -0.040701
v 16.000000 -2.010813 -0.044288
v 16.000000 -1.675677 -0.047108
v 16.000000 -1.340542 -0.053419
v 16.000000 -1.005406 -0.061659
v 16.000000 -0.670271 -0.063638
v 16.000000 -0.335135 -0.050094
v 16.000000 0.000000 -0.018612
v 16.000000 0.335135 0.022375
v 16.000000 0.670271 0.057206
v 16.000000 1.005406 0.072276
v 16.000000 1.340542 0.064574
v 16.000000 1.675677 0.043435
v 16.000000 2.010813 0.024185
v 16.000000 2.345948 0.017943
v 16.000000 2.681084 0.024523
v 16.000000 3.016219 0.033576
v 16.000000 3.351355 0.033400
v 16.000000 3.686490 0.020332
v 16.000000 4.021626 0.000000
v 16.250000 -4.046519 0.000000
v 16.250000 -3.974320 0.238353
v 16.250000 -3.944530 0.475126
v 16.250000 -3.912573 0.712224
v 16.250000 -3.867936 0.948804
v 16.250000 -3.805661 1.183045
v 16.250000 -3.728155 1.414719
v 16.250000 -3.641100 1.645883
v 16.250000 -3.546373 1.878256
v 16.250000 -3.437989 2.109138
v 16.250000 -3.304781 2.329790
v 16.250000 -3.138080 2.528843
v 16.250000 -2.938596 2.699250
v 16.250000 -2.717120 2.843794
v 16.250000 -2.488396 2.974401
v 16.250000 -2.262587 3.104760
v 16.250000 -2.040427 3.240986
v 16.250000 -1.815085 3.377050
v 16.250000 -1.578687 3.498568
v 16.250000 -1.328258 3.592399
v 16.250000 -1.066968 3.655026
v 16.250000 -0.800713 3.693474
v 16.250000 -0.533685 3.718148
v 16.250000 -0.266829 3.733256
v 16.250000 0.000000 3.732488
v 16.250000 0.264889 3.703663
v 16.250000 0.523283 3.639139
v 16.250000 0.770996 3.544079
v 16.250000 1.008281 3.436002
v 16.250000 1.241000 3.335347
v 16.250000 1.477144 3.253421
v 16.250000 1.720894 3.186048
v 16.250000 1.968883 3.117068
v 16.250000 2.211864 3.028847
v 16.250000 2.440747 2.912304
v 16.250000 2.652339 2.769925
v 16.250000 2.850185 2.610839
v 16.250000 3.039819 2.442670
v 16.250000 3.222353 2.266541
v 16.250000 3.391870 2.078323
v 16.250000 3.539120 1.874069
v 16.250000 3.658785 1.654604
v 16.250000 3.754420 1.425599
v 16.250000 3.836655 1.193566
v 16.250000 3.915445 0.961534
v 16.250000 3.991972 0.728017
v 16.250000 4.056231 0.489832
v 16.250000 4.091496 0.246033
v 16.250000 4.046519 0.000000
v 16.250000 -4.046519 -0.000000
v 16.250000 -3.709309 -0.030452
v 16.250000 -3.372099 -0.052169
v 16.250000 -3.034889 -0.051488
v 16.250000 -2.697679 -0.032755
v 16.250000 -2.360469 -0.012933
v 16.250000 -2.023260 -0.007664
v 16.250000 -1.686050 -0.020358
v 16.250000 -1.348840 -0.041167
v 16.250000 -1.011630 -0.054820
v 16.250000 -0.674420 -0.050962
v 16.250000 -0.337210 -0.030031
v 16.250000 0.000000 -0.001353
v 16.250000 0.337210 0.024328
v 16.250000 0.674420 0.041887
v 16.250000 1.011630 0.053246
v 16.250000 1.348840 0.062800
v 16.250000 1.686050 0.071292
v 16.250000 2.023260 0.073731
v 16.250000 2.360469 0.063635
v 16.250000 2.697679 0.040516
v 16.250000 3.034889 0.013804
v 16.250000 3.372099 -0.002512
v 16.250000 3.709309 -0.002980
v 16.250000 4.046519 0.000000
v 16.500000 -4.068279 0.000000
v 16.500000 -4.034429 0.241433
v 16.500000 -3.996687 0.480277
v 16.500000 -3.939550 0.715026
v 16.500000 -3.871441 0.946341
v 16.500000 -3.803560 1.178107
v 16.500000 -3.740721 1.414895
v 16.500000 -3.676417 1.657486
v 16.500000 -3.595733 1.900183
v 16.500000 -3.484183 2.132702
v 16.500000 -3.336173 2.345877
v 16.500000 -3.157237 2.536978
v 16.500000 -2.958944 2.710304
v 16.500000 -2.750783 2.872298
v 16.500000 -2.535181 3.024946
v 16.500000 -2.308828 3.163035
v 16.500000 -2.068385 3.278029
v 16.500000 -1.815401 3.365903
v 16.500000 -1.556404 3.432629
v 16.500000 -1.298449 3.492138
v 16.500000 -1.044166 3.557233
v 16.500000 -0.790578 3.629630
v 16.500000 -0.532575 3.696684
v 16.500000 -0.267996 3.737953
v 16.500000 0.000000 3.737621
v 16.500000 0.265139 3.694357
v 16.500000 0.522720 3.621828
v 16.500000 0.772684 3.539673
v 16.500000 1.018511 3.461486
v 16.500000 1.263150 3.388152
v 16.500000 1.505866 3.310618
v 16.500000 1.743002 3.219092
v 16.500000 1.972096 3.111251
v 16.500000 2.195448 2.993351
v 16.500000 2.419329 2.873964
v 16.500000 2.648568 2.755744
v 16.500000 2.880496 2.631856
v 16.500000 3.103442 2.489800
v 16.500000 3.301896 2.319576
v 16.500000 3.465283 2.120073
v 16.500000 3.594141 1.899263
v 16.500000 3.699072 1.668659
v 16.500000 3.793087 1.436585
v 16.500000 3.882875 1.205031
v 16.500000 3.965273 0.971483
v 16.500000 4.031082 0.733233
v 16.500000 4.072670 0.490280
v 16.500000 4.088750 0.244993
v 16.500000 4.068279 0.000000
v 16.500000 -4.068279 -0.000000
v 16.500000 -3.729256 -0.034313
v 16.500000 -3.390233 -0.052561
v 16.500000 -3.051209 -0.052891
v 16.500000 -2.712186 -0.045567
v 16.500000 -2.373163 -0.038142
v 16.500000 -2.034140 -0.030387
v 16.500000 -1.695116 -0.018957
v 16.500000 -1.356093 -0.004099
v 16.500000 -1.017070 0.008452
v 16.500000 -0.678047 0.011850
v 16.500000 -0.339023 0.004813
v 16.500000 0.000000 -0.005304
v 16.500000 0.339023 -0.006303
v 16.500000 0.678047 0.010316
v 16.500000 1.017070 0.042279
v 16.500000 1.356093 0.076435
v 16.500000 1.695116 0.096225
v 16.500000 2.034140 0.091880
v 16.500000 2.373163 0.066509
v 16.500000 2.712186 0.033806
v 16.500000 3.051209 0.008658
v 16.500000 3.390233 -0.002520
v 16.500000 3.729256 -0.003538
v 16.500000 4.068279 -0.000000
v 16.750000 -4.086511 0.000000
v 16.750000 -4.071503 0.243513
v 16.750000 -4.030626 0.484047
v 16.750000 -3.977610 0.721553
v 16.750000 -3.921565 0.958388
v 16.750000 -3.862446 1.196378
v 16.750000 -3.792264 1.434199
v 16.750000 -3.702078 1.667776
v 16.750000 -3.588928 1.893581
v 16.750000 -3.457242 2.111730
v 16.750000 -3.313860 2.325501
v 16.750000 -3.161073 2.536816
v 16.750000 -2.993561 2.741140
v 16.750000 -2.801954 2.926628
v 16.750000 -2.580333 3.079547
v 16.750000 -2.331844 3.193036
v 16.750000 -2.068082 3.272872
v 16.750000 -1.802714 3.335380
v 16.750000 -1.544131 3.398060
v 16.750000 -1.292336 3.469068
v 16.750000 -1.041718 3.542933
v 16.750000 -0.786831 3.605551
v 16.750000 -0.526437 3.644762
v 16.750000 -0.263149 3.658663
v 16.750000 0.000000 3.655571
v 16.750000 0.262316 3.645956
v 16.750000 0.524861 3.632789
v 16.750000 0.787319 3.608005
v 16.750000 1.045762 3.558025
v 16.750000 1.294124 3.474335
v 16.750000 1.528826 3.361110
v 16.750000 1.752731 3.234025
v 16.750000 1.974556 3.110880
v 16.750000 2.203292 3.000645
v 16.750000 2.441404 2.898492
v 16.750000 2.682003 2.789850
v 16.750000 2.912443 2.660023
v 16.750000 3.121853 2.502421
v 16.750000 3.306962 2.320208
v 16.750000 3.471854 2.121493
v 16.750000 3.622073 1.912717
v 16.750000 3.758079 1.695393
v 16.750000 3.873557 1.467871
v 16.750000 3.960186 1.229556
v 16.750000 4.015065 0.983441
v 16.750000 4.044597 0.734878
v 16.750000 4.061223 0.488075
v 16.750000 4.074945 0.243739
v 16.750000 4.086511 0.000000
v 16.750000 -4.086511 -0.000000
v 16.750000 -3.745969 -0.017624
v 16.750000 -3.405426 -0.042581
v 16.750000 -3.064883 -0.068682
v 16.750000 -2.724341 -0.081257
v 16.750000 -2.383798 -0.069552
v 16.750000 -2.043256 -0.036116
v 16.750000 -1.702713 0.004195
v 16.750000 -1.362170 0.033746
v 16.750000 -1.021628 0.042809
v 16.750000 -0.681085 0.034396
v 16.750000 -0.340543 0.020668
v 16.750000 0.000000 0.014005
v 16.750000 0.340543 0.019169
v 16.750000 0.681085 0.031847
v 16.750000 1.021628 0.043819
v 16.750000 1.362170 0.050005
v 16.750000 1.702713 0.051584
v 16.750000 2.043256 0.052925
v 16.750000 2.383798 0.055314
v 16.750000 2.724341 0.053562
v 16.750000 3.064883 0.040099
v 16.750000 3.405426 0.015107
v 16.750000 3.745969 -0.006185
v 16.750000 4.086511 -0.000000
v 17.000000 -4.100962 0.000000
v 17.000000 -4.100757 0.245565
v 17.000000 -4.088009 0.491869
v 17.000000 -4.059260 0.738195
v 17.000000 -4.006318 0.981628
v 17.000000 -3.923872 1.217888
v 17.000000 -3.815264 1.444510
v 17.000000 -3.691942 1.663685
v 17.000000 -3.566370 1.881582
v 17.000000 -3.443407 2.103625
v 17.000000 -3.316621 2.328868
v 17.000000 -3.172382 2.548086
v 17.000000 -2.998810 2.747839
v 17.000000 -2.793161 2.918142
v 17.000000 -2.562685 3.058175
v 17.000000 -2.319024 3.175554
v 17.000000 -2.070886 3.279506
v 17.000000 -1.820453 3.373190
v 17.000000 -1.565444 3.451408
v 17.000000 -1.304170 3.505871
v 17.000000 -1.038825 3.534117
v 17.000000 -0.774356 3.544845
v 17.000000 -0.514309 3.554675
v 17.000000 -0.257714 3.577794
v 17.000000 0.000000 3.615622
v 17.000000 0.262724 3.654228
v 17.000000 0.529737 3.671861
v 17.000000 0.795626 3.651775
v 17.000000 1.054234 3.591624
v 17.000000 1.303278 3.503243
v 17.000000 1.545609 3.403522
v 17.000000 1.785961 3.303247
v 17.000000 2.025965 3.201699
v 17.000000 2.261893 3.090051
v 17.000000 2.487345 2.959990
v 17.000000 2.698795 2.810539
v 17.000000 2.899100 2.648130
v 17.000000 3.095425 2.480596
v 17.000000 3.292511 2.310368
v 17.000000 3.486422 2.132366
v 17.000000 3.664076 1.937993
v 17.000000 3.809770 1.721791
v 17.000000 3.914437 1.485589
v 17.000000 3.981054 1.237299
v 17.000000 4.022220 0.985889
v 17.000000 4.051748 0.736700
v 17.000000 4.076484 0.490352
v 17.000000 4.094290 0.245141
v 17.000000 4.100962 0.000000
v 17.000000 -4.100962 -0.000000
v 17.000000 -3.759215 -0.015423
v 17.000000 -3.417468 -0.039521
v 17.000000 -3.075721 -0.056960
v 17.000000 -2.733974 -0.057835
v 17.000000 -2.392228 -0.044753
v 17.000000 -2.050481 -0.026692
v 17.000000 -1.708734 -0.009721
v 17.000000 -1.366987 0.006697
v 17.000000 -1.025240 0.026167
v 17.000000 -0.683494 0.048972
v 17.000000 -0.341747 0.068909
v 17.000000 0.000000 0.076460
v 17.000000 0.341747 0.066162
v 17.000000 0.683494 0.042306
v 17.000000 1.025240 0.017922
v 17.000000 1.366987 0.006999
v 17.000000 1.708734 0.015119
v 17.000000 2.050481 0.035137
v 17.000000 2.392228 0.051387
v 17.000000 2.733974 0.050250
v 17.000000 3.075721 0.030230
v 17.000000 3.417468 0.004003
v 17.000000 3.759215 -0.010028
v 17.000000 4.100962 -0.000000
v 17.250000 -4.111527 0.000000
v 17.250000 -4.140220 0.248724
v 17.250000 -4.142894 0.500239
v 17.250000 -4.111679 0.750330
v 17.250000 -4.044183 0.994041
v 17.250000 -3.949156 1.229286
v 17.250000 -3.839769 1.458012
v 17.250000 -3.724587 1.683658
v 17.250000 -3.602793 1.906990
v 17.250000 -3.466805 2.124125
v 17.250000 -3.309680 2.328874
v 17.250000 -3.131199 2.517744
v 17.250000 -2.937958 2.693181
v 17.250000 -2.737764 2.861559
v 17.250000 -2.533206 3.026705
v 17.250000 -2.319740 3.183909
v 17.250000 -2.089805 3.319860
v 17.250000 -1.839606 3.419884
v 17.250000 -1.573134 3.478066
v 17.250000 -1.300364 3.502953
v 17.250000 -1.031191 3.514087
v 17.250000 -0.769906 3.531062
v 17.250000 -0.514181 3.562384
v 17.250000 -0.258712 3.601759
v 17.250000 0.000000 3.634173
v 17.250000 0.261680 3.647047
v 17.250000 0.524162 3.638200
v 17.250000 0.786609 3.615033
v 17.250000 1.050488 3.586102
v 17.250000 1.317023 3.552028
v 17.250000 1.583462 3.503000
v 17.250000 1.842090 3.424922
v 17.250000 2.083877 3.309591
v 17.250000 2.304579 3.161219
v 17.250000 2.508461 2.994458
v 17.250000 2.706068 2.825417
v 17.250000 2.906957 2.662180
v 17.250000 3.112442 2.501295
v 17.250000 3.313796 2.332032
v 17.250000 3.497404 2.144571
v 17.250000 3.653110 1.936041
v 17.250000 3.779559 1.710767
v 17.250000 3.882721 1.475803
v 17.250000 3.969197 1.236089
v 17.250000 4.040011 0.992923
v 17.250000 4.090101 0.746038
v 17.250000 4.114058 0.496442
v 17.250000 4.113748 0.246989
v 17.250000 4.111527 0.000000
v 17.250000 -4.111527 -0.000000
v 17.250000 -3.768900 -0.012479
v 17.250000 -3.426272 -0.009246
v 17.250000 -3.083645 -0.005030
v 17.250000 -2.741018 -0.011205
v 17.250000 -2.398391 -0.026410
v 17.250000 -2.055763 -0.038069
v 17.250000 -1.713136 -0.032580
v 17.250000 -1.370509 -0.005757
v 17.250000 -1.027882 0.033713
v 17.250000 -0.685254 0.069532
v 17.250000 -0.342627 0.087783
v 17.250000 0.000000 0.084808
v 17.250000 0.342627 0.067852
v 17.250000 0.685254 0.048623
v 17.250000 1.027882 0.034978
v 17.250000 1.370509 0.026948
v 17.250000 1.713136 0.019492
v 17.250000 2.055763 0.008977
v 17.250000 2.398391 -0.002417
v 17.250000 2.741018 -0.008527
v 17.250000 3.083645 -0.006111
v 17.250000 3.426272 -0.000044
v 17.250000 3.768900 0.001145
v 17.250000 4.111527 -0.000000
v 17.500000 -4.118255 0.000000
v 17.500000 -4.147611 0.250159
v 17.500000 -4.139843 0.501733
v 17.500000 -4.108649 0.752562
v 17.500000 -4.059282 1.001847
v 17.500000 -3.993162 1.248895
v 17.500000 -3.905132 1.490647
v 17.500000 -3.787257 1.720989
v 17.500000 -3.636266 1.933581
v 17.500000 -3.458491 2.126643
v 17.500000 -3.267902 2.305662
v 17.500000 -3.078227 2.480869
v 17.500000 -2.894775 2.660272
v 17.500000 -2.711913 2.843006
v 17.500000 -2.517888 3.018270
v 17.500000 -2.303270 3.171341
v 17.500000 -2.066909 3.292785
v 17.500000 -1.815568 3.384171
v 17.500000 -1.558410 3.455942
v 17.500000 -1.301125 3.518955
v 17.500000 -1.044067 3.576175
v 17.500000 -0.784977 3.621080
v 17.500000 -0.523056 3.644203
v 17.500000 -0.260453 3.642819
v 17.500000 0.000000 3.625965
v 17.500000 0.258319 3.610267
v 17.500000 0.518414 3.608943
v 17.500000 0.785113 3.621764
v 17.500000 1.059395 3.633378
v 17.500000 1.335946 3.621534
v 17.500000 1.605527 3.569693
v 17.500000 1.860596 3.475480
v 17.500000 2.099768 3.349699
v 17.500000 2.327398 3.207451
v 17.500000 2.548545 3.058223
v 17.500000 2.763482 2.901810
v 17.500000 2.966473 2.731971
v 17.500000 3.150092 2.543893
v 17.500000 3.311636 2.339220
v 17.500000 3.456144 2.125074
v 17.500000 3.592969 1.908583
v 17.500000 3.728070 1.691801
v 17.500000 3.857952 1.471104
v 17.500000 3.970312 1.241138
v 17.500000 4.051508 0.999764
v 17.500000 4.095672 0.749981
v 17.500000 4.108938 0.497665
v 17.500000 4.106216 0.247446
v 17.500000 4.118254 0.000000
v 17.500000 -4.118254 -0.000000
v 17.500000 -3.775067 -0.005367
v 17.500000 -3.431879 0.004063
v 17.500000 -3.088691 0.007149
v 17.500000 -2.745503 0.001863
v 17.500000 -2.402315 -0.002739
v 17.500000 -2.059127 0.000460
v 17.500000 -1.715939 0.010523
v 17.500000 -1.372751 0.021451
v 17.500000 -1.029564 0.029061
v 17.500000 -0.686376 0.034978
v 17.500000 -0.343188 0.044490
v 17.500000 0.000000 0.060293
v 17.500000 0.343188 0.077665
v 17.500000 0.686376 0.085722
v 17.500000 1.029564 0.074565
v 17.500000 1.372751 0.043252
v 17.500000 1.715939 0.002414
v 17.500000 2.059127 -0.031052
v 17.500000 2.402315 -0.044224
v 17.500000 2.745503 -0.036520
v 17.500000 3.088691 -0.019700
v 17.500000 3.431879 -0.008098
v 17.500000 3.775067 -0.005493
v 17.500000 4.118254 -0.000000
v 17.750000 -4.121338 0.000000
v 17.750000 -4.126718 0.250043
v 17.750000 -4.122277 0.501922
v 17.750000 -4.111605 0.756889
v 17.750000 -4.084615 1.013595
v 17.750000 -4.026677 1.266431
v 17.750000 -3.927990 1.507448
v 17.750000 -3.790196 1.730914
v 17.750000 -3.625462 1.936925
v 17.750000 -3.448805 2.130817
v 17.750000 -3.269347 2.318436
v 17.750000 -3.086721 2.500953
v 17.750000 -2.894629 2.673677
v 17.750000 -2.688077 2.830234
v 17.750000 -2.468339 2.968900
v 17.750000 -2.241982 3.095551
v 17.750000 -2.015295 3.219984
v 17.750000 -1.789082 3.347651
v 17.750000 -1.558173 3.473075
v 17.750000 -1.315937 3.580735
v 17.750000 -1.059941 3.653929
v 17.750000 -0.794143 3.685958
v 17.750000 -0.526007 3.685621
v 17.750000 -0.261156 3.672669
v 17.750000 0.000000 3.665972
v 17.750000 0.261140 3.672425
v 17.750000 0.525808 3.684105
v 17.750000 0.793993 3.685205
v 17.750000 1.062435 3.663236
v 17.750000 1.327999 3.616268
v 17.750000 1.590594 3.551346
v 17.750000 1.852431 3.476109
v 17.750000 2.113810 3.390616
v 17.750000 2.369156 3.285880
v 17.750000 2.607427 3.150163
v 17.750000 2.817715 2.978058
v 17.750000 2.996390 2.775438
v 17.750000 3.150244 2.556662
v 17.750000 3.292647 2.336315
v 17.750000 3.434927 2.121544
v 17.750000 3.579025 1.910114
v 17.750000 3.716693 1.694667
v 17.750000 3.835722 1.469230
v 17.750000 3.928368 1.233060
v 17.750000 3.995671 0.989763
v 17.750000 4.044746 0.743589
v 17.750000 4.081806 0.496594
v 17.750000 4.107167 0.248761
v 17.750000 4.121338 0.000000
v 17.750000 -4.121338 -0.000000
v 17.750000 -3.777893 -0.018450
v 17.750000 -3.434448 -0.018258
v 17.750000 -3.091003 0.000475
v 17.750000 -2.747559 0.029789
v 17.750000 -2.404114 0.054529
v 17.750000 -2.060669 0.061544
v 17.750000 -1.717224 0.048702
v 17.750000 -1.373779 0.026404
v 17.750000 -1.030334 0.010664
v 17.750000 -0.686890 0.012653
v 17.750000 -0.343445 0.031678
v 17.750000 0.000000 0.056122
v 17.750000 0.343445 0.071427
v 17.750000 0.686890 0.069331
v 17.750000 1.030334 0.051897
v 17.750000 1.373779 0.028102
v 17.750000 1.717224 0.006367
v 17.750000 2.060669 -0.010823
v 17.750000 2.404114 -0.026094
v 17.750000 2.747559 -0.041183
v 17.750000 3.091003 -0.051563
v 17.750000 3.434448 -0.048210
v 17.750000 3.777893 -0.027438
v 17.750000 4.121338 -0.000000
v 18.000000 -4.121106 0.000000
v 18.000000 -4.129747 0.251714
v 18.000000 -4.127536 0.505554
v 18.000000 -4.107209 0.760407
v 18.000000 -4.059435 1.012676
v 18.000000 -3.982345 1.258621
v 18.000000 -3.881572 1.496838
v 18.000000 -3.764249 1.728078
v 18.000000 -3.632341 1.952155
v 18.000000 -3.481007 2.164843
v 18.000000 -3.303436 2.358301
v 18.000000 -3.098247 2.525908
v 18.000000 -2.873358 2.668328
v 18.000000 -2.642921 2.795673
v 18.000000 -2.419364 2.922939
v 18.000000 -2.206324 3.060908
v 18.000000 -1.997538 3.208728
v 18.000000 -1.782156 3.353800
v 18.000000 -1.552250 3.479579
v 18.000000 -1.307084 3.575978
v 18.000000 -1.051700 3.644923
v 18.000000 -0.791956 3.697047
v 18.000000 -0.530516 3.742190
v 18.000000 -0.266788 3.781057
v 18.000000 0.000000 3.804572
v 18.000000 0.268128 3.801505
v 18.000000 0.533979 3.768496
v 18.000000 0.795432 3.714521
v 18.000000 1.054659 3.655964
v 18.000000 1.317104 3.605494
v 18.000000 1.586694 3.562732
v 18.000000 1.860904 3.513487
v 18.000000 2.129986 3.438134
v 18.000000 2.381615 3.323249
v 18.000000 2.607849 3.168577
v 18.000000 2.809133 2.985201
v 18.000000 2.992229 2.787199
v 18.000000 3.163703 2.583312
v 18.000000 3.324214 2.374245
v 18.000000 3.468267 2.156331
v 18.000000 3.589661 1.927514
v 18.000000 3.688106 1.690528
v 18.000000 3.771271 1.451150
v 18.000000 3.850080 1.213723
v 18.000000 3.930550 0.978142
v 18.000000 4.008533 0.740779
v 18.000000 4.071824 0.498219
v 18.000000 4.108697 0.250334
v 18.000000 4.121106 0.000000
v 18.000000 -4.121106 -0.000000
v 18.000000 -3.777681 -0.022609
v 18.000000 -3.434255 -0.015529
v 18.000000 -3.090830 0.013192
v 18.000000 -2.747404 0.043382
v 18.000000 -2.403979 0.060399
v 18.000000 -2.060553 0.062880
v 18.000000 -1.717128 0.058395
v 18.000000 -1.373702 0.054190
v 18.000000 -1.030277 0.051333
v 18.000000 -0.686851 0.045849
v 18.000000 -0.343426 0.034565
v 18.000000 0.000000 0.020035
v 18.000000 0.343426 0.009925
v 18.000000 0.686851 0.010963
v 18.000000 1.030277 0.022283
v 18.000000 1.373702 0.033921
v 18.000000 1.717128 0.032522
v 18.000000 2.060553 0.010852
v 18.000000 2.403979 -0.025481
v 18.000000 2.747404 -0.059559
v 18.000000 3.090830 -0.073309
v 18.000000 3.434255 -0.060086
v 18.000000 3.777681 -0.029716
v 18.000000 4.121106 -0.000000
v 18.250000 -4.118010 0.000000
v 18.250000 -4.141231 0.254070
v 18.250000 -4.112488 0.506772
v 18.250000 -4.059356 0.755671
v 18.250000 -3.993096 1.001246
v 18.250000 -3.922166 1.246073
v 18.250000 -3.845913 1.491450
v 18.250000 -3.753921 1.733827
v 18.250000 -3.632548 1.964532
v 18.250000 -3.474281 2.173969
v 18.250000 -3.283186 2.357687
v 18.250000 -3.072611 2.519590
v 18.250000 -2.857063 2.669368
v 18.250000 -2.644272 2.815645
v 18.250000 -2.432903 2.960033
v 18.250000 -2.216752 3.096898
v 18.250000 -1.991371 3.219277
v 18.250000 -1.757726 3.326248
v 18.250000 -1.520451 3.425458
v 18.250000 -1.282900 3.527948
v 18.250000 -1.043658 3.638587
v 18.250000 -0.797587 3.749398
v 18.250000 -0.540397 3.841550
v 18.250000 -0.272694 3.895628
v 18.250000 0.000000 3.903454
v 18.250000 0.271222 3.873181
v 18.250000 0.538077 3.823929
v 18.250000 0.802406 3.773627
v 18.250000 1.067736 3.728450
v 18.250000 1.334816 3.680887
v 18.250000 1.599800 3.617024
v 18.250000 1.856774 3.527099
v 18.250000 2.102360 3.411515
v 18.250000 2.338076 3.278472
v 18.250000 2.567874 3.135930
v 18.250000 2.792491 2.984656
v 18.250000 3.005452 2.817756
v 18.250000 3.194759 2.626711
v 18.250000 3.349951 2.408917
v 18.250000 3.469650 2.170875
v 18.250000 3.563750 1.924812
v 18.250000 3.648071 1.681628
v 18.250000 3.734926 1.445477
v 18.250000 3.826221 1.213504
v 18.250000 3.913861 0.980015
v 18.250000 3.986784 0.741236
v 18.250000 4.039082 0.497108
v 18.250000 4.073521 0.249632
v 18.250000 4.118010 0.000000
v 18.250000 -4.118010 -0.000000
v 18.250000 -3.774842 -0.002696
v 18.250000 -3.431675 -0.001783
v 18.250000 -3.088507 0.000272
v 18.250000 -2.745340 0.008697
v 18.250000 -2.402172 0.029186
v 18.250000 -2.059005 0.059315
v 18.250000 -1.715837 0.087191
v 18.250000 -1.372670 0.098331
v 18.250000 -1.029502 0.085322
v 18.250000 -0.686335 0.053249
v 18.250000 -0.343167 0.017027
v 18.250000 0.000000 -0.007688
v 18.250000 0.343167 -0.013843
v 18.250000 0.686335 -0.006227
v 18.250000 1.029502 0.003280
v 18.250000 1.372670 0.004516
v 18.250000 1.715837 -0.004650
v 18.250000 2.059005 -0.018681
v 18.250000 2.402172 -0.030288
v 18.250000 2.745340 -0.036495
v 18.250000 3.088507 -0.039180
v 18.250000 3.431675 -0.039060
v 18.250000 3.774842 -0.029440
v 18.250000 4.118010 -0.000000
v 18.500000 -4.112599 0.000000
v 18.500000 -4.130184 0.254990
v 18.500000 -4.087354 0.506745
v 18.500000 -4.031345 0.755005
v 18.500000 -3.970247 1.001631
v 18.500000 -3.900275 1.246724
v 18.500000 -3.811784 1.486935
v 18.500000 -3.697882 1.717313
v 18.500000 -3.559783 1.935093
v 18.500000 -3.405223 2.141796
v 18.500000 -3.241738 2.341189
v 18.500000 -3.070555 2.534366
v 18.500000 -2.886142 2.716226
v 18.500000 -2.681689 2.877216
v 18.500000 -2.456027 3.010117
v 18.500000 -2.216315 3.117151
v 18.500000 -1.974296 3.211478
v 18.500000 -1.738964 3.310755
v 18.500000 -1.511210 3.426377
v 18.500000 -1.284258 3.555758
v 18.500000 -1.049143 3.683346
v 18.500000 -0.800757 3.790000
v 18.500000 -0.540099 3.864215
v 18.500000 -0.271817 3.907337
v 18.500000 0.000000 3.929333
v 18.500000 0.273876 3.938760
v 18.500000 0.549395 3.934828
v 18.500000 0.824167 3.907689
v 18.500000 1.092902 3.846657
v 18.500000 1.350161 3.749902
v 18.500000 1.594713 3.627973
v 18.500000 1.831399 3.498193
v 18.500000 2.068022 3.373817
v 18.500000 2.308929 3.255756
v 18.500000 2.550060 3.132662
v 18.500000 2.779714 2.988992
v 18.500000 2.985019 2.815103
v 18.500000 3.159596 2.612453
v 18.500000 3.306766 2.391087
v 18.500000 3.435916 2.162304
v 18.500000 3.554961 1.932309
v 18.500000 3.664842 1.701020
v 18.500000 3.760330 1.465622
v 18.500000 3.836231 1.224984
v 18.500000 3.893682 0.981116
v 18.500000 3.941005 0.737035
v 18.500000 3.988065 0.493674
v 18.500000 4.038804 0.249001
v 18.500000 4.112598 0.000000
v 18.500000 -4.112599 0.000000
v 18.500000 -3.769882 0.008082
v 18.500000 -3.427165 0.001558
v 18.500000 -3.084449 -0.001818
v 18.500000 -2.741732 0.010382
v 18.500000 -2.399016 0.035187
v 18.500000 -2.056299 0.059765
v 18.500000 -1.713583 0.072943
v 18.500000 -1.370866 0.072360
v 18.500000 -1.028150 0.063314
v 18.500000 -0.685433 0.052202
v 18.500000 -0.342717 0.040677
v 18.500000 0.000000 0.025240
v 18.500000 0.342717 0.002250
v 18.500000 0.685433 -0.026212
v 18.500000 1.028150 -0.051099
v 18.500000 1.370866 -0.061557
v 18.500000 1.713583 -0.053020
v 18.500000 2.056299 -0.031990
v 18.500000 2.399016 -0.013116
v 18.500000 2.741732 -0.009281
v 18.500000 3.084449 -0.021018
v 18.500000 3.427165 -0.033942
v 18.500000 3.769882 -0.028975
v 18.500000 4.112599 -0.000000
v 18.750000 -4.105499 0.000000
v 18.750000 -4.129317 0.256533
v 18.750000 -4.101095 0.511747
v 18.750000 -4.048239 0.763137
v 18.750000 -3.968266 1.007430
v 18.750000 -3.862105 1.241629
v 18.750000 -3.738242 1.465832
v 18.750000 -3.609280 1.684437
v 18.750000 -3.483898 1.903510
v 18.750000 -3.360531 2.125521
v 18.750000 -3.227910 2.345468
v 18.750000 -3.072419 2.552126
v 18.750000 -2.887086 2.734465
v 18.750000 -2.675841 2.888935
v 18.750000 -2.450322 3.022084
v 18.750000 -2.222060 3.146083
v 18.750000 -1.995950 3.270165
v 18.750000 -1.769383 3.394373
v 18.750000 -1.536704 3.510522
v 18.750000 -1.294721 3.609741
v 18.750000 -1.044769 3.690648
v 18.750000 -0.790288 3.761353
v 18.750000 -0.532808 3.833087
v 18.750000 -0.270381 3.909835
v 18.750000 0.000000 3.981939
v 18.750000 0.278200 4.029128
v 18.750000 0.558947 4.031633
v 18.750000 0.834172 3.981972
v 18.750000 1.097988 3.889263
v 18.750000 1.350191 3.773150
v 18.750000 1.595204 3.651753
v 18.750000 1.837258 3.532010
v 18.750000 2.075861 3.408575
v 18.750000 2.305512 3.270979
v 18.750000 2.520054 3.112961
v 18.750000 2.717974 2.936979
v 18.750000 2.903878 2.751257
v 18.750000 3.084346 2.562586
v 18.750000 3.261192 2.371006
v 18.750000 3.427721 2.170416
v 18.750000 3.571629 1.954161
v 18.750000 3.683065 1.720823
v 18.750000 3.762059 1.475698
v 18.750000 3.819549 1.227183
v 18.750000 3.870911 0.981344
v 18.750000 3.926477 0.738917
v 18.750000 3.985911 0.496582
v 18.750000 4.040733 0.250727
v 18.750000 4.105499 0.000000
v 18.750000 -4.105499 0.000000
v 18.750000 -3.763374 0.018195
v 18.750000 -3.421249 0.034806
v 18.750000 -3.079124 0.045007
v 18.750000 -2.736999 0.043521
v 18.750000 -2.394875 0.031857
v 18.750000 -2.052750 0.019691
v 18.750000 -1.710625 0.018285
v 18.750000 -1.368500 0.031630
v 18.750000 -1.026375 0.052381
v 18.750000 -0.684250 0.065798
v 18.750000 -0.342125 0.059182
v 18.750000 0.000000 0.030436
v 18.750000 0.342125 -0.010242
v 18.750000 0.684250 -0.046729
v 18.750000 1.026375 -0.066859
v 18.750000 1.368500 -0.068848
v 18.750000 1.710625 -0.060171
v 18.750000 2.052750 -0.050466
v 18.750000 2.394875 -0.044223
v 18.750000 2.736999 -0.038910
v 18.750000 3.079124 -0.029841
v 18.750000 3.421249 -0.017044
v 18.750000 3.763374 -0.006188
v 18.750000 4.105499 -0.000000
v 19.000000 -4.097388 0.000000
v 19.000000 -4.138776 0.258629
v 19.000000 -4.110132 0.515882
v 19.000000 -4.039806 0.765862
v 19.000000 -3.937517 1.005032
v 19.000000 -3.819421 1.234394
v 19.000000 -3.699849 1.458566
v 19.000000 -3.583619 1.681764
v 19.000000 -3.465012 1.903890
v 19.000000 -3.333847 2.120230
v 19.000000 -3.183739 2.325313
v 19.000000 -3.016262 2.517758
v 19.000000 -2.838309 2.701645
v 19.000000 -2.655389 2.882582
v 19.000000 -2.466608 3.061213
v 19.000000 -2.265397 3.229706
v 19.000000 -2.045209 3.375029
v 19.000000 -1.805402 3.487653
v 19.000000 -1.552515 3.569544
v 19.000000 -1.296039 3.634993
v 19.000000 -1.042143 3.702644
v 19.000000 -0.790315 3.783625
v 19.000000 -0.535239 3.873924
v 19.000000 -0.271963 3.956500
v 19.000000 0.000000 4.011721
v 19.000000 0.276701 4.028786
v 19.000000 0.553184 4.010232
v 19.000000 0.826765 3.966873
v 19.000000 1.097069 3.907631
v 19.000000 1.362998 3.832249
v 19.000000 1.619956 3.732360
v 19.000000 1.860669 3.599724
v 19.000000 2.079828 3.434989
v 19.000000 2.278971 3.250022
v 19.000000 2.467124 3.061887
v 19.000000 2.655637 2.882865
v 19.000000 2.850376 2.713713
v 19.000000 3.046976 2.544694
v 19.000000 3.232978 2.363095
v 19.000000 3.395625 2.161508
v 19.000000 3.529727 1.941253
v 19.000000 3.639874 1.709506
v 19.000000 3.735622 1.473384
v 19.000000 3.823659 1.235832
v 19.000000 3.903196 0.995836
v 19.000000 3.968090 0.751597
v 19.000000 4.013760 0.503195
v 19.000000 4.043541 0.252387
v 19.000000 4.097387 0.000000
v 19.000000 -4.097388 0.000000
v 19.000000 -3.755939 0.033968
v 19.000000 -3.414490 0.062053
v 19.000000 -3.073041 0.065385
v 19.000000 -2.731592 0.047772
v 19.000000 -2.390143 0.026119
v 19.000000 -2.048694 0.014667
v 19.000000 -1.707245 0.015944
v 19.000000 -1.365796 0.022497
v 19.000000 -1.024347 0.025084
v 19.000000 -0.682898 0.019994
v 19.000000 -0.341449 0.010371
v 19.000000 0.000000 0.001557
v 19.000000 0.341449 -0.004942
v 19.000000 0.682898 -0.013394
v 19.000000 1.024347 -0.029774
v 19.000000 1.365796 -0.054947
v 19.000000 1.707245 -0.080980
v 19.000000 2.048694 -0.094386
v 19.000000 2.390143 -0.085040
v 19.000000 2.731592 -0.054795
v 19.000000 3.073041 -0.018654
v 19.000000 3.414490 0.004639
v 19.000000 3.755939 0.007335
v 19.000000 4.097388 0.000000
v 19.250000 -4.088961 0.000000
v 19.250000 -4.109745 0.258011
v 19.250000 -4.072294 0.513465
v 19.250000 -4.008686 0.763504
v 19.250000 -3.928729 1.007762
v 19.250000 -3.835489 1.246163
v 19.250000 -3.725428 1.476679
v 19.250000 -3.594085 1.695614
v 19.250000 -3.442822 1.900901
v 19.250000 -3.280812 2.095707
v 19.250000 -3.120208 2.288523
v 19.250000 -2.967919 2.488315
v 19.250000 -2.820303 2.697531
v 19.250000 -2.664958 2.908263
v 19.250000 -2.488449 3.105263
v 19.250000 -2.284423 3.274515
v 19.250000 -2.056499 3.411596
v 19.250000 -1.814472 3.523665
v 19.250000 -1.567302 3.623392
v 19.250000 -1.318312 3.719211
v 19.250000 -1.065606 3.809185
v 19.250000 -0.806287 3.883187
v 19.250000 -0.540281 3.931701
v 19.250000 -0.270534 3.954298
v 19.250000 0.000000 3.960898
v 19.250000 0.271193 3.964344
v 19.250000 0.545275 3.969631
v 19.250000 0.823151 3.967967
v 19.250000 1.100809 3.940565
v 19.250000 1.369473 3.869925
v 19.250000 1.620111 3.750884
v 19.250000 1.849076 3.593835
v 19.250000 2.060307 3.418191
v 19.250000 2.262043 3.241022
v 19.250000 2.460444 3.068766
v 19.250000 2.655127 2.897053
v 19.250000 2.840266 2.717494
v 19.250000 3.010317 2.525497
v 19.250000 3.165545 2.323311
v 19.250000 3.312463 2.116855
v 19.250000 3.458375 1.909880
v 19.250000 3.604187 1.700595
v 19.250000 3.741447 1.483314
v 19.250000 3.856553 1.253313
v 19.250000 3.939479 1.010642
v 19.250000 3.990633 0.759913
v 19.250000 4.020666 0.506668
v 19.250000 4.043633 0.253678
v 19.250000 4.088961 0.000000
v 19.250000 -4.088961 0.000000
v 19.250000 -3.748214 0.024093
v 19.250000 -3.407468 0.043377
v 19.250000 -3.066721 0.057301
v 19.250000 -2.725974 0.066512
v 19.250000 -2.385227 0.066818
v 19.250000 -2.044481 0.052627
v 19.250000 -1.703734 0.024192
v 19.250000 -1.362987 -0.009225
v 19.250000 -1.022240 -0.033555
v 19.250000 -0.681494 -0.038717
v 19.250000 -0.340747 -0.025685
v 19.250000 0.000000 -0.006514
v 19.250000 0.340747 0.003171
v 19.250000 0.681494 -0.005778
v 19.250000 1.022240 -0.030428
v 19.250000 1.362987 -0.058314
v 19.250000 1.703734 -0.075941
v 19.250000 2.044481 -0.076990
v 19.250000 2.385227 -0.064651
v 19.250000 2.725974 -0.047022
v 19.250000 3.066721 -0.029955
v 19.250000 3.407468 -0.014285
v 19.250000 3.748214 -0.001114
v 19.250000 4.088961 0.000000
v 19.500000 -4.080907 0.000000
v 19.500000 -4.061123 0.255864
v 19.500000 -4.037795 0.510998
v 19.500000 -4.002373 0.765351
v 19.500000 -3.944268 1.016041
v 19.500000 -3.853506 1.257389
v 19.500000 -3.728838 1.484176
v 19.500000 -3.580300 1.695848
v 19.500000 -3.423932 1.897944
v 19.500000 -3.272345 2.098882
v 19.500000 -3.127840 2.304058
v 19.500000 -2.982769 2.511821
v 19.500000 -2.826295 2.714766
v 19.500000 -2.652125 2.905584
v 19.500000 -2.461522 3.082785
v 19.500000 -2.260053 3.251264
v 19.500000 -2.051481 3.416673
v 19.500000 -1.834137 3.577800
v 19.500000 -1.602647 3.723410
v 19.500000 -1.353224 3.837112
v 19.500000 -1.087879 3.907668
v 19.500000 -0.813984 3.937478
v 19.500000 -0.539643 3.942618
v 19.500000 -0.268792 3.943589
v 19.500000 0.000000 3.952755
v 19.500000 0.270330 3.967047
v 19.500000 0.543364 3.970881
v 19.500000 0.815877 3.946993
v 19.500000 1.082432 3.887340
v 19.500000 1.339467 3.796587
v 19.500000 1.587325 3.686421
v 19.500000 1.828182 3.565725
v 19.500000 2.061675 3.434330
v 19.500000 2.282464 3.284803
v 19.500000 2.482678 3.110356
v 19.500000 2.658037 2.912325
v 19.500000 2.812865 2.701335
v 19.500000 2.959406 2.491333
v 19.500000 3.110950 2.291097
v 19.500000 3.273228 2.099473
v 19.500000 3.440292 1.907390
v 19.500000 3.598034 1.704593
v 19.500000 3.732904 1.485860
v 19.500000 3.839515 1.252640
v 19.500000 3.921762 1.010010
v 19.500000 3.987193 0.762331
v 19.500000 4.039502 0.511223
v 19.500000 4.075131 0.256782
v 19.500000 4.080907 0.000000
v 19.500000 -4.080907 0.000000
v 19.500000 -3.740832 0.008775
v 19.500000 -3.400756 0.031425
v 19.500000 -3.060681 0.061087
v 19.500000 -2.720605 0.079267
v 19.500000 -2.380529 0.073469
v 19.500000 -2.040454 0.046182
v 19.500000 -1.700378 0.011091
v 19.500000 -1.360302 -0.017505
v 19.500000 -1.020227 -0.033292
v 19.500000 -0.680151 -0.039285
v 19.500000 -0.340076 -0.042462
v 19.500000 0.000000 -0.046763
v 19.500000 0.340076 -0.050133
v 19.500000 0.680151 -0.047672
v 19.500000 1.020227 -0.037791
v 19.500000 1.360302 -0.025688
v 19.500000 1.700378 -0.020592
v 19.500000 2.040454 -0.028301
v 19.500000 2.380529 -0.044712
v 19.500000 2.720605 -0.056347
v 19.500000 3.060681 -0.049727
v 19.500000 3.400756 -0.024375
v 19.500000 3.740832 0.001312
v 19.500000 4.080907 0.000000
v 19.750000 -4.073877 0.000000
v 19.750000 -4.037284 0.255059
v 19.750000 -4.016784 0.509744
v 19.750000 -3.976641 0.762491
v 19.750000 -3.909390 1.009692
v 19.750000 -3.817763 1.248978
v 19.750000 -3.710574 1.481042
v 19.750000 -3.595006 1.708221
v 19.750000 -3.471144 1.930992
v 19.750000 -3.332991 2.145838
v 19.750000 -3.174864 2.347190
v 19.750000 -2.997737 2.532583
v 19.750000 -2.810150 2.706808
v 19.750000 -2.622736 2.880777
v 19.750000 -2.440524 3.064606
v 19.750000 -2.258975 3.259278
v 19.750000 -2.066784 3.453206
v 19.750000 -1.853306 3.627056
v 19.750000 -1.615120 3.764223
v 19.750000 -1.357237 3.859899
v 19.750000 -1.088806 3.922313
v 19.750000 -0.817258 3.965294
v 19.750000 -0.545386 3.997723
v 19.750000 -0.272894 4.017726
v 19.750000 0.000000 4.015823
v 19.750000 0.270708 3.984376
v 19.750000 0.535913 3.925762
v 19.750000 0.794852 3.852651
v 19.750000 1.050620 3.779798
v 19.750000 1.307488 3.713343
v 19.750000 1.566000 3.645635
v 19.750000 1.820048 3.559616
v 19.750000 2.059036 3.439787
v 19.750000 2.274199 3.282062
v 19.750000 2.464510 3.095864
v 19.750000 2.637478 2.897587
v 19.750000 2.803920 2.700578
v 19.750000 2.970507 2.508703
v 19.750000 3.135761 2.317185
v 19.750000 3.292492 2.118778
v 19.750000 3.434551 1.909865
v 19.750000 3.562213 1.692049
v 19.750000 3.681599 1.469040
v 19.750000 3.798389 1.242402
v 19.750000 3.910878 1.010091
v 19.750000 4.008286 0.768786
v 19.750000 4.076149 0.517559
v 19.750000 4.104701 0.259478
v 19.750000 4.073878 0.000000
v 19.750000 -4.073878 0.000000
v 19.750000 -3.734388 0.014366
v 19.750000 -3.394898 0.025628
v 19.750000 -3.055408 0.030073
v 19.750000 -2.715918 0.029149
v 19.750000 -2.376429 0.028429
v 19.750000 -2.036939 0.030292
v 19.750000 -1.697449 0.029910
v 19.750000 -1.357959 0.018658
v 19.750000 -1.018469 -0.008084
v 19.750000 -0.678980 -0.045147
v 19.750000 -0.339490 -0.078682
v 19.750000 0.000000 -0.094023
v 19.750000 0.339490 -0.085067
v 19.750000 0.678980 -0.058448
v 19.750000 1.018469 -0.029349
v 19.750000 1.357959 -0.011845
v 19.750000 1.697449 -0.010527
v 19.750000 2.036939 -0.018998
v 19.750000 2.376429 -0.025829
v 19.750000 2.715918 -0.023398
v 19.750000 3.055408 -0.012920
v 19.750000 3.394898 -0.001838
v 19.750000 3.734388 0.003386
v 19.750000 4.073878 0.000000
v 20.000000 -4.068457 0.000000
v 20.000000 -4.014416 0.254015
v 20.000000 -3.968651 0.504314
v 20.000000 -3.912871 0.751163
v 20.000000 -3.853984 0.996645
v 20.000000 -3.794442 1.243296
v 20.000000 -3.727492 1.490710
v 20.000000 -3.640031 1.733500
v 20.000000 -3.521007 1.963256
v 20.000000 -3.369172 2.173876
v 20.000000 -3.194392 2.366406
v 20.000000 -3.011450 2.549192
v 20.000000 -2.830886 2.732460
v 20.000000 -2.653372 2.920937
v 20.000000 -2.471230 3.110137
v 20.000000 -2.275239 3.289399
v 20.000000 -2.061215 3.449581
v 20.000000 -1.831643 3.589364
v 20.000000 -1.592027 3.714894
v 20.000000 -1.345746 3.832630
v 20.000000 -1.091988 3.940900
v 20.000000 -0.828219 4.027216
v 20.000000 -0.554580 4.074444
v 20.000000 -0.276004 4.072104
v 20.000000 0.000000 4.024788
v 20.000000 0.268081 3.951226
v 20.000000 0.528199 3.874064
v 20.000000 0.784439 3.807120
v 20.000000 1.040487 3.748697
v 20.000000 1.295680 3.685142
v 20.000000 1.545076 3.601542
v 20.000000 1.783460 3.491658
v 20.000000 2.009691 3.360340
v 20.000000 2.227311 3.217669
v 20.000000 2.440531 3.070129
v 20.000000 2.648883 2.915819
v 20.000000 2.845404 2.746978
v 20.000000 3.020645 2.557256
v 20.000000 3.169955 2.347654
v 20.000000 3.298359 2.126560
v 20.000000 3.418670 1.904172
v 20.000000 3.543467 1.685880
v 20.000000 3.676441 1.469564
v 20.000000 3.809361 1.248361
v 20.000000 3.926901 1.016183
v 20.000000 4.015699 0.771616
v 20.000000 4.070908 0.517776
v 20.000000 4.095118 0.259304
v 20.000000 4.068458 0.000000
v 20.000000 -4.068457 0.000000
v 20.000000 -3.729419 0.014304
v 20.000000 -3.390381 0.002546
v 20.000000 -3.051343 -0.010430
v 20.000000 -2.712305 -0.008251
v 20.000000 -2.373267 0.007269
v 20.000000 -2.034229 0.021906
v 20.000000 -1.695191 0.022079
v 20.000000 -1.356152 0.004516
v 20.000000 -1.017114 -0.023025
v 20.000000 -0.678076 -0.048520
v 20.000000 -0.339038 -0.064006
v 20.000000 0.000000 -0.069413
v 20.000000 0.339038 -0.069753
v 20.000000 0.678076 -0.068762
v 20.000000 1.017114 -0.064734
v 20.000000 1.356152 -0.052224
v 20.000000 1.695191 -0.028243
v 20.000000 2.034229 0.002367
v 20.000000 2.373267 0.027560
v 20.000000 2.712305 0.035694
v 20.000000 3.051343 0.025246
v 20.000000 3.390381 0.007963
v 20.000000 3.729419 -0.000723
v 20.000000 4.068457 0.000000
v 20.250000 -4.065143 0.000000
v 20.250000 -3.986886 0.252360
v 20.250000 -3.934879 0.500167
v 20.250000 -3.889369 0.746935
v 20.250000 -3.847512 0.995504
v 20.250000 -3.797798 1.245172
v 20.250000 -3.727503 1.491591
v 20.250000 -3.630811 1.729966
v 20.250000 -3.511255 1.958772
v 20.250000 -3.377071 2.180427
v 20.250000 -3.233630 2.397910
v 20.250000 -3.079133 2.610060
v 20.250000 -2.906826 2.810020
v 20.250000 -2.711636 2.989098
v 20.250000 -2.495618 3.143739
v 20.250000 -2.267708 3.280033
v 20.250000 -2.037963 3.411293
v 20.250000 -1.810843 3.549241
v 20.250000 -1.582759 3.694635
v 20.250000 -1.345585 3.834326
v 20.250000 -1.093192 3.947609
v 20.250000 -0.825937 4.017992
v 20.250000 -0.550062 4.042402
v 20.250000 -0.273190 4.031463
v 20.250000 0.000000 4.000940
v 20.250000 0.268560 3.960815
v 20.250000 0.532632 3.910010
v 20.250000 0.790591 3.840295
v 20.250000 1.039133 3.745859
v 20.250000 1.276490 3.630780
v 20.250000 1.505602 3.508362
v 20.250000 1.733637 3.392683
v 20.250000 1.967156 3.288651
v 20.250000 2.206229 3.188023
v 20.250000 2.442367 3.074341
v 20.250000 2.662602 2.933186
v 20.250000 2.857308 2.760502
v 20.250000 3.026144 2.563590
v 20.250000 3.177591 2.354909
v 20.250000 3.322338 2.143855
v 20.250000 3.465471 1.932338
v 20.250000 3.603348 1.716424
v 20.250000 3.727313 1.491513
v 20.250000 3.830946 1.256424
v 20.250000 3.914772 1.013527
v 20.250000 3.984415 0.765841
v 20.250000 4.043482 0.514465
v 20.250000 4.086206 0.258870
v 20.250000 4.065144 0.000000
v 20.250000 -4.065144 0.000000
v 20.250000 -3.726382 0.014019
v 20.250000 -3.387620 0.010612
v 20.250000 -3.048858 0.002386
v 20.250000 -2.710096 -0.008540
v 20.250000 -2.371334 -0.022535
v 20.250000 -2.032572 -0.035744
v 20.250000 -1.693810 -0.041246
v 20.250000 -1.355048 -0.035407
v 20.250000 -1.016286 -0.022678
v 20.250000 -0.677524 -0.014080
v 20.250000 -0.338762 -0.019840
v 20.250000 0.000000 -0.041356
v 20.250000 0.338762 -0.068661
v 20.250000 0.677524 -0.085844
v 20.250000 1.016286 -0.081006
v 20.250000 1.355048 -0.053857
v 20.250000 1.693810 -0.015736
v 20.250000 2.032572 0.017755
v 20.250000 2.371334 0.036249
v 20.250000 2.710096 0.039610
v 20.250000 3.048858 0.034936
v 20.250000 3.387620 0.028162
v 20.250000 3.726382 0.018134
v 20.250000 4.065144 0.000000
v 20.500000 -4.064322 0.000000
v 20.500000 -4.000060 0.253085
v 20.500000 -3.960911 0.503316
v 20.500000 -3.912881 0.751196
v 20.500000 -3.849817 0.995571
v 20.500000 -3.771957 1.235716
v 20.500000 -3.685912 1.473549
v 20.500000 -3.598940 1.713308
v 20.500000 -3.511580 1.957895
v 20.500000 -3.414734 2.204409
v 20.500000 -3.294033 2.442962
v 20.500000 -3.138681 2.660878
v 20.500000 -2.948407 2.850096
v 20.500000 -2.733538 3.012472
v 20.500000 -2.508304 3.158583
v 20.500000 -2.282428 3.300293
v 20.500000 -2.056890 3.442233
v 20.500000 -1.826242 3.578557
v 20.500000 -1.584791 3.697574
v 20.500000 -1.331483 3.790769
v 20.500000 -1.070053 3.859198
v 20.500000 -0.805268 3.911996
v 20.500000 -0.539212 3.957881
v 20.500000 -0.271016 3.996176
v 20.500000 0.000000 4.014679
v 20.500000 0.271056 3.996783
v 20.500000 0.535962 3.933193
v 20.500000 0.788927 3.829840
v 20.500000 1.029018 3.706053
v 20.500000 1.261274 3.583938
v 20.500000 1.493092 3.476194
v 20.500000 1.728564 3.380486
v 20.500000 1.965310 3.283612
v 20.500000 2.196505 3.171700
v 20.500000 2.416431 3.038852
v 20.500000 2.624865 2.888555
v 20.500000 2.826380 2.728068
v 20.500000 3.024873 2.561072
v 20.500000 3.217851 2.384506
v 20.500000 3.395586 2.191615
v 20.500000 3.546569 1.978096
v 20.500000 3.665527 1.746145
v 20.500000 3.757757 1.503308
v 20.500000 3.836028 1.257465
v 20.500000 3.911831 1.012188
v 20.500000 3.987173 0.765974
v 20.500000 4.052723 0.515404
v 20.500000 4.092781 0.259162
v 20.500000 4.064322 0.000000
v 20.500000 -4.064322 0.000000
v 20.500000 -3.725628 0.026160
v 20.500000 -3.386935 0.032072
v 20.500000 -3.048241 0.010799
v 20.500000 -2.709548 -0.026946
v 20.500000 -2.370854 -0.060538
v 20.500000 -2.032161 -0.074058
v 20.500000 -1.693467 -0.065608
v 20.500000 -1.354774 -0.046009
v 20.500000 -1.016080 -0.029730
v 20.500000 -0.677387 -0.025213
v 20.500000 -0.338693 -0.030886
v 20.500000 0.000000 -0.038639
v 20.500000 0.338693 -0.041239
v 20.500000 0.677387 -0.037591
v 20.500000 1.016080 -0.031936
v 20.500000 1.354774 -0.028237
v 20.500000 1.693467 -0.025024
v 20.500000 2.032161 -0.015619
v 20.500000 2.370854 0.005579
v 20.500000 2.709548 0.035345
v 20.500000 3.048241 0.059568
v 20.500000 3.386935 0.061436
v 20.500000 3.725628 0.036224
v 20.500000 4.064322 0.000000
v 20.750000 -4.066251 0.000000
v 20.750000 -4.036899 0.255103
v 20.750000 -3.993328 0.506793
v 20.750000 -3.925787 0.752582
v 20.750000 -3.845285 0.992789
v 20.750000 -3.765305 1.231511
v 20.750000 -3.692253 1.473857
v 20.750000 -3.620895 1.721456
v 20.750000 -3.537786 1.969996
v 20.750000 -3.429996 2.211241
v 20.750000 -3.292692 2.438245
v 20.750000 -3.130304 2.649537
v 20.750000 -2.951142 2.848547
v 20.750000 -2.760259 3.038386
v 20.750000 -2.556264 3.216280
v 20.750000 -2.334254 3.372819
v 20.750000 -2.091930 3.497675
v 20.750000 -1.833588 3.588021
v 20.750000 -1.568649 3.653008
v 20.750000 -1.305984 3.709913
v 20.750000 -1.048689 3.773613
v 20.750000 -0.793408 3.846430
v 20.750000 -0.534451 3.915705
v 20.750000 -0.269125 3.961274
v 20.750000 0.000000 3.967902
v 20.750000 0.267347 3.934140
v 20.750000 0.528653 3.871668
v 20.750000 0.783399 3.796107
v 20.750000 1.033354 3.716382
v 20.750000 1.278977 3.630353
v 20.750000 1.517448 3.529397
v 20.750000 1.744692 3.407757
v 20.750000 1.959932 3.269049
v 20.750000 2.168574 3.124862
v 20.750000 2.380027 2.986602
v 20.750000 2.601115 2.856917
v 20.750000 2.829747 2.727152
v 20.750000 3.053972 2.582596
v 20.750000 3.257849 2.411509
v 20.750000 3.430373 2.211493
v 20.750000 3.571137 1.989251
v 20.750000 3.688708 1.754897
v 20.750000 3.793123 1.515639
v 20.750000 3.888319 1.273268
v 20.750000 3.970131 1.026241
v 20.750000 4.030962 0.773502
v 20.750000 4.066800 0.516466
v 20.750000 4.080245 0.257944
v 20.750000 4.066251 0.000000
v 20.750000 -4.066251 0.000000
v 20.750000 -3.727397 0.016042
v 20.750000 -3.388542 0.013332
v 20.750000 -3.049688 -0.002670
v 20.750000 -2.710834 -0.020925
v 20.750000 -2.371980 -0.036239
v 20.750000 -2.033125 -0.050364
v 20.750000 -1.694271 -0.065549
v 20.750000 -1.355417 -0.078778
v 20.750000 -1.016563 -0.082200
v 20.750000 -0.677708 -0.069292
v 20.750000 -0.338854 -0.041534
v 20.750000 0.000000 -0.009840
v 20.750000 0.338854 0.011239
v 20.750000 0.677708 0.012884
v 20.750000 1.016563 -0.001763
v 20.750000 1.355417 -0.019271
v 20.750000 1.694271 -0.024563
v 20.750000 2.033125 -0.010724
v 20.750000 2.371980 0.016597
v 20.750000 2.710834 0.043151
v 20.750000 3.049688 0.055629
v 20.750000 3.388542 0.049605
v 20.750000 3.727397 0.029312
v 20.750000 4.066251 0.000000
v 21.000000 -4.071051 0.000000
v 21.000000 -4.048988 0.255289
v 21.000000 -4.009468 0.507708
v 21.000000 -3.957253 0.757031
v 21.000000 -3.898528 1.004654
v 21.000000 -3.831849 1.251118
v 21.000000 -3.750343 1.494369
v 21.000000 -3.648595 1.731013
v 21.000000 -3.528096 1.959764
v 21.000000 -3.396537 2.183732
v 21.000000 -3.261372 2.408566
v 21.000000 -3.122831 2.636868
v 21.000000 -2.972143 2.862988
v 21.000000 -2.796703 3.072969
v 21.000000 -2.588535 3.250977
v 21.000000 -2.349864 3.388468
v 21.000000 -2.091894 3.489581
v 21.000000 -1.828049 3.568469
v 21.000000 -1.566810 3.639997
v 21.000000 -1.309109 3.710336
v 21.000000 -1.051256 3.774234
v 21.000000 -0.790136 3.820880
v 21.000000 -0.526182 3.843701
v 21.000000 -0.262203 3.846405
v 21.000000 0.000000 3.840381
v 21.000000 0.261474 3.835286
v 21.000000 0.524389 3.830080
v 21.000000 0.788308 3.811689
v 21.000000 1.048211 3.762871
v 21.000000 1.296743 3.673906
v 21.000000 1.529433 3.549761
v 21.000000 1.748711 3.407588
v 21.000000 1.963017 3.266359
v 21.000000 2.181119 3.135923
v 21.000000 2.405759 3.012778
v 21.000000 2.631557 2.884656
v 21.000000 2.848896 2.739742
v 21.000000 3.050713 2.573622
v 21.000000 3.236699 2.389634
v 21.000000 3.411435 2.193686
v 21.000000 3.577971 1.988559
v 21.000000 3.732266 1.772275
v 21.000000 3.863480 1.541232
v 21.000000 3.960510 1.294792
v 21.000000 4.020009 1.037205
v 21.000000 4.049558 0.775392
v 21.000000 4.063128 0.514772
v 21.000000 4.071681 0.256776
v 21.000000 4.071052 0.000000
v 21.000000 -4.071052 -0.000000
v 21.000000 -3.731797 -0.008566
v 21.000000 -3.392543 -0.006065
v 21.000000 -3.053289 0.003449
v 21.000000 -2.714034 0.004798
v 21.000000 -2.374780 -0.012531
v 21.000000 -2.035526 -0.044967
v 21.000000 -1.696271 -0.077479
v 21.000000 -1.357017 -0.094084
v 21.000000 -1.017763 -0.087880
v 21.000000 -0.678509 -0.064129
v 21.000000 -0.339254 -0.035315
v 21.000000 0.000000 -0.012359
v 21.000000 0.339254 0.001545
v 21.000000 0.678509 0.010436
v 21.000000 1.017763 0.019701
v 21.000000 1.357017 0.030186
v 21.000000 1.696271 0.037335
v 21.000000 2.035526 0.036003
v 21.000000 2.374780 0.026724
v 21.000000 2.714034 0.017347
v 21.000000 3.053289 0.016816
v 21.000000 3.392543 0.024537
v 21.000000 3.731797 0.025373
v 21.000000 4.071052 0.000000
v 21.250000 -4.078699 0.000000
v 21.250000 -4.060336 0.255274
v 21.250000 -4.051476 0.511724
v 21.250000 -4.028367 0.768914
v 21.250000 -3.978866 1.023179
v 21.250000 -3.896487 1.269331
v 21.250000 -3.785401 1.504452
v 21.250000 -3.658635 1.730835
v 21.250000 -3.529900 1.955006
v 21.250000 -3.404755 2.182779
v 21.250000 -3.277421 2.413820
v 21.250000 -3.135361 2.640209
v 21.250000 -2.967999 2.850644
v 21.250000 -2.773154 3.037397
v 21.250000 -2.556938 3.200597
v 21.250000 -2.328051 3.346180
v 21.250000 -2.091527 3.478902
v 21.250000 -1.846800 3.596090
v 21.250000 -1.591011 3.687708
v 21.250000 -1.324134 3.743615
v 21.250000 -1.051230 3.762933
v 21.250000 -0.779920 3.758149
v 21.250000 -0.515344 3.749879
v 21.250000 -0.256976 3.755084
v 21.250000 0.000000 3.776634
v 21.250000 0.260024 3.801589
v 21.250000 0.523199 3.809542
v 21.250000 0.785308 3.785236
v 21.250000 1.041549 3.726805
v 21.250000 1.290448 3.644380
v 21.250000 1.534349 3.550916
v 21.250000 1.775980 3.452482
v 21.250000 2.014285 3.345115
v 21.250000 2.243646 3.219859
v 21.250000 2.457815 3.071419
v 21.250000 2.655620 2.903375
v 21.250000 2.843425 2.726070
v 21.250000 3.031469 2.549099
v 21.250000 3.226035 2.374391
v 21.250000 3.423140 2.195064
v 21.250000 3.608831 2.000577
v 21.250000 3.766437 1.783997
v 21.250000 3.885887 1.546075
v 21.250000 3.968527 1.293786
v 21.250000 4.024236 1.035336
v 21.250000 4.063375 0.775877
v 21.250000 4.089898 0.516782
v 21.250000 4.100499 0.257906
v 21.250000 4.078700 0.000000
v 21.250000 -4.078700 -0.000000
v 21.250000 -3.738808 -0.015144
v 21.250000 -3.398916 -0.018295
v 21.250000 -3.059025 -0.020001
v 21.250000 -2.719133 -0.026616
v 21.250000 -2.379241 -0.035317
v 21.250000 -2.039350 -0.040568
v 21.250000 -1.699458 -0.041388
v 21.250000 -1.359567 -0.042210
v 21.250000 -1.019675 -0.047621
v 21.250000 -0.679783 -0.056342
v 21.250000 -0.339892 -0.060064
v 21.250000 0.000000 -0.048759
v 21.250000 0.339892 -0.018822
v 21.250000 0.679783 0.022294
v 21.250000 1.019675 0.059053
v 21.250000 1.359567 0.076895
v 21.250000 1.699458 0.071252
v 21.250000 2.039350 0.050229
v 21.250000 2.379241 0.028926
v 21.250000 2.719133 0.019026
v 21.250000 3.059025 0.020862
v 21.250000 3.398916 0.024231
v 21.250000 3.738808 0.017955
v 21.250000 4.078700 0.000000
v 21.500000 -4.089026 0.000000
v 21.500000 -4.089194 0.256322
v 21.500000 -4.090557 0.515187
v 21.500000 -4.064842 0.773655
v 21.500000 -4.007632 1.027551
v 21.500000 -3.925234 1.274946
v 21.500000 -3.827431 1.516929
v 21.500000 -3.719376 1.755088
v 21.500000 -3.598405 1.988113
v 21.500000 -3.457767 2.211040
v 21.500000 -3.293771 2.418519
v 21.500000 -3.110287 2.609721
v 21.500000 -2.916817 2.790347
v 21.500000 -2.721660 2.968989
v 21.500000 -2.525669 3.149621
v 21.500000 -2.321590 3.325792
v 21.500000 -2.099572 3.481672
v 21.500000 -1.854629 3.600405
v 21.500000 -1.590484 3.674526
v 21.500000 -1.317238 3.711094
v 21.500000 -1.045083 3.727542
v 21.500000 -0.779008 3.740919
v 21.500000 -0.518100 3.758037
v 21.500000 -0.259022 3.773447
v 21.500000 0.000000 3.776295
v 21.500000 0.258173 3.760491
v 21.500000 0.514437 3.730210
v 21.500000 0.770162 3.696447
v 21.500000 1.028950 3.667334
v 21.500000 1.293041 3.639814
v 21.500000 1.559330 3.599314
v 21.500000 1.818954 3.528063
v 21.500000 2.061785 3.416223
v 21.500000 2.282940 3.267949
v 21.500000 2.486286 3.098295
v 21.500000 2.681787 2.923521
v 21.500000 2.878255 2.751785
v 21.500000 3.076779 2.580335
v 21.500000 3.269811 2.400134
v 21.500000 3.446560 2.203551
v 21.500000 3.600408 1.989269
v 21.500000 3.732465 1.761543
v 21.500000 3.848536 1.525671
v 21.500000 3.952117 1.284072
v 21.500000 4.039425 1.036070
v 21.500000 4.100908 0.780828
v 21.500000 4.128498 0.520182
v 21.500000 4.123070 0.258543
v 21.500000 4.089027 0.000000
v 21.500000 -4.089027 -0.000000
v 21.500000 -3.748274 -0.022901
v 21.500000 -3.407522 -0.052144
v 21.500000 -3.066770 -0.068865
v 21.500000 -2.726018 -0.062648
v 21.500000 -2.385266 -0.039033
v 21.500000 -2.044513 -0.014616
v 21.500000 -1.703761 -0.004810
v 21.500000 -1.363009 -0.013751
v 21.500000 -1.022257 -0.032666
v 21.500000 -0.681504 -0.046682
v 21.500000 -0.340752 -0.044819
v 21.500000 0.000000 -0.026341
v 21.500000 0.340752 0.000415
v 21.500000 0.681504 0.025089
v 21.500000 1.022257 0.042396
v 21.500000 1.363009 0.053906
v 21.500000 1.703761 0.063742
v 21.500000 2.044513 0.072404
v 21.500000 2.385266 0.074482
v 21.500000 2.726018 0.063111
v 21.500000 3.066770 0.038247
v 21.500000 3.407522 0.011004
v 21.500000 3.748274 -0.003081
v 21.500000 4.089027 -0.000000
v 21.750000 -4.101726 0.000000
v 21.750000 -4.097034 0.255981
v 21.750000 -4.083978 0.512614
v 21.750000 -4.058159 0.769775
v 21.750000 -4.022308 1.028100
v 21.750000 -3.973547 1.287145
v 21.750000 -3.902004 1.542816
v 21.750000 -3.796413 1.787297
v 21.750000 -3.652404 2.012753
v 21.750000 -3.476970 2.216608
v 21.750000 -3.285349 2.404100
v 21.750000 -3.092281 2.585312
v 21.750000 -2.903801 2.768088
v 21.750000 -2.715248 2.951850
v 21.750000 -2.516438 3.127220
v 21.750000 -2.299701 3.282165
v 21.750000 -2.064850 3.410212
v 21.750000 -1.817998 3.514402
v 21.750000 -1.566144 3.603689
v 21.750000 -1.312389 3.684432
v 21.750000 -1.055494 3.753769
v 21.750000 -0.793430 3.800601
v 21.750000 -0.527191 3.814129
v 21.750000 -0.261213 3.793822
v 21.750000 0.000000 3.752999
v 21.750000 0.255889 3.712592
v 21.750000 0.510690 3.688794
v 21.750000 0.770040 3.683014
v 21.750000 1.036020 3.681093
v 21.750000 1.304846 3.662211
v 21.750000 1.569243 3.611171
v 21.750000 1.823555 3.525671
v 21.750000 2.067205 3.414291
v 21.750000 2.303429 3.287744
v 21.750000 2.534304 3.150504
v 21.750000 2.756459 2.998841
v 21.750000 2.961617 2.825904
v 21.750000 3.142170 2.629063
v 21.750000 3.297557 2.413467
v 21.750000 3.435996 2.189231
v 21.750000 3.569423 1.964844
v 21.750000 3.704823 1.742130
v 21.750000 3.838327 1.516440
v 21.750000 3.956692 1.281423
v 21.750000 4.045401 1.034288
v 21.750000 4.097613 0.777623
v 21.750000 4.117610 0.517042
v 21.750000 4.116638 0.257266
v 21.750000 4.101726 0.000000
v 21.750000 -4.101726 -0.000000
v 21.750000 -3.759915 -0.028632
v 21.750000 -3.418105 -0.056332
v 21.750000 -3.076294 -0.066502
v 21.750000 -2.734484 -0.061052
v 21.750000 -2.392673 -0.050089
v 21.750000 -2.050863 -0.039998
v 21.750000 -1.709052 -0.029873
v 21.750000 -1.367242 -0.016147
v 21.750000 -1.025431 0.000999
v 21.750000 -0.683621 0.015668
v 21.750000 -0.341810 0.020461
v 21.750000 0.000000 0.013345
v 21.750000 0.341810 0.001262
v 21.750000 0.683621 -0.003209
v 21.750000 1.025431 0.009621
v 21.750000 1.367242 0.038897
v 21.750000 1.709052 0.072252
v 21.750000 2.050863 0.092731
v 21.750000 2.392673 0.089367
v 21.750000 2.734484 0.064370
v 21.750000 3.076294 0.031629
v 21.750000 3.418105 0.006947
v 21.750000 3.759915 -0.002548
v 21.750000 4.101726 -0.000000
v 22.000000 -4.116363 0.000000
v 22.000000 -4.096342 0.255143
v 22.000000 -4.085971 0.511295
v 22.000000 -4.075837 0.770928
v 22.000000 -4.054907 1.033699
v 22.000000 -4.007775 1.294869
v 22.000000 -3.923852 1.547229
v 22.000000 -3.803371 1.785369
v 22.000000 -3.655876 2.008699
v 22.000000 -3.492755 2.220424
v 22.000000 -3.319743 2.423114
v 22.000000 -3.134953 2.614745
v 22.000000 -2.933385 2.789105
v 22.000000 -2.713680 2.940952
v 22.000000 -2.481413 3.071962
v 22.000000 -2.246234 3.192072
v 22.000000 -2.015304 3.313903
v 22.000000 -1.788386 3.443487
v 22.000000 -1.558506 3.574055
v 22.000000 -1.317560 3.688193
v 22.000000 -1.062390 3.767803
v 22.000000 -0.796744 3.805380
v 22.000000 -0.528060 3.808715
v 22.000000 -0.262123 3.795622
v 22.000000 0.000000 3.782376
v 22.000000 0.260711 3.774075
v 22.000000 0.522114 3.763552
v 22.000000 0.783541 3.739003
v 22.000000 1.042640 3.694096
v 22.000000 1.298728 3.632716
v 22.000000 1.554713 3.564897
v 22.000000 1.814968 3.497391
v 22.000000 2.080234 3.426365
v 22.000000 2.343761 3.338031
v 22.000000 2.592613 3.216880
v 22.000000 2.814190 3.055561
v 22.000000 3.003659 2.859379
v 22.000000 3.166722 2.642606
v 22.000000 3.315359 2.419751
v 22.000000 3.459408 2.198142
v 22.000000 3.600128 1.976513
v 22.000000 3.730369 1.749368
v 22.000000 3.840901 1.512869
v 22.000000 3.927694 1.267685
v 22.000000 3.994320 1.017465
v 22.000000 4.047743 0.765339
v 22.000000 4.091166 0.511979
v 22.000000 4.119997 0.256694
v 22.000000 4.116363 0.000000
v 22.000000 -4.116363 -0.000000
v 22.000000 -3.773333 -0.011806
v 22.000000 -3.430302 -0.026474
v 22.000000 -3.087272 -0.048864
v 22.000000 -2.744242 -0.072647
v 22.000000 -2.401212 -0.083734
v 22.000000 -2.058181 -0.071540
v 22.000000 -1.715151 -0.037741
v 22.000000 -1.372121 0.003976
v 22.000000 -1.029091 0.036279
v 22.000000 -0.686060 0.048548
v 22.000000 -0.343030 0.042396
v 22.000000 0.000000 0.029042
v 22.000000 0.343030 0.020853
v 22.000000 0.686060 0.023320
v 22.000000 1.029091 0.033037
v 22.000000 1.372121 0.042375
v 22.000000 1.715151 0.046411
v 22.000000 2.058181 0.046299
v 22.000000 2.401212 0.046399
v 22.000000 2.744242 0.047873
v 22.000000 3.087272 0.045225
v 22.000000 3.430302 0.031293
v 22.000000 3.773333 0.009174
v 22.000000 4.116363 -0.000000
v 22.090000 0.000000 1.550000
s 1
f 1 76 75
f 1 2 76
f 2 77 76
f 2 3 77
f 3 78 77
f 3 4 78
f 4 79 78
f 4 5 79
f 5 80 79
f 5 6 80
f 6 81 80
f 6 7 81
f 7 82 81
f 7 8 82
f 8 83 82
f 8 9 83
f 9 84 83
f 9 10 84
f 10 85 84
f 10 11 85
f 11 86 85
f 11 12 86
f 12 87 86
f 12 13 87
f 13 88 87
f 13 14 88
f 14 89 88
f 14 15 89
f 15 90 89
f 15 16 90
f 16 91 90
f 16 17 91
f 17 92 91
f 17 18 92
f 18 93 92
f 18 19 93
f 19 94 93
f 19 20 94
f 20 95 94
f 20 21 95
f 21 96 95
f 21 22 96
f 22 97 96
f 22 23 97
f 23 98 97
f 23 24 98
f 24 99 98
f 24 25 99
f 25 100 99
f 25 26 100
f 26 101 100
f 26 27 101
f 27 102 101
f 27 28 102
f 28 103 102
f 28 29 103
f 29 104 103
f 29 30 104
f 30 105 104
f 30 31 105
f 31 106 105
f 31 32 106
f 32 107 106
f 32 33 107
f 33 108 107
f 33 34 108
f 34 109 108
f 34 35 109
f 35 110 109
f 35 36 110
f 36 111 110
f 36 37 111
f 37 112 111
f 37 38 112
f 38 113 112
f 38 39 113
f 39 114 113
f 39 40 114
f 40 115 114
f 40 41 115
f 41 116 115
f 41 42 116
f 42 117 116
f 42 43 117
f 43 118 117
f 43 44 118
f 44 119 118
f 44 45 119
f 45 120 119
f 45 46 120
f 46 121 120
f 46 47 121
f 47 122 121
f 47 48 122
f 48 123 122
f 48 49 123
f 50 124 125
f 50 125 51
f 51 125 126
f 51 126 52
f 52 126 127
f 52 127 53
f 53 127 128
f 53 128 54
f 54 128 129
f 54 129 55
f 55 129 130
f 55 130 56
f 56 130 131
f 56 131 57
f 57 131 132
f 57 132 58
f 58 132 133
f 58 133 59
f 59 133 134
f 59 134 60
f 60 134 135
f 60 135 61
f 61 135 136
f 61 136 62
f 62 136 137
f 62 137 63
f 63 137 138
f 63 138 64
f 64 138 139
f 64 139 65
f 65 139 140
f 65 140 66
f 66 140 141
f 66 141 67
f 67 141 142
f 67 142 68
f 68 142 143
f 68 143 69
f 69 143 144
f 69 144 70
f 70 144 145
f 70 145 71
f 71 145 146
f 71 146 72
f 72 146 147
f 72 147 73
f 73 147 148
f 73 148 74
f 75 150 149
f 75 76 150
f 76 151 150
f 76 77 151
f 77 152 151
f 77 78 152
f 78 153 152
f 78 79 153
f 79 154 153
f 79 80 154
f 80 155 154
f 80 81 155
f 81 156 155
f 81 82 156
f 82 157 156
f 82 83 157
f 83 158 157
f 83 84 158
f 84 159 158
f 84 85 159
f 85 160 159
f 85 86 160
f 86 161 160
f 86 87 161
f 87 162 161
f 87 88 162
f 88 163 162
f 88 89 163
f 89 164 163
f 89 90 164
f 90 165 164
f 90 91 165
f 91 166 165
f 91 92 166
f 92 167 166
f 92 93 167
f 93 168 167
f 93 94 168
f 94 169 168
f 94 95 169
f 95 170 169
f 95 96 170
f 96 171 170
f 96 97 171
f 97 172 171
f 97 98 172
f 98 173 172
f 98 99 173
f 99 174 173
f 99 100 174
f 100 175 174
f 100 101 175
f 101 176 175
f 101 102 176
f 102 177 176
f 102 103 177
f 103 178 177
f 103 104 178
f 104 179 178
f 104 105 179
f 105 180 179
f 105 106 180
f 106 181 180
f 106 107 181
f 107 182 181
f 107 108 182
f 108 183 182
f 108 109 183
f 109 184 183
f 109 110 184
f 110 185 184
f 110 111 185
f 111 186 185
f 111 112 186
f 112 187 186
f 112 113 187
f 113 188 187
f 113 114 188
f 114 189 188
f 114 115 189
f 115 190 189
f 115 116 190
f 116 191 190
f 116 117 191
f 117 192 191
f 117 118 192
f 118 193 192
f 118 119 193
f 119 194 193
f 119 120 194
f 120 195 194
f 120 121 195
f 121 196 195
f 121 122 196
f 122 197 196
f 122 123 197
f 124 198 199
f 124 199 125
f 125 199 200
f 125 200 126
f 126 200 201
f 126 201 127
f 127 201 202
f 127 202 128
f 128 202 203
f 128 203 129
f 129 203 204
f 129 204 130
f 130 204 205
f 130 205 131
f 131 205 206
f 131 206 132
f 132 206 207
f 132 207 133
f 133 207 208
f 133 208 134
f 134 208 209
f 134 209 135
f 135 209 210
f 135 210 136
f 136 210 211
f 136 211 137
f 137 211 212
f 137 212 138
f 138 212 213
f 138 213 139
f 139 213 214
f 139 214 140
f 140 214 215
f 140 215 141
f 141 215 216
f 141 216 142
f 142 216 217
f 142 217 143
f 143 217 218
f 143 218 144
f 144 218 219
f 144 219 145
f 145 219 220
f 145 220 146
f 146 220 221
f 146 221 147
f 147 221 222
f 147 222 148
f 149 224 223
f 149 150 224
f 150 225 224
f 150 151 225
f 151 226 225
f 151 152 226
f 152 227 226
f 152 153 227
f 153 228 227
f 153 154 228
f 154 229 228
f 154 155 229
f 155 230 229
f 155 156 230
f 156 231 230
f 156 157 231
f 157 232 231
f 157 158 232
f 158 233 232
f 158 159 233
f 159 234 233
f 159 160 234
f 160 235 234
f 160 161 235
f 161 236 235
f 161 162 236
f 162 237 236
f 162 163 237
f 163 238 237
f 163 164 238
f 164 239 238
f 164 165 239
f 165 240 239
f 165 166 240
f 166 241 240
f 166 167 241
f 167 242 241
f 167 168 242
f 168 243 242
f 168 169 243
f 169 244 243
f 169 170 244
f 170 245 244
f 170 171 245
f 171 246 245
f 171 172 246
f 172 247 246
f 172 173 247
f 173 248 247
f 173 174 248
f 174 249 248
f 174 175 249
f 175 250 249
f 175 176 250
f 176 251 250
f 176 177 251
f 177 252 251
f 177 178 252
f 178 253 252
f 178 179 253
f 179 254 253
f 179 180 254
f 180 255 254
f 180 181 255
f 181 256 255
f 181 182 256
f 182 257 256
f 182 183 257
f 183 258 257
f 183 184 258
f 184 259 258
f 184 185 259
f 185 260 259
f 185 186 260
f 186 261 260
f 186 187 261
f 187 262 261
f 187 188 262
f 188 263 262
f 188 189 263
f 189 264 263
f 189 190 264
f 190 265 264
f 190 191 265
f 191 266 265
f 191 192 266
f 192 267 266
f 192 193 267
f 193 268 267
f 193 194 268
f 194 269 268
f 194 195 269
f 195 270 269
f 195 196 270
f 196 271 270
f 196 197 271
f 198 272 273
f 198 273 199
f 199 273 274
f 199 274 200
f 200 274 275
f 200 275 201
f 201 275 276
f 201 276 202
f 202 276 277
f 202 277 203
f 203 277 278
f 203 278 204
f 204 278 279
f 204 279 205
f 205 279 280
f 205 280 206
f 206 280 281
f 206 281 207
f 207 281 282
f 207 282 208
f 208 282 283
f 208 283 209
f 209 283 284
f 209 284 210
f 210 284 285
f 210 285 211
f 211 285 286
f 211 286 212
f 212 286 287
f 212 287 213
f 213 287 288
f 213 288 214
f 214 288 289
f 214 289 215
f 215 289 290
f 215 290 216
f 216 290 291
f 216 291 217
f 217 291 292
f 217 292 218
f 218 292 293
f 218 293 219
f 219 293 294
f 219 294 220
f 220 294 295
f 220 295 221
f 221 295 296
f 221 296 222
f 223 298 297
f 223 224 298
f 224 299 298
f 224 225 299
f 225 300 299
f 225 226 300
f 226 301 300
f 226 227 301
f 227 302 301
f 227 228 302
f 228 303 302
f 228 229 303
f 229 304 303
f 229 230 304
f 230 305 304
f 230 231 305
f 231 306 305
f 231 232 306
f 232 307 306
f 232 233 307
f 233 308 307
f 233 234 308
f 234 309 308
f 234 235 309
f 235 310 309
f 235 236 310
f 236 311 310
f 236 237 311
f 237 312 311
f 237 238 312
f 238 313 312
f 238 239 313
f 239 314 313
f 239 240 314
f 240 315 314
f 240 241 315
f 241 316 315
f 241 242 316
f 242 317 316
f 242 243 317
f 243 318 317
f 243 244 318
f 244 319 318
f 244 245 319
f 245 320 319
f 245 246 320
f 246 321 320
f 246 247 321
f 247 322 321
f 247 248 322
f 248 323 322
f 248 249 323
f 249 324 323
f 249 250 324
f 250 325 324
f 250 251 325
f 251 326 325
f 251 252 326
f 252 327 326
f 252 253 327
f 253 328 327
f 253 254 328
f 254 329 328
f 254 255 329
f 255 330 329
f 255 256 330
f 256 331 330
f 256 257 331
f 257 332 331
f 257 258 332
f 258 333 332
f 258 259 333
f 259 334 333
f 259 260 334
f 260 335 334
f 260 261 335
f 261 336 335
f 261 262 336
f 262 337 336
f 262 263 337
f 263 338 337
f 263 264 338
f 264 339 338
f 264 265 339
f 265 340 339
f 265 266 340
f 266 341 340
f 266 267 341
f 267 342 341
f 267 268 342
f 268 343 342
f 268 269 343
f 269 344 343
f 269 270 344
f 270 345 344
f 270 271 345
f 272 346 347
f 272 347 273
f 273 347 348
f 273 348 274
f 274 348 349
f 274 349 275
f 275 349 350
f 275 350 276
f 276 350 351
f 276 351 277
f 277 351 352
f 277 352 278
f 278 352 353
f 278 353 279
f 279 353 354
f 279 354 280
f 280 354 355
f 280 355 281
f 281 355 356
f 281 356 282
f 282 356 357
f 282 357 283
f 283 357 358
f 283 358 284
f 284 358 359
f 284 359 285
f 285 359 360
f 285 360 286
f 286 360 361
f 286 361 287
f 287 361 362
f 287 362 288
f 288 362 363
f 288 363 289
f 289 363 364
f 289 364 290
f 290 364 365
f 290 365 291
f 291 365 366
f 291 366 292
f 292 366 367
f 292 367 293
f 293 367 368
f 293 368 294
f 294 368 369
f 294 369 295
f 295 369 370
f 295 370 296
f 297 372 371
f 297 298 372
f 298 373 372
f 298 299 373
f 299 374 373
f 299 300 374
f 300 375 374
f 300 301 375
f 301 376 375
f 301 302 376
f 302 377 376
f 302 303 377
f 303 378 377
f 303 304 378
f 304 379 378
f 304 305 379
f 305 380 379
f 305 306 380
f 306 381 380
f 306 307 381
f 307 382 381
f 307 308 382
f 308 383 382
f 308 309 383
f 309 384 383
f 309 310 384
f 310 385 384
f 310 311 385
f 311 386 385
f 311 312 386
f 312 387 386
f 312 313 387
f 313 388 387
f 313 314 388
f 314 389 388
f 314 315 389
f 315 390 389
f 315 316 390
f 316 391 390
f 316 317 391
f 317 392 391
f 317 318 392
f 318 393 392
f 318 319 393
f 319 394 393
f 319 320 394
f 320 395 394
f 320 321 395
f 321 396 395
f 321 322 396
f 322 397 396
f 322 323 397
f 323 398 397
f 323 324 398
f 324 399 398
f 324 325 399
f 325 400 399
f 325 326 400
f 326 401 400
f 326 327 401
f 327 402 401
f 327 328 402
f 328 403 402
f 328 329 403
f 329 404 403
f 329 330 404
f 330 405 404
f 330 331 405
f 331 406 405
f 331 332 406
f 332 407 406
f 332 333 407
f 333 408 407
f 333 334 408
f 334 409 408
f 334 335 409
f 335 410 409
f 335 336 410
f 336 411 410
f 336 337 411
f 337 412 411
f 337 338 412
f 338 413 412
f 338 339 413
f 339 414 413
f 339 340 414
f 340 415 414
f 340 341 415
f 341 416 415
f 341 342 416
f 342 417 416
f 342 343 417
f 343 418 417
f 343 344 418
f 344 419 418
f 344 345 419
f 346 420 421
f 346 421 347
f 347 421 422
f 347 422 348
f 348 422 423
f 348 423 349
f 349 423 424
f 349 424 350
f 350 424 425
f 350 425 351
f 351 425 426
f 351 426 352
f 352 426 427
f 352 427 353
f 353 427 428
f 353 428 354
f 354 428 429
f 354 429 355
f 355 429 430
f 355 430 356
f 356 430 431
f 356 431 357
f 357 431 432
f 357 432 358
f 358 432 433
f 358 433 359
f 359 433 434
f 359 434 360
f 360 434 435
f 360 435 361
f 361 435 436
f 361 436 362
f 362 436 437
f 362 437 363
f 363 437 438
f 363 438 364
f 364 438 439
f 364 439 365
f 365 439 440
f 365 440 366
f 366 440 441
f 366 441 367
f 367 441 442
f 367 442 368
f 368 442 443
f 368 443 369
f 369 443 444
f 369 444 370
f 371 446 445
f 371 372 446
f 372 447 446
f 372 373 447
f 373 448 447
f 373 374 448
f 374 449 448
f 374 375 449
f 375 450 449
f 375 376 450
f 376 451 450
f 376 377 451
f 377 452 451
f 377 378 452
f 378 453 452
f 378 379 453
f 379 454 453
f 379 380 454
f 380 455 454
f 380 381 455
f 381 456 455
f 381 382 456
f 382 457 456
f 382 383 457
f 383 458 457
f 383 384 458
f 384 459 458
f 384 385 459
f 385 460 459
f 385 386 460
f 386 461 460
f 386 387 461
f 387 462 461
f 387 388 462
f 388 463 462
f 388 389 463
f 389 464 463
f 389 390 464
f 390 465 464
f 390 391 465
f 391 466 465
f 391 392 466
f 392 467 466
f 392 393 467
f 393 468 467
f 393 394 468
f 394 469 468
f 394 395 469
f 395 470 469
f 395 396 470
f 396 471 470
f 396 397 471
f 397 472 471
f 397 398 472
f 398 473 472
f 398 399 473
f 399 474 473
f 399 400 474
f 400 475 474
f 400 401 475
f 401 476 475
f 401 402 476
f 402 477 476
f 402 403 477
f 403 478 477
f 403 404 478
f 404 479 478
f 404 405 479
f 405 480 479
f 405 406 480
f 406 481 480
f 406 407 481
f 407 482 481
f 407 408 482
f 408 483 482
f 408 409 483
f 409 484 483
f 409 410 484
f 410 485 484
f 410 411 485
f 411 486 485
f 411 412 486
f 412 487 486
f 412 413 487
f 413 488 487
f 413 414 488
f 414 489 488
f 414 415 489
f 415 490 489
f 415 416 490
f 416 491 490
f 416 417 491
f 417 492 491
f 417 418 492
f 418 493 492
f 418 419 493
f 420 494 495
f 420 495 421
f 421 495 496
f 421 496 422
f 422 496 497
f 422 497 423
f 423 497 498
f 423 498 424
f 424 498 499
f 424 499 425
f 425 499 500
f 425 500 426
f 426 500 501
f 426 501 427
f 427 501 502
f 427 502 428
f 428 502 503
f 428 503 429
f 429 503 504
f 429 504 430
f 430 504 505
f 430 505 431
f 431 505 506
f 431 506 432
f 432 506 507
f 432 507 433
f 433 507 508
f 433 508 434
f 434 508 509
f 434 509 435
f 435 509 510
f 435 510 436
f 436 510 511
f 436 511 437
f 437 511 512
f 437 512 438
f 438 512 513
f 438 513 439
f 439 513 514
f 439 514 440
f 440 514 515
f 440 515 441
f 441 515 516
f 441 516 442
f 442 516 517
f 442 517 443
f 443 517 518
f 443 518 444
f 445 520 519
f 445 446 520
f 446 521 520
f 446 447 521
f 447 522 521
f 447 448 522
f 448 523 522
f 448 449 523
f 449 524 523
f 449 450 524
f 450 525 524
f 450 451 525
f 451 526 525
f 451 452 526
f 452 527 526
f 452 453 527
f 453 528 527
f 453 454 528
f 454 529 528
f 454 455 529
f 455 530 529
f 455 456 530
f 456 531 530
f 456 457 531
f 457 532 531
f 457 458 532
f 458 533 532
f 458 459 533
f 459 534 533
f 459 460 534
f 460 535 534
f 460 461 535
f 461 536 535
f 461 462 536
f 462 537 536
f 462 463 537
f 463 538 537
f 463 464 538
f 464 539 538
f 464 465 539
f 465 540 539
f 465 466 540
f 466 541 540
f 466 467 541
f 467 542 541
f 467 468 542
f 468 543 542
f 468 469 543
f 469 544 543
f 469 470 544
f 470 545 544
f 470 471 545
f 471 546 545
f 471 472 546
f 472 547 546
f 472 473 547
f 473 548 547
f 473 474 548
f 474 549 548
f 474 475 549
f 475 550 549
f 475 476 550
f 476 551 550
f 476 477 551
f 477 552 551
f 477 478 552
f 478 553 552
f 478 479 553
f 479 554 553
f 479 480 554
f 480 555 554
f 480 481 555
f 481 556 555
f 481 482 556
f 482 557 556
f 482 483 557
f 483 558 557
f 483 484 558
f 484 559 558
f 484 485 559
f 485 560 559
f 485 486 560
f 486 561 560
f 486 487 561
f 487 562 561
f 487 488 562
f 488 563 562
f 488 489 563
f 489 564 563
f 489 490 564
f 490 565 564
f 490 491 565
f 491 566 565
f 491 492 566
f 492 567 566
f 492 493 567
f 494 568 569
f 494 569 495
f 495 569 570
f 495 570 496
f 496 570 571
f 496 571 497
f 497 571 572
f 497 572 498
f 498 572 573
f 498 573 499
f 499 573 574
f 499 574 500
f 500 574 575
f 500 575 501
f 501 575 576
f 501 576 502
f 502 576 577
f 502 577 503
f 503 577 578
f 503 578 504
f 504 578 579
f 504 579 505
f 505 579 580
f 505 580 506
f 506 580 581
f 506 581 507
f 507 581 582
f 507 582 508
f 508 582 583
f 508 583 509
f 509 583 584
f 509 584 510
f 510 584 585
f 510 585 511
f 511 585 586
f 511 586 512
f 512 586 587
f 512 587 513
f 513 587 588
f 513 588 514
f 514 588 589
f 514 589 515
f 515 589 590
f 515 590 516
f 516 590 591
f 516 591 517
f 517 591 592
f 517 592 518
f 519 594 593
f 519 520 594
f 520 595 594
f 520 521 595
f 521 596 595
f 521 522 596
f 522 597 596
f 522 523 597
f 523 598 597
f 523 524 598
f 524 599 598
f 524 525 599
f 525 600 599
f 525 526 600
f 526 601 600
f 526 527 601
f 527 602 601
f 527 528 602
f 528 603 602
f 528 529 603
f 529 604 603
f 529 530 604
f 530 605 604
f 530 531 605
f 531 606 605
f 531 532 606
f 532 607 606
f 532 533 607
f 533 608 607
f 533 534 608
f 534 609 608
f 534 535 609
f 535 610 609
f 535 536 610
f 536 611 610
f 536 537 611
f 537 612 611
f 537 538 612
f 538 613 612
f 538 539 613
f 539 614 613
f 539 540 614
f 540 615 614
f 540 541 615
f 541 616 615
f 541 542 616
f 542 617 616
f 542 543 617
f 543 618 617
f 543 544 618
f 544 619 618
f 544 545 619
f 545 620 619
f 545 546 620
f 546 621 620
f 546 547 621
f 547 622 621
f 547 548 622
f 548 623 622
f 548 549 623
f 549 624 623
f 549 550 624
f 550 625 624
f 550 551 625
f 551 626 625
f 551 552 626
f 552 627 626
f 552 553 627
f 553 628 627
f 553 554 628
f 554 629 628
f 554 555 629
f 555 630 629
f 555 556 630
f 556 631 630
f 556 557 631
f 557 632 631
f 557 558 632
f 558 633 632
f 558 559 633
f 559 634 633
f 559 560 634
f 560 635 634
f 560 561 635
f 561 636 635
f 561 562 636
f 562 637 636
f 562 563 637
f 563 638 637
f 563 564 638
f 564 639 638
f 564 565 639
f 565 640 639
f 565 566 640
f 566 641 640
f 566 567 641
f 568 642 643
f 568 643 569
f 569 643 644
f 569 644 570
f 570 644 645
f 570 645 571
f 571 645 646
f 571 646 572
f 572 646 647
f 572 647 573
f 573 647 648
f 573 648 574
f 574 648 649
f 574 649 575
f 575 649 650
f 575 650 576
f 576 650 651
f 576 651 577
f 577 651 652
f 577 652 578
f 578 652 653
f 578 653 579
f 579 653 654
f 579 654 580
f 580 654 655
f 580 655 581
f 581 655 656
f 581 656 582
f 582 656 657
f 582 657 583
f 583 657 658
f 583 658 584
f 584 658 659
f 584 659 585
f 585 659 660
f 585 660 586
f 586 660 661
f 586 661 587
f 587 661 662
f 587 662 588
f 588 662 663
f 588 663 589
f 589 663 664
f 589 664 590
f 590 664 665
f 590 665 591
f 591 665 666
f 591 666 592
f 593 668 667
f 593 594 668
f 594 669 668
f 594 595 669
f 595 670 669
f 595 596 670
f 596 671 670
f 596 597 671
f 597 672 671
f 597 598 672
f 598 673 672
f 598 599 673
f 599 674 673
f 599 600 674
f 600 675 674
f 600 601 675
f 601 676 675
f 601 602 676
f 602 677 676
f 602 603 677
f 603 678 677
f 603 604 678
f 604 679 678
f 604 605 679
f 605 680 679
f 605 606 680
f 606 681 680
f 606 607 681
f 607 682 681
f 607 608 682
f 608 683 682
f 608 609 683
f 609 684 683
f 609 610 684
f 610 685 684
f 610 611 685
f 611 686 685
f 611 612 686
f 612 687 686
f 612 613 687
f 613 688 687
f 613 614 688
f 614 689 688
f 614 615 689
f 615 690 689
f 615 616 690
f 616 691 690
f 616 617 691
f 617 692 691
f 617 618 692
f 618 693 692
f 618 619 693
f 619 694 693
f 619 620 694
f 620 695 694
f 620 621 695
f 621 696 695
f 621 622 696
f 622 697 696
f 622 623 697
f 623 698 697
f 623 624 698
f 624 699 698
f 624 625 699
f 625 700 699
f 625 626 700
f 626 701 700
f 626 627 701
f 627 702 701
f 627 628 702
f 628 703 702
f 628 629 703
f 629 704 703
f 629 630 704
f 630 705 704
f 630 631 705
f 631 706 705
f 631 632 706
f 632 707 706
f 632 633 707
f 633 708 707
f 633 634 708
f 634 709 708
f 634 635 709
f 635 710 709
f 635 636 710
f 636 711 710
f 636 637 711
f 637 712 711
f 637 638 712
f 638 713 712
f 638 639 713
f 639 714 713
f 639 640 714
f 640 715 714
f 640 641 715
f 642 716 717
f 642 717 643
f 643 717 718
f 643 718 644
f 644 718 719
f 644 719 645
f 645 719 720
f 645 720 646
f 646 720 721
f 646 721 647
f 647 721 722
f 647 722 648
f 648 722 723
f 648 723 649
f 649 723 724
f 649 724 650
f 650 724 725
f 650 725 651
f 651 725 726
f 651 726 652
f 652 726 727
f 652 727 653
f 653 727 728
f 653 728 654
f 654 728 729
f 654 729 655
f 655 729 730
f 655 730 656
f 656 730 731
f 656 731 657
f 657 731 732
f 657 732 658
f 658 732 733
f 658 733 659
f 659 733 734
f 659 734 660
f 660 734 735
f 660 735 661
f 661 735 736
f 661 736 662
f 662 736 737
f 662 737 663
f 663 737 738
f 663 738 664
f 664 738 739
f 664 739 665
f 665 739 740
f 665 740 666
f 667 742 741
f 667 668 742
f 668 743 742
f 668 669 743
f 669 744 743
f 669 670 744
f 670 745 744
f 670 671 745
f 671 746 745
f 671 672 746
f 672 747 746
f 672 673 747
f 673 748 747
f 673 674 748
f 674 749 748
f 674 675 749
f 675 750 749
f 675 676 750
f 676 751 750
f 676 677 751
f 677 752 751
f 677 678 752
f 678 753 752
f 678 679 753
f 679 754 753
f 679 680 754
f 680 755 754
f 680 681 755
f 681 756 755
f 681 682 756
f 682 757 756
f 682 683 757
f 683 758 757
f 683 684 758
f 684 759 758
f 684 685 759
f 685 760 759
f 685 686 760
f 686 761 760
f 686 687 761
f 687 762 761
f 687 688 762
f 688 763 762
f 688 689 763
f 689 764 763
f 689 690 764
f 690 765 764
f 690 691 765
f 691 766 765
f 691 692 766
f 692 767 766
f 692 693 767
f 693 768 767
f 693 694 768
f 694 769 768
f 694 695 769
f 695 770 769
f 695 696 770
f 696 771 770
f 696 697 771
f 697 772 771
f 697 698 772
f 698 773 772
f 698 699 773
f 699 774 773
f 699 700 774
f 700 775 774
f 700 701 775
f 701 776 775
f 701 702 776
f 702 777 776
f 702 703 777
f 703 778 777
f 703 704 778
f 704 779 778
f 704 705 779
f 705 780 779
f 705 706 780
f 706 781 780
f 706 707 781
f 707 782 781
f 707 708 782
f 708 783 782
f 708 709 783
f 709 784 783
f 709 710 784
f 710 785 784
f 710 711 785
f 711 786 785
f 711 712 786
f 712 787 786
f 712 713 787
f 713 788 787
f 713 714 788
f 714 789 788
f 714 715 789
f 716 790 791
f 716 791 717
f 717 791 792
f 717 792 718
f 718 792 793
f 718 793 719
f 719 793 794
f 719 794 720
f 720 794 795
f 720 795 721
f 721 795 796
f 721 796 722
f 722 796 797
f 722 797 723
f 723 797 798
f 723 798 724
f 724 798 799
f 724 799 725
f 725 799 800
f 725 800 726
f 726 800 801
f 726 801 727
f 727 801 802
f 727 802 728
f 728 802 803
f 728 803 729
f 729 803 804
f 729 804 730
f 730 804 805
f 730 805 731
f 731 805 806
f 731 806 732
f 732 806 807
f 732 807 733
f 733 807 808
f 733 808 734
f 734 808 809
f 734 809 735
f 735 809 810
f 735 810 736
f 736 810 811
f 736 811 737
f 737 811 812
f 737 812 738
f 738 812 813
f 738 813 739
f 739 813 814
f 739 814 740
f 741 816 815
f 741 742 816
f 742 817 816
f 742 743 817
f 743 818 817
f 743 744 818
f 744 819 818
f 744 745 819
f 745 820 819
f 745 746 820
f 746 821 820
f 746 747 821
f 747 822 821
f 747 748 822
f 748 823 822
f 748 749 823
f 749 824 823
f 749 750 824
f 750 825 824
f 750 751 825
f 751 826 825
f 751 752 826
f 752 827 826
f 752 753 827
f 753 828 827
f 753 754 828
f 754 829 828
f 754 755 829
f 755 830 829
f 755 756 830
f 756 831 830
f 756 757 831
f 757 832 831
f 757 758 832
f 758 833 832
f 758 759 833
f 759 834 833
f 759 760 834
f 760 835 834
f 760 761 835
f 761 836 835
f 761 762 836
f 762 837 836
f 762 763 837
f 763 838 837
f 763 764 838
f 764 839 838
f 764 765 839
f 765 840 839
f 765 766 840
f 766 841 840
f 766 767 841
f 767 842 841
f 767 768 842
f 768 843 842
f 768 769 843
f 769 844 843
f 769 770 844
f 770 845 844
f 770 771 845
f 771 846 845
f 771 772 846
f 772 847 846
f 772 773 847
f 773 848 847
f 773 774 848
f 774 849 848
f 774 775 849
f 775 850 849
f 775 776 850
f 776 851 850
f 776 777 851
f 777 852 851
f 777 778 852
f 778 853 852
f 778 779 853
f 779 854 853
f 779 780 854
f 780 855 854
f 780 781 855
f 781 856 855
f 781 782 856
f 782 857 856
f 782 783 857
f 783 858 857
f 783 784 858
f 784 859 858
f 784 785 859
f 785 860 859
f 785 786 860
f 786 861 860
f 786 787 861
f 787 862 861
f 787 788 862
f 788 863 862
f 788 789 863
f 790 864 865
f 790 865 791
f 791 865 866
f 791 866 792
f 792 866 867
f 792 867 793
f 793 867 868
f 793 868 794
f 794 868 869
f 794 869 795
f 795 869 870
f 795 870 796
f 796 870 871
f 796 871 797
f 797 871 872
f 797 872 798
f 798 872 873
f 798 873 799
f 799 873 874
f 799 874 800
f 800 874 875
f 800 875 801
f 801 875 876
f 801 876 802
f 802 876 877
f 802 877 803
f 803 877 878
f 803 878 804
f 804 878 879
f 804 879 805
f 805 879 880
f 805 880 806
f 806 880 881
f 806 881 807
f 807 881 882
f 807 882 808
f 808 882 883
f 808 883 809
f 809 883 884
f 809 884 810
f 810 884 885
f 810 885 811
f 811 885 886
f 811 886 812
f 812 886 887
f 812 887 813
f 813 887 888
f 813 888 814
f 815 890 889
f 815 816 890
f 816 891 890
f 816 817 891
f 817 892 891
f 817 818 892
f 818 893 892
f 818 819 893
f 819 894 893
f 819 820 894
f 820 895 894
f 820 821 895
f 821 896 895
f 821 822 896
f 822 897 896
f 822 823 897
f 823 898 897
f 823 824 898
f 824 899 898
f 824 825 899
f 825 900 899
f 825 826 900
f 826 901 900
f 826 827 901
f 827 902 901
f 827 828 902
f 828 903 902
f 828 829 903
f 829 904 903
f 829 830 904
f 830 905 904
f 830 831 905
f 831 906 905
f 831 832 906
f 832 907 906
f 832 833 907
f 833 908 907
f 833 834 908
f 834 909 908
f 834 835 909
f 835 910 909
f 835 836 910
f 836 911 910
f 836 837 911
f 837 912 911
f 837 838 912
f 838 913 912
f 838 839 913
f 839 914 913
f 839 840 914
f 840 915 914
f 840 841 915
f 841 916 915
f 841 842 916
f 842 917 916
f 842 843 917
f 843 918 917
f 843 844 918
f 844 919 918
f 844 845 919
f 845 920 919
f 845 846 920
f 846 921 920
f 846 847 921
f 847 922 921
f 847 848 922
f 848 923 922
f 848 849 923
f 849 924 923
f 849 850 924
f 850 925 924
f 850 851 925
f 851 926 925
f 851 852 926
f 852 927 926
f 852 853 927
f 853 928 927
f 853 854 928
f 854 929 928
f 854 855 929
f 855 930 929
f 855 856 930
f 856 931 930
f 856 857 931
f 857 932 931
f 857 858 932
f 858 933 932
f 858 859 933
f 859 934 933
f 859 860 934
f 860 935 934
f 860 861 935
f 861 936 935
f 861 862 936
f 862 937 936
f 862 863 937
f 864 938 939
f 864 939 865
f 865 939 940
f 865 940 866
f 866 940 941
f 866 941 867
f 867 941 942
f 867 942 868
f 868 942 943
f 868 943 869
f 869 943 944
f 869 944 870
f 870 944 945
f 870 945 871
f 871 945 946
f 871 946 872
f 872 946 947
f 872 947 873
f 873 947 948
f 873 948 874
f 874 948 949
f 874 949 875
f 875 949 950
f 875 950 876
f 876 950 951
f 876 951 877
f 877 951 952
f 877 952 878
f 878 952 953
f 878 953 879
f 879 953 954
f 879 954 880
f 880 954 955
f 880 955 881
f 881 955 956
f 881 956 882
f 882 956 957
f 882 957 883
f 883 957 958
f 883 958 884
f 884 958 959
f 884 959 885
f 885 959 960
f 885 960 886
f 886 960 961
f 886 961 887
f 887 961 962
f 887 962 888
f 889 964 963
f 889 890 964
f 890 965 964
f 890 891 965
f 891 966 965
f 891 892 966
f 892 967 966
f 892 893 967
f 893 968 967
f 893 894 968
f 894 969 968
f 894 895 969
f 895 970 969
f 895 896 970
f 896 971 970
f 896 897 971
f 897 972 971
f 897 898 972
f 898 973 972
f 898 899 973
f 899 974 973
f 899 900 974
f 900 975 974
f 900 901 975
f 901 976 975
f 901 902 976
f 902 977 976
f 902 903 977
f 903 978 977
f 903 904 978
f 904 979 978
f 904 905 979
f 905 980 979
f 905 906 980
f 906 981 980
f 906 907 981
f 907 982 981
f 907 908 982
f 908 983 982
f 908 909 983
f 909 984 983
f 909 910 984
f 910 985 984
f 910 911 985
f 911 986 985
f 911 912 986
f 912 987 986
f 912 913 987
f 913 988 987
f 913 914 988
f 914 989 988
f 914 915 989
f 915 990 989
f 915 916 990
f 916 991 990
f 916 917 991
f 917 992 991
f 917 918 992
f 918 993 992
f 918 919 993
f 919 994 993
f 919 920 994
f 920 995 994
f 920 921 995
f 921 996 995
f 921 922 996
f 922 997 996
f 922 923 997
f 923 998 997
f 923 924 998
f 924 999 998
f 924 925 999
f 925 1000 999
f 925 926 1000
f 926 1001 1000
f 926 927 1001
f 927 1002 1001
f 927 928 1002
f 928 1003 1002
f 928 929 1003
f 929 1004 1003
f 929 930 1004
f 930 1005 1004
f 930 931 1005
f 931 1006 1005
f 931 932 1006
f 932 1007 1006
f 932 933 1007
f 933 1008 1007
f 933 934 1008
f 934 1009 1008
f 934 935 1009
f 935 1010 1009
f 935 936 1010
f 936 1011 1010
f 936 937 1011
f 938 1012 1013
f 938 1013 939
f 939 1013 1014
f 939 1014 940
f 940 1014 1015
f 940 1015 941
f 941 1015 1016
f 941 1016 942
f 942 1016 1017
f 942 1017 943
f 943 1017 1018
f 943 1018 944
f 944 1018 1019
f 944 1019 945
f 945 1019 1020
f 945 1020 946
f 946 1020 1021
f 946 1021 947
f 947 1021 1022
f 947 1022 948
f 948 1022 1023
f 948 1023 949
f 949 1023 1024
f 949 1024 950
f 950 1024 1025
f 950 1025 951
f 951 1025 1026
f 951 1026 952
f 952 1026 1027
f 952 1027 953
f 953 1027 1028
f 953 1028 954
f 954 1028 1029
f 954 1029 955
f 955 1029 1030
f 955 1030 956
f 956 1030 1031
f 956 1031 957
f 957 1031 1032
f 957 1032 958
f 958 1032 1033
f 958 1033 959
f 959 1033 1034
f 959 1034 960
f 960 1034 1035
f 960 1035 961
f 961 1035 1036
f 961 1036 962
f 963 1038 1037
f 963 964 1038
f 964 1039 1038
f 964 965 1039
f 965 1040 1039
f 965 966 1040
f 966 1041 1040
f 966 967 1041
f 967 1042 1041
f 967 968 1042
f 968 1043 1042
f 968 969 1043
f 969 1044 1043
f 969 970 1044
f 970 1045 1044
f 970 971 1045
f 971 1046 1045
f 971 972 1046
f 972 1047 1046
f 972 973 1047
f 973 1048 1047
f 973 974 1048
f 974 1049 1048
f 974 975 1049
f 975 1050 1049
f 975 976 1050
f 976 1051 1050
f 976 977 1051
f 977 1052 1051
f 977 978 1052
f 978 1053 1052
f 978 979 1053
f 979 1054 1053
f 979 980 1054
f 980 1055 1054
f 980 981 1055
f 981 1056 1055
f 981 982 1056
f 982 1057 1056
f 982 983 1057
f 983 1058 1057
f 983 984 1058
f 984 1059 1058
f 984 985 1059
f 985 1060 1059
f 985 986 1060
f 986 1061 1060
f 986 987 1061
f 987 1062 1061
f 987 988 1062
f 988 1063 1062
f 988 989 1063
f 989 1064 1063
f 989 990 1064
f 990 1065 1064
f 990 991 1065
f 991 1066 1065
f 991 992 1066
f 992 1067 1066
f 992 993 1067
f 993 1068 1067
f 993 994 1068
f 994 1069 1068
f 994 995 1069
f 995 1070 1069
f 995 996 1070
f 996 1071 1070
f 996 997 1071
f 997 1072 1071
f 997 998 1072
f 998 1073 1072
f 998 999 1073
f 999 1074 1073
f 999 1000 1074
f 1000 1075 1074
f 1000 1001 1075
f 1001 1076 1075
f 1001 1002 1076
f 1002 1077 1076
f 1002 1003 1077
f 1003 1078 1077
f 1003 1004 1078
f 1004 1079 1078
f 1004 1005 1079
f 1005 1080 1079
f 1005 1006 1080
f 1006 1081 1080
f 1006 1007 1081
f 1007 1082 1081
f 1007 1008 1082
f 1008 1083 1082
f 1008 1009 1083
f 1009 1084 1083
f 1009 1010 1084
f 1010 1085 1084
f 1010 1011 1085
f 1012 1086 1087
f 1012 1087 1013
f 1013 1087 1088
f 1013 1088 1014
f 1014 1088 1089
f 1014 1089 1015
f 1015 1089 1090
f 1015 1090 1016
f 1016 1090 1091
f 1016 1091 1017
f 1017 1091 1092
f 1017 1092 1018
f 1018 1092 1093
f 1018 1093 1019
f 1019 1093 1094
f 1019 1094 1020
f 1020 1094 1095
f 1020 1095 1021
f 1021 1095 1096
f 1021 1096 1022
f 1022 1096 1097
f 1022 1097 1023
f 1023 1097 1098
f 1023 1098 1024
f 1024 1098 1099
f 1024 1099 1025
f 1025 1099 1100
f 1025 1100 1026
f 1026 1100 1101
f 1026 1101 1027
f 1027 1101 1102
f 1027 1102 1028
f 1028 1102 1103
f 1028 1103 1029
f 1029 1103 1104
f 1029 1104 1030
f 1030 1104 1105
f 1030 1105 1031
f 1031 1105 1106
f 1031 1106 1032
f 1032 1106 1107
f 1032 1107 1033
f 1033 1107 1108
f 1033 1108 1034
f 1034 1108 1109
f 1034 1109 1035
f 1035 1109 1110
f 1035 1110 1036
f 1037 1112 1111
f 1037 1038 1112
f 1038 1113 1112
f 1038 1039 1113
f 1039 1114 1113
f 1039 1040 1114
f 1040 1115 1114
f 1040 1041 1115
f 1041 1116 1115
f 1041 1042 1116
f 1042 1117 1116
f 1042 1043 1117
f 1043 1118 1117
f 1043 1044 1118
f 1044 1119 1118
f 1044 1045 1119
f 1045 1120 1119
f 1045 1046 1120
f 1046 1121 1120
f 1046 1047 1121
f 1047 1122 1121
f 1047 1048 1122
f 1048 1123 1122
f 1048 1049 1123
f 1049 1124 1123
f 1049 1050 1124
f 1050 1125 1124
f 1050 1051 1125
f 1051 1126 1125
f 1051 1052 1126
f 1052 1127 1126
f 1052 1053 1127
f 1053 1128 1127
f 1053 1054 1128
f 1054 1129 1128
f 1054 1055 1129
f 1055 1130 1129
f 1055 1056 1130
f 1056 1131 1130
f 1056 1057 1131
f 1057 1132 1131
f 1057 1058 1132
f 1058 1133 1132
f 1058 1059 1133
f 1059 1134 1133
f 1059 1060 1134
f 1060 1135 1134
f 1060 1061 1135
f 1061 1136 1135
f 1061 1062 1136
f 1062 1137 1136
f 1062 1063 1137
f 1063 1138 1137
f 1063 1064 1138
f 1064 1139 1138
f 1064 1065 1139
f 1065 1140 1139
f 1065 1066 1140
f 1066 1141 1140
f 1066 1067 1141
f 1067 1142 1141
f 1067 1068 1142
f 1068 1143 1142
f 1068 1069 1143
f 1069 1144 1143
f 1069 1070 1144
f 1070 1145 1144
f 1070 1071 1145
f 1071 1146 1145
f 1071 1072 1146
f 1072 1147 1146
f 1072 1073 1147
f 1073 1148 1147
f 1073 1074 1148
f 1074 1149 1148
f 1074 1075 1149
f 1075 1150 1149
f 1075 1076 1150
f 1076 1151 1150
f 1076 1077 1151
f 1077 1152 1151
f 1077 1078 1152
f 1078 1153 1152
f 1078 1079 1153
f 1079 1154 1153
f 1079 1080 1154
f 1080 1155 1154
f 1080 1081 1155
f 1081 1156 1155
f 1081 1082 1156
f 1082 1157 1156
f 1082 1083 1157
f 1083 1158 1157
f 1083 1084 1158
f 1084 1159 1158
f 1084 1085 1159
f 1086 1160 1161
f 1086 1161 1087
f 1087 1161 1162
f 1087 1162 1088
f 1088 1162 1163
f 1088 1163 1089
f 1089 1163 1164
f 1089 1164 1090
f 1090 1164 1165
f 1090 1165 1091
f 1091 1165 1166
f 1091 1166 1092
f 1092 1166 1167
f 1092 1167 1093
f 1093 1167 1168
f 1093 1168 1094
f 1094 1168 1169
f 1094 1169 1095
f 1095 1169 1170
f 1095 1170 1096
f 1096 1170 1171
f 1096 1171 1097
f 1097 1171 1172
f 1097 1172 1098
f 1098 1172 1173
f 1098 1173 1099
f 1099 1173 1174
f 1099 1174 1100
f 1100 1174 1175
f 1100 1175 1101
f 1101 1175 1176
f 1101 1176 1102
f 1102 1176 1177
f 1102 1177 1103
f 1103 1177 1178
f 1103 1178 1104
f 1104 1178 1179
f 1104 1179 1105
f 1105 1179 1180
f 1105 1180 1106
f 1106 1180 1181
f 1106 1181 1107
f 1107 1181 1182
f 1107 1182 1108
f 1108 1182 1183
f 1108 1183 1109
f 1109 1183 1184
f 1109 1184 1110
f 1111 1186 1185
f 1111 1112 1186
f 1112 1187 1186
f 1112 1113 1187
f 1113 1188 1187
f 1113 1114 1188
f 1114 1189 1188
f 1114 1115 1189
f 1115 1190 1189
f 1115 1116 1190
f 1116 1191 1190
f 1116 1117 1191
f 1117 1192 1191
f 1117 1118 1192
f 1118 1193 1192
f 1118 1119 1193
f 1119 1194 1193
f 1119 1120 1194
f 1120 1195 1194
f 1120 1121 1195
f 1121 1196 1195
f 1121 1122 1196
f 1122 1197 1196
f 1122 1123 1197
f 1123 1198 1197
f 1123 1124 1198
f 1124 1199 1198
f 1124 1125 1199
f 1125 1200 1199
f 1125 1126 1200
f 1126 1201 1200
f 1126 1127 1201
f 1127 1202 1201
f 1127 1128 1202
f 1128 1203 1202
f 1128 1129 1203
f 1129 1204 1203
f 1129 1130 1204
f 1130 1205 1204
f 1130 1131 1205
f 1131 1206 1205
f 1131 1132 1206
f 1132 1207 1206
f 1132 1133 1207
f 1133 1208 1207
f 1133 1134 1208
f 1134 1209 1208
f 1134 1135 1209
f 1135 1210 1209
f 1135 1136 1210
f 1136 1211 1210
f 1136 1137 1211
f 1137 1212 1211
f 1137 1138 1212
f 1138 1213 1212
f 1138 1139 1213
f 1139 1214 1213
f 1139 1140 1214
f 1140 1215 1214
f 1140 1141 1215
f 1141 1216 1215
f 1141 1142 1216
f 1142 1217 1216
f 1142 1143 1217
f 1143 1218 1217
f 1143 1144 1218
f 1144 1219 1218
f 1144 1145 1219
f 1145 1220 1219
f 1145 1146 1220
f 1146 1221 1220
f 1146 1147 1221
f 1147 1222 1221
f 1147 1148 1222
f 1148 1223 1222
f 1148 1149 1223
f 1149 1224 1223
f 1149 1150 1224
f 1150 1225 1224
f 1150 1151 1225
f 1151 1226 1225
f 1151 1152 1226
f 1152 1227 1226
f 1152 1153 1227
f 1153 1228 1227
f 1153 1154 1228
f 1154 1229 1228
f 1154 1155 1229
f 1155 1230 1229
f 1155 1156 1230
f 1156 1231 1230
f 1156 1157 1231
f 1157 1232 1231
f 1157 1158 1232
f 1158 1233 1232
f 1158 1159 1233
f 1160 1234 1235
f 1160 1235 1161
f 1161 1235 1236
f 1161 1236 1162
f 1162 1236 1237
f 1162 1237 1163
f 1163 1237 1238
f 1163 1238 1164
f 1164 1238 1239
f 1164 1239 1165
f 1165 1239 1240
f 1165 1240 1166
f 1166 1240 1241
f 1166 1241 1167
f 1167 1241 1242
f 1167 1242 1168
f 1168 1242 1243
f 1168 1243 1169
f 1169 1243 1244
f 1169 1244 1170
f 1170 1244 1245
f 1170 1245 1171
f 1171 1245 1246
f 1171 1246 1172
f 1172 1246 1247
f 1172 1247 1173
f 1173 1247 1248
f 1173 1248 1174
f 1174 1248 1249
f 1174 1249 1175
f 1175 1249 1250
f 1175 1250 1176
f 1176 1250 1251
f 1176 1251 1177
f 1177 1251 1252
f 1177 1252 1178
f 1178 1252 1253
f 1178 1253 1179
f 1179 1253 1254
f 1179 1254 1180
f 1180 1254 1255
f 1180 1255 1181
f 1181 1255 1256
f 1181 1256 1182
f 1182 1256 1257
f 1182 1257 1183
f 1183 1257 1258
f 1183 1258 1184
f 1185 1260 1259
f 1185 1186 1260
f 1186 1261 1260
f 1186 1187 1261
f 1187 1262 1261
f 1187 1188 1262
f 1188 1263 1262
f 1188 1189 1263
f 1189 1264 1263
f 1189 1190 1264
f 1190 1265 1264
f 1190 1191 1265
f 1191 1266 1265
f 1191 1192 1266
f 1192 1267 1266
f 1192 1193 1267
f 1193 1268 1267
f 1193 1194 1268
f 1194 1269 1268
f 1194 1195 1269
f 1195 1270 1269
f 1195 1196 1270
f 1196 1271 1270
f 1196 1197 1271
f 1197 1272 1271
f 1197 1198 1272
f 1198 1273 1272
f 1198 1199 1273
f 1199 1274 1273
f 1199 1200 1274
f 1200 1275 1274
f 1200 1201 1275
f 1201 1276 1275
f 1201 1202 1276
f 1202 1277 1276
f 1202 1203 1277
f 1203 1278 1277
f 1203 1204 1278
f 1204 1279 1278
f 1204 1205 1279
f 1205 1280 1279
f 1205 1206 1280
f 1206 1281 1280
f 1206 1207 1281
f 1207 1282 1281
f 1207 1208 1282
f 1208 1283 1282
f 1208 1209 1283
f 1209 1284 1283
f 1209 1210 1284
f 1210 1285 1284
f 1210 1211 1285
f 1211 1286 1285
f 1211 1212 1286
f 1212 1287 1286
f 1212 1213 1287
f 1213 1288 1287
f 1213 1214 1288
f 1214 1289 1288
f 1214 1215 1289
f 1215 1290 1289
f 1215 1216 1290
f 1216 1291 1290
f 1216 1217 1291
f 1217 1292 1291
f 1217 1218 1292
f 1218 1293 1292
f 1218 1219 1293
f 1219 1294 1293
f 1219 1220 1294
f 1220 1295 1294
f 1220 1221 1295
f 1221 1296 1295
f 1221 1222 1296
f 1222 1297 1296
f 1222 1223 1297
f 1223 1298 1297
f 1223 1224 1298
f 1224 1299 1298
f 1224 1225 1299
f 1225 1300 1299
f 1225 1226 1300
f 1226 1301 1300
f 1226 1227 1301
f 1227 1302 1301
f 1227 1228 1302
f 1228 1303 1302
f 1228 1229 1303
f 1229 1304 1303
f 1229 1230 1304
f 1230 1305 1304
f 1230 1231 1305
f 1231 1306 1305
f 1231 1232 1306
f 1232 1307 1306
f 1232 1233 1307
f 1234 1308 1309
f 1234 1309 1235
f 1235 1309 1310
f 1235 1310 1236
f 1236 1310 1311
f 1236 1311 1237
f 1237 1311 1312
f 1237 1312 1238
f 1238 1312 1313
f 1238 1313 1239
f 1239 1313 1314
f 1239 1314 1240
f 1240 1314 1315
f 1240 1315 1241
f 1241 1315 1316
f 1241 1316 1242
f 1242 1316 1317
f 1242 1317 1243
f 1243 1317 1318
f 1243 1318 1244
f 1244 1318 1319
f 1244 1319 1245
f 1245 1319 1320
f 1245 1320 1246
f 1246 1320 1321
f 1246 1321 1247
f 1247 1321 1322
f 1247 1322 1248
f 1248 1322 1323
f 1248 1323 1249
f 1249 1323 1324
f 1249 1324 1250
f 1250 1324 1325
f 1250 1325 1251
f 1251 1325 1326
f 1251 1326 1252
f 1252 1326 1327
f 1252 1327 1253
f 1253 1327 1328
f 1253 1328 1254
f 1254 1328 1329
f 1254 1329 1255
f 1255 1329 1330
f 1255 1330 1256
f 1256 1330 1331
f 1256 1331 1257
f 1257 1331 1332
f 1257 1332 1258
f 1259 1334 1333
f 1259 1260 1334
f 1260 1335 1334
f 1260 1261 1335
f 1261 1336 1335
f 1261 1262 1336
f 1262 1337 1336
f 1262 1263 1337
f 1263 1338 1337
f 1263 1264 1338
f 1264 1339 1338
f 1264 1265 1339
f 1265 1340 1339
f 1265 1266 1340
f 1266 1341 1340
f 1266 1267 1341
f 1267 1342 1341
f 1267 1268 1342
f 1268 1343 1342
f 1268 1269 1343
f 1269 1344 1343
f 1269 1270 1344
f 1270 1345 1344
f 1270 1271 1345
f 1271 1346 1345
f 1271 1272 1346
f 1272 1347 1346
f 1272 1273 1347
f 1273 1348 1347
f 1273 1274 1348
f 1274 1349 1348
f 1274 1275 1349
f 1275 1350 1349
f 1275 1276 1350
f 1276 1351 1350
f 1276 1277 1351
f 1277 1352 1351
f 1277 1278 1352
f 1278 1353 1352
f 1278 1279 1353
f 1279 1354 1353
f 1279 1280 1354
f 1280 1355 1354
f 1280 1281 1355
f 1281 1356 1355
f 1281 1282 1356
f 1282 1357 1356
f 1282 1283 1357
f 1283 1358 1357
f 1283 1284 1358
f 1284 1359 1358
f 1284 1285 1359
f 1285 1360 1359
f 1285 1286 1360
f 1286 1361 1360
f 1286 1287 1361
f 1287 1362 1361
f 1287 1288 1362
f 1288 1363 1362
f 1288 1289 1363
f 1289 1364 1363
f 1289 1290 1364
f 1290 1365 1364
f 1290 1291 1365
f 1291 1366 1365
f 1291 1292 1366
f 1292 1367 1366
f 1292 1293 1367
f 1293 1368 1367
f 1293 1294 1368
f 1294 1369 1368
f 1294 1295 1369
f 1295 1370 1369
f 1295 1296 1370
f 1296 1371 1370
f 1296 1297 1371
f 1297 1372 1371
f 1297 1298 1372
f 1298 1373 1372
f 1298 1299 1373
f 1299 1374 1373
f 1299 1300 1374
f 1300 1375 1374
f 1300 1301 1375
f 1301 1376 1375
f 1301 1302 1376
f 1302 1377 1376
f 1302 1303 1377
f 1303 1378 1377
f 1303 1304 1378
f 1304 1379 1378
f 1304 1305 1379
f 1305 1380 1379
f 1305 1306 1380
f 1306 1381 1380
f 1306 1307 1381
f 1308 1382 1383
f 1308 1383 1309
f 1309 1383 1384
f 1309 1384 1310
f 1310 1384 1385
f 1310 1385 1311
f 1311 1385 1386
f 1311 1386 1312
f 1312 1386 1387
f 1312 1387 1313
f 1313 1387 1388
f 1313 1388 1314
f 1314 1388 1389
f 1314 1389 1315
f 1315 1389 1390
f 1315 1390 1316
f 1316 1390 1391
f 1316 1391 1317
f 1317 1391 1392
f 1317 1392 1318
f 1318 1392 1393
f 1318 1393 1319
f 1319 1393 1394
f 1319 1394 1320
f 1320 1394 1395
f 1320 1395 1321
f 1321 1395 1396
f 1321 1396 1322
f 1322 1396 1397
f 1322 1397 1323
f 1323 1397 1398
f 1323 1398 1324
f 1324 1398 1399
f 1324 1399 1325
f 1325 1399 1400
f 1325 1400 1326
f 1326 1400 1401
f 1326 1401 1327
f 1327 1401 1402
f 1327 1402 1328
f 1328 1402 1403
f 1328 1403 1329
f 1329 1403 1404
f 1329 1404 1330
f 1330 1404 1405
f 1330 1405 1331
f 1331 1405 1406
f 1331 1406 1332
f 1333 1408 1407
f 1333 1334 1408
f 1334 1409 1408
f 1334 1335 1409
f 1335 1410 1409
f 1335 1336 1410
f 1336 1411 1410
f 1336 1337 1411
f 1337 1412 1411
f 1337 1338 1412
f 1338 1413 1412
f 1338 1339 1413
f 1339 1414 1413
f 1339 1340 1414
f 1340 1415 1414
f 1340 1341 1415
f 1341 1416 1415
f 1341 1342 1416
f 1342 1417 1416
f 1342 1343 1417
f 1343 1418 1417
f 1343 1344 1418
f 1344 1419 1418
f 1344 1345 1419
f 1345 1420 1419
f 1345 1346 1420
f 1346 1421 1420
f 1346 1347 1421
f 1347 1422 1421
f 1347 1348 1422
f 1348 1423 1422
f 1348 1349 1423
f 1349 1424 1423
f 1349 1350 1424
f 1350 1425 1424
f 1350 1351 1425
f 1351 1426 1425
f 1351 1352 1426
f 1352 1427 1426
f 1352 1353 1427
f 1353 1428 1427
f 1353 1354 1428
f 1354 1429 1428
f 1354 1355 1429
f 1355 1430 1429
f 1355 1356 1430
f 1356 1431 1430
f 1356 1357 1431
f 1357 1432 1431
f 1357 1358 1432
f 1358 1433 1432
f 1358 1359 1433
f 1359 1434 1433
f 1359 1360 1434
f 1360 1435 1434
f 1360 1361 1435
f 1361 1436 1435
f 1361 1362 1436
f 1362 1437 1436
f 1362 1363 1437
f 1363 1438 1437
f 1363 1364 1438
f 1364 1439 1438
f 1364 1365 1439
f 1365 1440 1439
f 1365 1366 1440
f 1366 1441 1440
f 1366 1367 1441
f 1367 1442 1441
f 1367 1368 1442
f 1368 1443 1442
f 1368 1369 1443
f 1369 1444 1443
f 1369 1370 1444
f 1370 1445 1444
f 1370 1371 1445
f 1371 1446 1445
f 1371 1372 1446
f 1372 1447 1446
f 1372 1373 1447
f 1373 1448 1447
f 1373 1374 1448
f 1374 1449 1448
f 1374 1375 1449
f 1375 1450 1449
f 1375 1376 1450
f 1376 1451 1450
f 1376 1377 1451
f 1377 1452 1451
f 1377 1378 1452
f 1378 1453 1452
f 1378 1379 1453
f 1379 1454 1453
f 1379 1380 1454
f 1380 1455 1454
f 1380 1381 1455
f 1382 1456 1457
f 1382 1457 1383
f 1383 1457 1458
f 1383 1458 1384
f 1384 1458 1459
f 1384 1459 1385
f 1385 1459 1460
f 1385 1460 1386
f 1386 1460 1461
f 1386 1461 1387
f 1387 1461 1462
f 1387 1462 1388
f 1388 1462 1463
f 1388 1463 1389
f 1389 1463 1464
f 1389 1464 1390
f 1390 1464 1465
f 1390 1465 1391
f 1391 1465 1466
f 1391 1466 1392
f 1392 1466 1467
f 1392 1467 1393
f 1393 1467 1468
f 1393 1468 1394
f 1394 1468 1469
f 1394 1469 1395
f 1395 1469 1470
f 1395 1470 1396
f 1396 1470 1471
f 1396 1471 1397
f 1397 1471 1472
f 1397 1472 1398
f 1398 1472 1473
f 1398 1473 1399
f 1399 1473 1474
f 1399 1474 1400
f 1400 1474 1475
f 1400 1475 1401
f 1401 1475 1476
f 1401 1476 1402
f 1402 1476 1477
f 1402 1477 1403
f 1403 1477 1478
f 1403 1478 1404
f 1404 1478 1479
f 1404 1479 1405
f 1405 1479 1480
f 1405 1480 1406
f 1407 1482 1481
f 1407 1408 1482
f 1408 1483 1482
f 1408 1409 1483
f 1409 1484 1483
f 1409 1410 1484
f 1410 1485 1484
f 1410 1411 1485
f 1411 1486 1485
f 1411 1412 1486
f 1412 1487 1486
f 1412 1413 1487
f 1413 1488 1487
f 1413 1414 1488
f 1414 1489 1488
f 1414 1415 1489
f 1415 1490 1489
f 1415 1416 1490
f 1416 1491 1490
f 1416 1417 1491
f 1417 1492 1491
f 1417 1418 1492
f 1418 1493 1492
f 1418 1419 1493
f 1419 1494 1493
f 1419 1420 1494
f 1420 1495 1494
f 1420 1421 1495
f 1421 1496 1495
f 1421 1422 1496
f 1422 1497 1496
f 1422 1423 1497
f 1423 1498 1497
f 1423 1424 1498
f 1424 1499 1498
f 1424 1425 1499
f 1425 1500 1499
f 1425 1426 1500
f 1426 1501 1500
f 1426 1427 1501
f 1427 1502 1501
f 1427 1428 1502
f 1428 1503 1502
f 1428 1429 1503
f 1429 1504 1503
f 1429 1430 1504
f 1430 1505 1504
f 1430 1431 1505
f 1431 1506 1505
f 1431 1432 1506
f 1432 1507 1506
f 1432 1433 1507
f 1433 1508 1507
f 1433 1434 1508
f 1434 1509 1508
f 1434 1435 1509
f 1435 1510 1509
f 1435 1436 1510
f 1436 1511 1510
f 1436 1437 1511
f 1437 1512 1511
f 1437 1438 1512
f 1438 1513 1512
f 1438 1439 1513
f 1439 1514 1513
f 1439 1440 1514
f 1440 1515 1514
f 1440 1441 1515
f 1441 1516 1515
f 1441 1442 1516
f 1442 1517 1516
f 1442 1443 1517
f 1443 1518 1517
f 1443 1444 1518
f 1444 1519 1518
f 1444 1445 1519
f 1445 1520 1519
f 1445 1446 1520
f 1446 1521 1520
f 1446 1447 1521
f 1447 1522 1521
f 1447 1448 1522
f 1448 1523 1522
f 1448 1449 1523
f 1449 1524 1523
f 1449 1450 1524
f 1450 1525 1524
f 1450 1451 1525
f 1451 1526 1525
f 1451 1452 1526
f 1452 1527 1526
f 1452 1453 1527
f 1453 1528 1527
f 1453 1454 1528
f 1454 1529 1528
f 1454 1455 1529
f 1456 1530 1531
f 1456 1531 1457
f 1457 1531 1532
f 1457 1532 1458
f 1458 1532 1533
f 1458 1533 1459
f 1459 1533 1534
f 1459 1534 1460
f 1460 1534 1535
f 1460 1535 1461
f 1461 1535 1536
f 1461 1536 1462
f 1462 1536 1537
f 1462 1537 1463
f 1463 1537 1538
f 1463 1538 1464
f 1464 1538 1539
f 1464 1539 1465
f 1465 1539 1540
f 1465 1540 1466
f 1466 1540 1541
f 1466 1541 1467
f 1467 1541 1542
f 1467 1542 1468
f 1468 1542 1543
f 1468 1543 1469
f 1469 1543 1544
f 1469 1544 1470
f 1470 1544 1545
f 1470 1545 1471
f 1471 1545 1546
f 1471 1546 1472
f 1472 1546 1547
f 1472 1547 1473
f 1473 1547 1548
f 1473 1548 1474
f 1474 1548 1549
f 1474 1549 1475
f 1475 1549 1550
f 1475 1550 1476
f 1476 1550 1551
f 1476 1551 1477
f 1477 1551 1552
f 1477 1552 1478
f 1478 1552 1553
f 1478 1553 1479
f 1479 1553 1554
f 1479 1554 1480
f 1481 1556 1555
f 1481 1482 1556
f 1482 1557 1556
f 1482 1483 1557
f 1483 1558 1557
f 1483 1484 1558
f 1484 1559 1558
f 1484 1485 1559
f 1485 1560 1559
f 1485 1486 1560
f 1486 1561 1560
f 1486 1487 1561
f 1487 1562 1561
f 1487 1488 1562
f 1488 1563 1562
f 1488 1489 1563
f 1489 1564 1563
f 1489 1490 1564
f 1490 1565 1564
f 1490 1491 1565
f 1491 1566 1565
f 1491 1492 1566
f 1492 1567 1566
f 1492 1493 1567
f 1493 1568 1567
f 1493 1494 1568
f 1494 1569 1568
f 1494 1495 1569
f 1495 1570 1569
f 1495 1496 1570
f 1496 1571 1570
f 1496 1497 1571
f 1497 1572 1571
f 1497 1498 1572
f 1498 1573 1572
f 1498 1499 1573
f 1499 1574 1573
f 1499 1500 1574
f 1500 1575 1574
f 1500 1501 1575
f 1501 1576 1575
f 1501 1502 1576
f 1502 1577 1576
f 1502 1503 1577
f 1503 1578 1577
f 1503 1504 1578
f 1504 1579 1578
f 1504 1505 1579
f 1505 1580 1579
f 1505 1506 1580
f 1506 1581 1580
f 1506 1507 1581
f 1507 1582 1581
f 1507 1508 1582
f 1508 1583 1582
f 1508 1509 1583
f 1509 1584 1583
f 1509 1510 1584
f 1510 1585 1584
f 1510 1511 1585
f 1511 1586 1585
f 1511 1512 1586
f 1512 1587 1586
f 1512 1513 1587
f 1513 1588 1587
f 1513 1514 1588
f 1514 1589 1588
f 1514 1515 1589
f 1515 1590 1589
f 1515 1516 1590
f 1516 1591 1590
f 1516 1517 1591
f 1517 1592 1591
f 1517 1518 1592
f 1518 1593 1592
f 1518 1519 1593
f 1519 1594 1593
f 1519 1520 1594
f 1520 1595 1594
f 1520 1521 1595
f 1521 1596 1595
f 1521 1522 1596
f 1522 1597 1596
f 1522 1523 1597
f 1523 1598 1597
f 1523 1524 1598
f 1524 1599 1598
f 1524 1525 1599
f 1525 1600 1599
f 1525 1526 1600
f 1526 1601 1600
f 1526 1527 1601
f 1527 1602 1601
f 1527 1528 1602
f 1528 1603 1602
f 1528 1529 1603
f 1530 1604 1605
f 1530 1605 1531
f 1531 1605 1606
f 1531 1606 1532
f 1532 1606 1607
f 1532 1607 1533
f 1533 1607 1608
f 1533 1608 1534
f 1534 1608 1609
f 1534 1609 1535
f 1535 1609 1610
f 1535 1610 1536
f 1536 1610 1611
f 1536 1611 1537
f 1537 1611 1612
f 1537 1612 1538
f 1538 1612 1613
f 1538 1613 1539
f 1539 1613 1614
f 1539 1614 1540
f 1540 1614 1615
f 1540 1615 1541
f 1541 1615 1616
f 1541 1616 1542
f 1542 1616 1617
f 1542 1617 1543
f 1543 1617 1618
f 1543 1618 1544
f 1544 1618 1619
f 1544 1619 1545
f 1545 1619 1620
f 1545 1620 1546
f 1546 1620 1621
f 1546 1621 1547
f 1547 1621 1622
f 1547 1622 1548
f 1548 1622 1623
f 1548 1623 1549
f 1549 1623 1624
f 1549 1624 1550
f 1550 1624 1625
f 1550 1625 1551
f 1551 1625 1626
f 1551 1626 1552
f 1552 1626 1627
f 1552 1627 1553
f 1553 1627 1628
f 1553 1628 1554
f 1555 1630 1629
f 1555 1556 1630
f 1556 1631 1630
f 1556 1557 1631
f 1557 1632 1631
f 1557 1558 1632
f 1558 1633 1632
f 1558 1559 1633
f 1559 1634 1633
f 1559 1560 1634
f 1560 1635 1634
f 1560 1561 1635
f 1561 1636 1635
f 1561 1562 1636
f 1562 1637 1636
f 1562 1563 1637
f 1563 1638 1637
f 1563 1564 1638
f 1564 1639 1638
f 1564 1565 1639
f 1565 1640 1639
f 1565 1566 1640
f 1566 1641 1640
f 1566 1567 1641
f 1567 1642 1641
f 1567 1568 1642
f 1568 1643 1642
f 1568 1569 1643
f 1569 1644 1643
f 1569 1570 1644
f 1570 1645 1644
f 1570 1571 1645
f 1571 1646 1645
f 1571 1572 1646
f 1572 1647 1646
f 1572 1573 1647
f 1573 1648 1647
f 1573 1574 1648
f 1574 1649 1648
f 1574 1575 1649
f 1575 1650 1649
f 1575 1576 1650
f 1576 1651 1650
f 1576 1577 1651
f 1577 1652 1651
f 1577 1578 1652
f 1578 1653 1652
f 1578 1579 1653
f 1579 1654 1653
f 1579 1580 1654
f 1580 1655 1654
f 1580 1581 1655
f 1581 1656 1655
f 1581 1582 1656
f 1582 1657 1656
f 1582 1583 1657
f 1583 1658 1657
f 1583 1584 1658
f 1584 1659 1658
f 1584 1585 1659
f 1585 1660 1659
f 1585 1586 1660
f 1586 1661 1660
f 1586 1587 1661
f 1587 1662 1661
f 1587 1588 1662
f 1588 1663 1662
f 1588 1589 1663
f 1589 1664 1663
f 1589 1590 1664
f 1590 1665 1664
f 1590 1591 1665
f 1591 1666 1665
f 1591 1592 1666
f 1592 1667 1666
f 1592 1593 1667
f 1593 1668 1667
f 1593 1594 1668
f 1594 1669 1668
f 1594 1595 1669
f 1595 1670 1669
f 1595 1596 1670
f 1596 1671 1670
f 1596 1597 1671
f 1597 1672 1671
f 1597 1598 1672
f 1598 1673 1672
f 1598 1599 1673
f 1599 1674 1673
f 1599 1600 1674
f 1600 1675 1674
f 1600 1601 1675
f 1601 1676 1675
f 1601 1602 1676
f 1602 1677 1676
f 1602 1603 1677
f 1604 1678 1679
f 1604 1679 1605
f 1605 1679 1680
f 1605 1680 1606
f 1606 1680 1681
f 1606 1681 1607
f 1607 1681 1682
f 1607 1682 1608
f 1608 1682 1683
f 1608 1683 1609
f 1609 1683 1684
f 1609 1684 1610
f 1610 1684 1685
f 1610 1685 1611
f 1611 1685 1686
f 1611 1686 1612
f 1612 1686 1687
f 1612 1687 1613
f 1613 1687 1688
f 1613 1688 1614
f 1614 1688 1689
f 1614 1689 1615
f 1615 1689 1690
f 1615 1690 1616
f 1616 1690 1691
f 1616 1691 1617
f 1617 1691 1692
f 1617 1692 1618
f 1618 1692 1693
f 1618 1693 1619
f 1619 1693 1694
f 1619 1694 1620
f 1620 1694 1695
f 1620 1695 1621
f 1621 1695 1696
f 1621 1696 1622
f 1622 1696 1697
f 1622 1697 1623
f 1623 1697 1698
f 1623 1698 1624
f 1624 1698 1699
f 1624 1699 1625
f 1625 1699 1700
f 1625 1700 1626
f 1626 1700 1701
f 1626 1701 1627
f 1627 1701 1702
f 1627 1702 1628
f 1629 1704 1703
f 1629 1630 1704
f 1630 1705 1704
f 1630 1631 1705
f 1631 1706 1705
f 1631 1632 1706
f 1632 1707 1706
f 1632 1633 1707
f 1633 1708 1707
f 1633 1634 1708
f 1634 1709 1708
f 1634 1635 1709
f 1635 1710 1709
f 1635 1636 1710
f 1636 1711 1710
f 1636 1637 1711
f 1637 1712 1711
f 1637 1638 1712
f 1638 1713 1712
f 1638 1639 1713
f 1639 1714 1713
f 1639 1640 1714
f 1640 1715 1714
f 1640 1641 1715
f 1641 1716 1715
f 1641 1642 1716
f 1642 1717 1716
f 1642 1643 1717
f 1643 1718 1717
f 1643 1644 1718
f 1644 1719 1718
f 1644 1645 1719
f 1645 1720 1719
f 1645 1646 1720
f 1646 1721 1720
f 1646 1647 1721
f 1647 1722 1721
f 1647 1648 1722
f 1648 1723 1722
f 1648 1649 1723
f 1649 1724 1723
f 1649 1650 1724
f 1650 1725 1724
f 1650 1651 1725
f 1651 1726 1725
f 1651 1652 1726
f 1652 1727 1726
f 1652 1653 1727
f 1653 1728 1727
f 1653 1654 1728
f 1654 1729 1728
f 1654 1655 1729
f 1655 1730 1729
f 1655 1656 1730
f 1656 1731 1730
f 1656 1657 1731
f 1657 1732 1731
f 1657 1658 1732
f 1658 1733 1732
f 1658 1659 1733
f 1659 1734 1733
f 1659 1660 1734
f 1660 1735 1734
f 1660 1661 1735
f 1661 1736 1735
f 1661 1662 1736
f 1662 1737 1736
f 1662 1663 1737
f 1663 1738 1737
f 1663 1664 1738
f 1664 1739 1738
f 1664 1665 1739
f 1665 1740 1739
f 1665 1666 1740
f 1666 1741 1740
f 1666 1667 1741
f 1667 1742 1741
f 1667 1668 1742
f 1668 1743 1742
f 1668 1669 1743
f 1669 1744 1743
f 1669 1670 1744
f 1670 1745 1744
f 1670 1671 1745
f 1671 1746 1745
f 1671 1672 1746
f 1672 1747 1746
f 1672 1673 1747
f 1673 1748 1747
f 1673 1674 1748
f 1674 1749 1748
f 1674 1675 1749
f 1675 1750 1749
f 1675 1676 1750
f 1676 1751 1750
f 1676 1677 1751
f 1678 1752 1753
f 1678 1753 1679
f 1679 1753 1754
f 1679 1754 1680
f 1680 1754 1755
f 1680 1755 1681
f 1681 1755 1756
f 1681 1756 1682
f 1682 1756 1757
f 1682 1757 1683
f 1683 1757 1758
f 1683 1758 1684
f 1684 1758 1759
f 1684 1759 1685
f 1685 1759 1760
f 1685 1760 1686
f 1686 1760 1761
f 1686 1761 1687
f 1687 1761 1762
f 1687 1762 1688
f 1688 1762 1763
f 1688 1763 1689
f 1689 1763 1764
f 1689 1764 1690
f 1690 1764 1765
f 1690 1765 1691
f 1691 1765 1766
f 1691 1766 1692
f 1692 1766 1767
f 1692 1767 1693
f 1693 1767 1768
f 1693 1768 1694
f 1694 1768 1769
f 1694 1769 1695
f 1695 1769 1770
f 1695 1770 1696
f 1696 1770 1771
f 1696 1771 1697
f 1697 1771 1772
f 1697 1772 1698
f 1698 1772 1773
f 1698 1773 1699
f 1699 1773 1774
f 1699 1774 1700
f 1700 1774 1775
f 1700 1775 1701
f 1701 1775 1776
f 1701 1776 1702
f 1703 1778 1777
f 1703 1704 1778
f 1704 1779 1778
f 1704 1705 1779
f 1705 1780 1779
f 1705 1706 1780
f 1706 1781 1780
f 1706 1707 1781
f 1707 1782 1781
f 1707 1708 1782
f 1708 1783 1782
f 1708 1709 1783
f 1709 1784 1783
f 1709 1710 1784
f 1710 1785 1784
f 1710 1711 1785
f 1711 1786 1785
f 1711 1712 1786
f 1712 1787 1786
f 1712 1713 1787
f 1713 1788 1787
f 1713 1714 1788
f 1714 1789 1788
f 1714 1715 1789
f 1715 1790 1789
f 1715 1716 1790
f 1716 1791 1790
f 1716 1717 1791
f 1717 1792 1791
f 1717 1718 1792
f 1718 1793 1792
f 1718 1719 1793
f 1719 1794 1793
f 1719 1720 1794
f 1720 1795 1794
f 1720 1721 1795
f 1721 1796 1795
f 1721 1722 1796
f 1722 1797 1796
f 1722 1723 1797
f 1723 1798 1797
f 1723 1724 1798
f 1724 1799 1798
f 1724 1725 1799
f 1725 1800 1799
f 1725 1726 1800
f 1726 1801 1800
f 1726 1727 1801
f 1727 1802 1801
f 1727 1728 1802
f 1728 1803 1802
f 1728 1729 1803
f 1729 1804 1803
f 1729 1730 1804
f 1730 1805 1804
f 1730 1731 1805
f 1731 1806 1805
f 1731 1732 1806
f 1732 1807 1806
f 1732 1733 1807
f 1733 1808 1807
f 1733 1734 1808
f 1734 1809 1808
f 1734 1735 1809
f 1735 1810 1809
f 1735 1736 1810
f 1736 1811 1810
f 1736 1737 1811
f 1737 1812 1811
f 1737 1738 1812
f 1738 1813 1812
f 1738 1739 1813
f 1739 1814 1813
f 1739 1740 1814
f 1740 1815 1814
f 1740 1741 1815
f 1741 1816 1815
f 1741 1742 1816
f 1742 1817 1816
f 1742 1743 1817
f 1743 1818 1817
f 1743 1744 1818
f 1744 1819 1818
f 1744 1745 1819
f 1745 1820 1819
f 1745 1746 1820
f 1746 1821 1820
f 1746 1747 1821
f 1747 1822 1821
f 1747 1748 1822
f 1748 1823 1822
f 1748 1749 1823
f 1749 1824 1823
f 1749 1750 1824
f 1750 1825 1824
f 1750 1751 1825
f 1752 1826 1827
f 1752 1827 1753
f 1753 1827 1828
f 1753 1828 1754
f 1754 1828 1829
f 1754 1829 1755
f 1755 1829 1830
f 1755 1830 1756
f 1756 1830 1831
f 1756 1831 1757
f 1757 1831 1832
f 1757 1832 1758
f 1758 1832 1833
f 1758 1833 1759
f 1759 1833 1834
f 1759 1834 1760
f 1760 1834 1835
f 1760 1835 1761
f 1761 1835 1836
f 1761 1836 1762
f 1762 1836 1837
f 1762 1837 1763
f 1763 1837 1838
f 1763 1838 1764
f 1764 1838 1839
f 1764 1839 1765
f 1765 1839 1840
f 1765 1840 1766
f 1766 1840 1841
f 1766 1841 1767
f 1767 1841 1842
f 1767 1842 1768
f 1768 1842 1843
f 1768 1843 1769
f 1769 1843 1844
f 1769 1844 1770
f 1770 1844 1845
f 1770 1845 1771
f 1771 1845 1846
f 1771 1846 1772
f 1772 1846 1847
f 1772 1847 1773
f 1773 1847 1848
f 1773 1848 1774
f 1774 1848 1849
f 1774 1849 1775
f 1775 1849 1850
f 1775 1850 1776
f 1777 1852 1851
f 1777 1778 1852
f 1778 1853 1852
f 1778 1779 1853
f 1779 1854 1853
f 1779 1780 1854
f 1780 1855 1854
f 1780 1781 1855
f 1781 1856 1855
f 1781 1782 1856
f 1782 1857 1856
f 1782 1783 1857
f 1783 1858 1857
f 1783 1784 1858
f 1784 1859 1858
f 1784 1785 1859
f 1785 1860 1859
f 1785 1786 1860
f 1786 1861 1860
f 1786 1787 1861
f 1787 1862 1861
f 1787 1788 1862
f 1788 1863 1862
f 1788 1789 1863
f 1789 1864 1863
f 1789 1790 1864
f 1790 1865 1864
f 1790 1791 1865
f 1791 1866 1865
f 1791 1792 1866
f 1792 1867 1866
f 1792 1793 1867
f 1793 1868 1867
f 1793 1794 1868
f 1794 1869 1868
f 1794 1795 1869
f 1795 1870 1869
f 1795 1796 1870
f 1796 1871 1870
f 1796 1797 1871
f 1797 1872 1871
f 1797 1798 1872
f 1798 1873 1872
f 1798 1799 1873
f 1799 1874 1873
f 1799 1800 1874
f 1800 1875 1874
f 1800 1801 1875
f 1801 1876 1875
f 1801 1802 1876
f 1802 1877 1876
f 1802 1803 1877
f 1803 1878 1877
f 1803 1804 1878
f 1804 1879 1878
f 1804 1805 1879
f 1805 1880 1879
f 1805 1806 1880
f 1806 1881 1880
f 1806 1807 1881
f 1807 1882 1881
f 1807 1808 1882
f 1808 1883 1882
f 1808 1809 1883
f 1809 1884 1883
f 1809 1810 1884
f 1810 1885 1884
f 1810 1811 1885
f 1811 1886 1885
f 1811 1812 1886
f 1812 1887 1886
f 1812 1813 1887
f 1813 1888 1887
f 1813 1814 1888
f 1814 1889 1888
f 1814 1815 1889
f 1815 1890 1889
f 1815 1816 1890
f 1816 1891 1890
f 1816 1817 1891
f 1817 1892 1891
f 1817 1818 1892
f 1818 1893 1892
f 1818 1819 1893
f 1819 1894 1893
f 1819 1820 1894
f 1820 1895 1894
f 1820 1821 1895
f 1821 1896 1895
f 1821 1822 1896
f 1822 1897 1896
f 1822 1823 1897
f 1823 1898 1897
f 1823 1824 1898
f 1824 1899 1898
f 1824 1825 1899
f 1826 1900 1901
f 1826 1901 1827
f 1827 1901 1902
f 1827 1902 1828
f 1828 1902 1903
f 1828 1903 1829
f 1829 1903 1904
f 1829 1904 1830
f 1830 1904 1905
f 1830 1905 1831
f 1831 1905 1906
f 1831 1906 1832
f 1832 1906 1907
f 1832 1907 1833
f 1833 1907 1908
f 1833 1908 1834
f 1834 1908 1909
f 1834 1909 1835
f 1835 1909 1910
f 1835 1910 1836
f 1836 1910 1911
f 1836 1911 1837
f 1837 1911 1912
f 1837 1912 1838
f 1838 1912 1913
f 1838 1913 1839
f 1839 1913 1914
f 1839 1914 1840
f 1840 1914 1915
f 1840 1915 1841
f 1841 1915 1916
f 1841 1916 1842
f 1842 1916 1917
f 1842 1917 1843
f 1843 1917 1918
f 1843 1918 1844
f 1844 1918 1919
f 1844 1919 1845
f 1845 1919 1920
f 1845 1920 1846
f 1846 1920 1921
f 1846 1921 1847
f 1847 1921 1922
f 1847 1922 1848
f 1848 1922 1923
f 1848 1923 1849
f 1849 1923 1924
f 1849 1924 1850
f 1851 1926 1925
f 1851 1852 1926
f 1852 1927 1926
f 1852 1853 1927
f 1853 1928 1927
f 1853 1854 1928
f 1854 1929 1928
f 1854 1855 1929
f 1855 1930 1929
f 1855 1856 1930
f 1856 1931 1930
f 1856 1857 1931
f 1857 1932 1931
f 1857 1858 1932
f 1858 1933 1932
f 1858 1859 1933
f 1859 1934 1933
f 1859 1860 1934
f 1860 1935 1934
f 1860 1861 1935
f 1861 1936 1935
f 1861 1862 1936
f 1862 1937 1936
f 1862 1863 1937
f 1863 1938 1937
f 1863 1864 1938
f 1864 1939 1938
f 1864 1865 1939
f 1865 1940 1939
f 1865 1866 1940
f 1866 1941 1940
f 1866 1867 1941
f 1867 1942 1941
f 1867 1868 1942
f 1868 1943 1942
f 1868 1869 1943
f 1869 1944 1943
f 1869 1870 1944
f 1870 1945 1944
f 1870 1871 1945
f 1871 1946 1945
f 1871 1872 1946
f 1872 1947 1946
f 1872 1873 1947
f 1873 1948 1947
f 1873 1874 1948
f 1874 1949 1948
f 1874 1875 1949
f 1875 1950 1949
f 1875 1876 1950
f 1876 1951 1950
f 1876 1877 1951
f 1877 1952 1951
f 1877 1878 1952
f 1878 1953 1952
f 1878 1879 1953
f 1879 1954 1953
f 1879 1880 1954
f 1880 1955 1954
f 1880 1881 1955
f 1881 1956 1955
f 1881 1882 1956
f 1882 1957 1956
f 1882 1883 1957
f 1883 1958 1957
f 1883 1884 1958
f 1884 1959 1958
f 1884 1885 1959
f 1885 1960 1959
f 1885 1886 1960
f 1886 1961 1960
f 1886 1887 1961
f 1887 1962 1961
f 1887 1888 1962
f 1888 1963 1962
f 1888 1889 1963
f 1889 1964 1963
f 1889 1890 1964
f 1890 1965 1964
f 1890 1891 1965
f 1891 1966 1965
f 1891 1892 1966
f 1892 1967 1966
f 1892 1893 1967
f 1893 1968 1967
f 1893 1894 1968
f 1894 1969 1968
f 1894 1895 1969
f 1895 1970 1969
f 1895 1896 1970
f 1896 1971 1970
f 1896 1897 1971
f 1897 1972 1971
f 1897 1898 1972
f 1898 1973 1972
f 1898 1899 1973
f 1900 1974 1975
f 1900 1975 1901
f 1901 1975 1976
f 1901 1976 1902
f 1902 1976 1977
f 1902 1977 1903
f 1903 1977 1978
f 1903 1978 1904
f 1904 1978 1979
f 1904 1979 1905
f 1905 1979 1980
f 1905 1980 1906
f 1906 1980 1981
f 1906 1981 1907
f 1907 1981 1982
f 1907 1982 1908
f 1908 1982 1983
f 1908 1983 1909
f 1909 1983 1984
f 1909 1984 1910
f 1910 1984 1985
f 1910 1985 1911
f 1911 1985 1986
f 1911 1986 1912
f 1912 1986 1987
f 1912 1987 1913
f 1913 1987 1988
f 1913 1988 1914
f 1914 1988 1989
f 1914 1989 1915
f 1915 1989 1990
f 1915 1990 1916
f 1916 1990 1991
f 1916 1991 1917
f 1917 1991 1992
f 1917 1992 1918
f 1918 1992 1993
f 1918 1993 1919
f 1919 1993 1994
f 1919 1994 1920
f 1920 1994 1995
f 1920 1995 1921
f 1921 1995 1996
f 1921 1996 1922
f 1922 1996 1997
f 1922 1997 1923
f 1923 1997 1998
f 1923 1998 1924
f 1925 2000 1999
f 1925 1926 2000
f 1926 2001 2000
f 1926 1927 2001
f 1927 2002 2001
f 1927 1928 2002
f 1928 2003 2002
f 1928 1929 2003
f 1929 2004 2003
f 1929 1930 2004
f 1930 2005 2004
f 1930 1931 2005
f 1931 2006 2005
f 1931 1932 2006
f 1932 2007 2006
f 1932 1933 2007
f 1933 2008 2007
f 1933 1934 2008
f 1934 2009 2008
f 1934 1935 2009
f 1935 2010 2009
f 1935 1936 2010
f 1936 2011 2010
f 1936 1937 2011
f 1937 2012 2011
f 1937 1938 2012
f 1938 2013 2012
f 1938 1939 2013
f 1939 2014 2013
f 1939 1940 2014
f 1940 2015 2014
f 1940 1941 2015
f 1941 2016 2015
f 1941 1942 2016
f 1942 2017 2016
f 1942 1943 2017
f 1943 2018 2017
f 1943 1944 2018
f 1944 2019 2018
f 1944 1945 2019
f 1945 2020 2019
f 1945 1946 2020
f 1946 2021 2020
f 1946 1947 2021
f 1947 2022 2021
f 1947 1948 2022
f 1948 2023 2022
f 1948 1949 2023
f 1949 2024 2023
f 1949 1950 2024
f 1950 2025 2024
f 1950 1951 2025
f 1951 2026 2025
f 1951 1952 2026
f 1952 2027 2026
f 1952 1953 2027
f 1953 2028 2027
f 1953 1954 2028
f 1954 2029 2028
f 1954 1955 2029
f 1955 2030 2029
f 1955 1956 2030
f 1956 2031 2030
f 1956 1957 2031
f 1957 2032 2031
f 1957 1958 2032
f 1958 2033 2032
f 1958 1959 2033
f 1959 2034 2033
f 1959 1960 2034
f 1960 2035 2034
f 1960 1961 2035
f 1961 2036 2035
f 1961 1962 2036
f 1962 2037 2036
f 1962 1963 2037
f 1963 2038 2037
f 1963 1964 2038
f 1964 2039 2038
f 1964 1965 2039
f 1965 2040 2039
f 1965 1966 2040
f 1966 2041 2040
f 1966 1967 2041
f 1967 2042 2041
f 1967 1968 2042
f 1968 2043 2042
f 1968 1969 2043
f 1969 2044 2043
f 1969 1970 2044
f 1970 2045 2044
f 1970 1971 2045
f 1971 2046 2045
f 1971 1972 2046
f 1972 2047 2046
f 1972 1973 2047
f 1974 2048 2049
f 1974 2049 1975
f 1975 2049 2050
f 1975 2050 1976
f 1976 2050 2051
f 1976 2051 1977
f 1977 2051 2052
f 1977 2052 1978
f 1978 2052 2053
f 1978 2053 1979
f 1979 2053 2054
f 1979 2054 1980
f 1980 2054 2055
f 1980 2055 1981
f 1981 2055 2056
f 1981 2056 1982
f 1982 2056 2057
f 1982 2057 1983
f 1983 2057 2058
f 1983 2058 1984
f 1984 2058 2059
f 1984 2059 1985
f 1985 2059 2060
f 1985 2060 1986
f 1986 2060 2061
f 1986 2061 1987
f 1987 2061 2062
f 1987 2062 1988
f 1988 2062 2063
f 1988 2063 1989
f 1989 2063 2064
f 1989 2064 1990
f 1990 2064 2065
f 1990 2065 1991
f 1991 2065 2066
f 1991 2066 1992
f 1992 2066 2067
f 1992 2067 1993
f 1993 2067 2068
f 1993 2068 1994
f 1994 2068 2069
f 1994 2069 1995
f 1995 2069 2070
f 1995 2070 1996
f 1996 2070 2071
f 1996 2071 1997
f 1997 2071 2072
f 1997 2072 1998
f 1999 2074 2073
f 1999 2000 2074
f 2000 2075 2074
f 2000 2001 2075
f 2001 2076 2075
f 2001 2002 2076
f 2002 2077 2076
f 2002 2003 2077
f 2003 2078 2077
f 2003 2004 2078
f 2004 2079 2078
f 2004 2005 2079
f 2005 2080 2079
f 2005 2006 2080
f 2006 2081 2080
f 2006 2007 2081
f 2007 2082 2081
f 2007 2008 2082
f 2008 2083 2082
f 2008 2009 2083
f 2009 2084 2083
f 2009 2010 2084
f 2010 2085 2084
f 2010 2011 2085
f 2011 2086 2085
f 2011 2012 2086
f 2012 2087 2086
f 2012 2013 2087
f 2013 2088 2087
f 2013 2014 2088
f 2014 2089 2088
f 2014 2015 2089
f 2015 2090 2089
f 2015 2016 2090
f 2016 2091 2090
f 2016 2017 2091
f 2017 2092 2091
f 2017 2018 2092
f 2018 2093 2092
f 2018 2019 2093
f 2019 2094 2093
f 2019 2020 2094
f 2020 2095 2094
f 2020 2021 2095
f 2021 2096 2095
f 2021 2022 2096
f 2022 2097 2096
f 2022 2023 2097
f 2023 2098 2097
f 2023 2024 2098
f 2024 2099 2098
f 2024 2025 2099
f 2025 2100 2099
f 2025 2026 2100
f 2026 2101 2100
f 2026 2027 2101
f 2027 2102 2101
f 2027 2028 2102
f 2028 2103 2102
f 2028 2029 2103
f 2029 2104 2103
f 2029 2030 2104
f 2030 2105 2104
f 2030 2031 2105
f 2031 2106 2105
f 2031 2032 2106
f 2032 2107 2106
f 2032 2033 2107
f 2033 2108 2107
f 2033 2034 2108
f 2034 2109 2108
f 2034 2035 2109
f 2035 2110 2109
f 2035 2036 2110
f 2036 2111 2110
f 2036 2037 2111
f 2037 2112 2111
f 2037 2038 2112
f 2038 2113 2112
f 2038 2039 2113
f 2039 2114 2113
f 2039 2040 2114
f 2040 2115 2114
f 2040 2041 2115
f 2041 2116 2115
f 2041 2042 2116
f 2042 2117 2116
f 2042 2043 2117
f 2043 2118 2117
f 2043 2044 2118
f 2044 2119 2118
f 2044 2045 2119
f 2045 2120 2119
f 2045 2046 2120
f 2046 2121 2120
f 2046 2047 2121
f 2048 2122 2123
f 2048 2123 2049
f 2049 2123 2124
f 2049 2124 2050
f 2050 2124 2125
f 2050 2125 2051
f 2051 2125 2126
f 2051 2126 2052
f 2052 2126 2127
f 2052 2127 2053
f 2053 2127 2128
f 2053 2128 2054
f 2054 2128 2129
f 2054 2129 2055
f 2055 2129 2130
f 2055 2130 2056
f 2056 2130 2131
f 2056 2131 2057
f 2057 2131 2132
f 2057 2132 2058
f 2058 2132 2133
f 2058 2133 2059
f 2059 2133 2134
f 2059 2134 2060
f 2060 2134 2135
f 2060 2135 2061
f 2061 2135 2136
f 2061 2136 2062
f 2062 2136 2137
f 2062 2137 2063
f 2063 2137 2138
f 2063 2138 2064
f 2064 2138 2139
f 2064 2139 2065
f 2065 2139 2140
f 2065 2140 2066
f 2066 2140 2141
f 2066 2141 2067
f 2067 2141 2142
f 2067 2142 2068
f 2068 2142 2143
f 2068 2143 2069
f 2069 2143 2144
f 2069 2144 2070
f 2070 2144 2145
f 2070 2145 2071
f 2071 2145 2146
f 2071 2146 2072
f 2073 2148 2147
f 2073 2074 2148
f 2074 2149 2148
f 2074 2075 2149
f 2075 2150 2149
f 2075 2076 2150
f 2076 2151 2150
f 2076 2077 2151
f 2077 2152 2151
f 2077 2078 2152
f 2078 2153 2152
f 2078 2079 2153
f 2079 2154 2153
f 2079 2080 2154
f 2080 2155 2154
f 2080 2081 2155
f 2081 2156 2155
f 2081 2082 2156
f 2082 2157 2156
f 2082 2083 2157
f 2083 2158 2157
f 2083 2084 2158
f 2084 2159 2158
f 2084 2085 2159
f 2085 2160 2159
f 2085 2086 2160
f 2086 2161 2160
f 2086 2087 2161
f 2087 2162 2161
f 2087 2088 2162
f 2088 2163 2162
f 2088 2089 2163
f 2089 2164 2163
f 2089 2090 2164
f 2090 2165 2164
f 2090 2091 2165
f 2091 2166 2165
f 2091 2092 2166
f 2092 2167 2166
f 2092 2093 2167
f 2093 2168 2167
f 2093 2094 2168
f 2094 2169 2168
f 2094 2095 2169
f 2095 2170 2169
f 2095 2096 2170
f 2096 2171 2170
f 2096 2097 2171
f 2097 2172 2171
f 2097 2098 2172
f 2098 2173 2172
f 2098 2099 2173
f 2099 2174 2173
f 2099 2100 2174
f 2100 2175 2174
f 2100 2101 2175
f 2101 2176 2175
f 2101 2102 2176
f 2102 2177 2176
f 2102 2103 2177
f 2103 2178 2177
f 2103 2104 2178
f 2104 2179 2178
f 2104 2105 2179
f 2105 2180 2179
f 2105 2106 2180
f 2106 2181 2180
f 2106 2107 2181
f 2107 2182 2181
f 2107 2108 2182
f 2108 2183 2182
f 2108 2109 2183
f 2109 2184 2183
f 2109 2110 2184
f 2110 2185 2184
f 2110 2111 2185
f 2111 2186 2185
f 2111 2112 2186
f 2112 2187 2186
f 2112 2113 2187
f 2113 2188 2187
f 2113 2114 2188
f 2114 2189 2188
f 2114 2115 2189
f 2115 2190 2189
f 2115 2116 2190
f 2116 2191 2190
f 2116 2117 2191
f 2117 2192 2191
f 2117 2118 2192
f 2118 2193 2192
f 2118 2119 2193
f 2119 2194 2193
f 2119 2120 2194
f 2120 2195 2194
f 2120 2121 2195
f 2122 2196 2197
f 2122 2197 2123
f 2123 2197 2198
f 2123 2198 2124
f 2124 2198 2199
f 2124 2199 2125
f 2125 2199 2200
f 2125 2200 2126
f 2126 2200 2201
f 2126 2201 2127
f 2127 2201 2202
f 2127 2202 2128
f 2128 2202 2203
f 2128 2203 2129
f 2129 2203 2204
f 2129 2204 2130
f 2130 2204 2205
f 2130 2205 2131
f 2131 2205 2206
f 2131 2206 2132
f 2132 2206 2207
f 2132 2207 2133
f 2133 2207 2208
f 2133 2208 2134
f 2134 2208 2209
f 2134 2209 2135
f 2135 2209 2210
f 2135 2210 2136
f 2136 2210 2211
f 2136 2211 2137
f 2137 2211 2212
f 2137 2212 2138
f 2138 2212 2213
f 2138 2213 2139
f 2139 2213 2214
f 2139 2214 2140
f 2140 2214 2215
f 2140 2215 2141
f 2141 2215 2216
f 2141 2216 2142
f 2142 2216 2217
f 2142 2217 2143
f 2143 2217 2218
f 2143 2218 2144
f 2144 2218 2219
f 2144 2219 2145
f 2145 2219 2220
f 2145 2220 2146
f 2147 2222 2221
f 2147 2148 2222
f 2148 2223 2222
f 2148 2149 2223
f 2149 2224 2223
f 2149 2150 2224
f 2150 2225 2224
f 2150 2151 2225
f 2151 2226 2225
f 2151 2152 2226
f 2152 2227 2226
f 2152 2153 2227
f 2153 2228 2227
f 2153 2154 2228
f 2154 2229 2228
f 2154 2155 2229
f 2155 2230 2229
f 2155 2156 2230
f 2156 2231 2230
f 2156 2157 2231
f 2157 2232 2231
f 2157 2158 2232
f 2158 2233 2232
f 2158 2159 2233
f 2159 2234 2233
f 2159 2160 2234
f 2160 2235 2234
f 2160 2161 2235
f 2161 2236 2235
f 2161 2162 2236
f 2162 2237 2236
f 2162 2163 2237
f 2163 2238 2237
f 2163 2164 2238
f 2164 2239 2238
f 2164 2165 2239
f 2165 2240 2239
f 2165 2166 2240
f 2166 2241 2240
f 2166 2167 2241
f 2167 2242 2241
f 2167 2168 2242
f 2168 2243 2242
f 2168 2169 2243
f 2169 2244 2243
f 2169 2170 2244
f 2170 2245 2244
f 2170 2171 2245
f 2171 2246 2245
f 2171 2172 2246
f 2172 2247 2246
f 2172 2173 2247
f 2173 2248 2247
f 2173 2174 2248
f 2174 2249 2248
f 2174 2175 2249
f 2175 2250 2249
f 2175 2176 2250
f 2176 2251 2250
f 2176 2177 2251
f 2177 2252 2251
f 2177 2178 2252
f 2178 2253 2252
f 2178 2179 2253
f 2179 2254 2253
f 2179 2180 2254
f 2180 2255 2254
f 2180 2181 2255
f 2181 2256 2255
f 2181 2182 2256
f 2182 2257 2256
f 2182 2183 2257
f 2183 2258 2257
f 2183 2184 2258
f 2184 2259 2258
f 2184 2185 2259
f 2185 2260 2259
f 2185 2186 2260
f 2186 2261 2260
f 2186 2187 2261
f 2187 2262 2261
f 2187 2188 2262
f 2188 2263 2262
f 2188 2189 2263
f 2189 2264 2263
f 2189 2190 2264
f 2190 2265 2264
f 2190 2191 2265
f 2191 2266 2265
f 2191 2192 2266
f 2192 2267 2266
f 2192 2193 2267
f 2193 2268 2267
f 2193 2194 2268
f 2194 2269 2268
f 2194 2195 2269
f 2196 2270 2271
f 2196 2271 2197
f 2197 2271 2272
f 2197 2272 2198
f 2198 2272 2273
f 2198 2273 2199
f 2199 2273 2274
f 2199 2274 2200
f 2200 2274 2275
f 2200 2275 2201
f 2201 2275 2276
f 2201 2276 2202
f 2202 2276 2277
f 2202 2277 2203
f 2203 2277 2278
f 2203 2278 2204
f 2204 2278 2279
f 2204 2279 2205
f 2205 2279 2280
f 2205 2280 2206
f 2206 2280 2281
f 2206 2281 2207
f 2207 2281 2282
f 2207 2282 2208
f 2208 2282 2283
f 2208 2283 2209
f 2209 2283 2284
f 2209 2284 2210
f 2210 2284 2285
f 2210 2285 2211
f 2211 2285 2286
f 2211 2286 2212
f 2212 2286 2287
f 2212 2287 2213
f 2213 2287 2288
f 2213 2288 2214
f 2214 2288 2289
f 2214 2289 2215
f 2215 2289 2290
f 2215 2290 2216
f 2216 2290 2291
f 2216 2291 2217
f 2217 2291 2292
f 2217 2292 2218
f 2218 2292 2293
f 2218 2293 2219
f 2219 2293 2294
f 2219 2294 2220
f 2221 2296 2295
f 2221 2222 2296
f 2222 2297 2296
f 2222 2223 2297
f 2223 2298 2297
f 2223 2224 2298
f 2224 2299 2298
f 2224 2225 2299
f 2225 2300 2299
f 2225 2226 2300
f 2226 2301 2300
f 2226 2227 2301
f 2227 2302 2301
f 2227 2228 2302
f 2228 2303 2302
f 2228 2229 2303
f 2229 2304 2303
f 2229 2230 2304
f 2230 2305 2304
f 2230 2231 2305
f 2231 2306 2305
f 2231 2232 2306
f 2232 2307 2306
f 2232 2233 2307
f 2233 2308 2307
f 2233 2234 2308
f 2234 2309 2308
f 2234 2235 2309
f 2235 2310 2309
f 2235 2236 2310
f 2236 2311 2310
f 2236 2237 2311
f 2237 2312 2311
f 2237 2238 2312
f 2238 2313 2312
f 2238 2239 2313
f 2239 2314 2313
f 2239 2240 2314
f 2240 2315 2314
f 2240 2241 2315
f 2241 2316 2315
f 2241 2242 2316
f 2242 2317 2316
f 2242 2243 2317
f 2243 2318 2317
f 2243 2244 2318
f 2244 2319 2318
f 2244 2245 2319
f 2245 2320 2319
f 2245 2246 2320
f 2246 2321 2320
f 2246 2247 2321
f 2247 2322 2321
f 2247 2248 2322
f 2248 2323 2322
f 2248 2249 2323
f 2249 2324 2323
f 2249 2250 2324
f 2250 2325 2324
f 2250 2251 2325
f 2251 2326 2325
f 2251 2252 2326
f 2252 2327 2326
f 2252 2253 2327
f 2253 2328 2327
f 2253 2254 2328
f 2254 2329 2328
f 2254 2255 2329
f 2255 2330 2329
f 2255 2256 2330
f 2256 2331 2330
f 2256 2257 2331
f 2257 2332 2331
f 2257 2258 2332
f 2258 2333 2332
f 2258 2259 2333
f 2259 2334 2333
f 2259 2260 2334
f 2260 2335 2334
f 2260 2261 2335
f 2261 2336 2335
f 2261 2262 2336
f 2262 2337 2336
f 2262 2263 2337
f 2263 2338 2337
f 2263 2264 2338
f 2264 2339 2338
f 2264 2265 2339
f 2265 2340 2339
f 2265 2266 2340
f 2266 2341 2340
f 2266 2267 2341
f 2267 2342 2341
f 2267 2268 2342
f 2268 2343 2342
f 2268 2269 2343
f 2270 2344 2345
f 2270 2345 2271
f 2271 2345 2346
f 2271 2346 2272
f 2272 2346 2347
f 2272 2347 2273
f 2273 2347 2348
f 2273 2348 2274
f 2274 2348 2349
f 2274 2349 2275
f 2275 2349 2350
f 2275 2350 2276
f 2276 2350 2351
f 2276 2351 2277
f 2277 2351 2352
f 2277 2352 2278
f 2278 2352 2353
f 2278 2353 2279
f 2279 2353 2354
f 2279 2354 2280
f 2280 2354 2355
f 2280 2355 2281
f 2281 2355 2356
f 2281 2356 2282
f 2282 2356 2357
f 2282 2357 2283
f 2283 2357 2358
f 2283 2358 2284
f 2284 2358 2359
f 2284 2359 2285
f 2285 2359 2360
f 2285 2360 2286
f 2286 2360 2361
f 2286 2361 2287
f 2287 2361 2362
f 2287 2362 2288
f 2288 2362 2363
f 2288 2363 2289
f 2289 2363 2364
f 2289 2364 2290
f 2290 2364 2365
f 2290 2365 2291
f 2291 2365 2366
f 2291 2366 2292
f 2292 2366 2367
f 2292 2367 2293
f 2293 2367 2368
f 2293 2368 2294
f 2295 2370 2369
f 2295 2296 2370
f 2296 2371 2370
f 2296 2297 2371
f 2297 2372 2371
f 2297 2298 2372
f 2298 2373 2372
f 2298 2299 2373
f 2299 2374 2373
f 2299 2300 2374
f 2300 2375 2374
f 2300 2301 2375
f 2301 2376 2375
f 2301 2302 2376
f 2302 2377 2376
f 2302 2303 2377
f 2303 2378 2377
f 2303 2304 2378
f 2304 2379 2378
f 2304 2305 2379
f 2305 2380 2379
f 2305 2306 2380
f 2306 2381 2380
f 2306 2307 2381
f 2307 2382 2381
f 2307 2308 2382
f 2308 2383 2382
f 2308 2309 2383
f 2309 2384 2383
f 2309 2310 2384
f 2310 2385 2384
f 2310 2311 2385
f 2311 2386 2385
f 2311 2312 2386
f 2312 2387 2386
f 2312 2313 2387
f 2313 2388 2387
f 2313 2314 2388
f 2314 2389 2388
f 2314 2315 2389
f 2315 2390 2389
f 2315 2316 2390
f 2316 2391 2390
f 2316 2317 2391
f 2317 2392 2391
f 2317 2318 2392
f 2318 2393 2392
f 2318 2319 2393
f 2319 2394 2393
f 2319 2320 2394
f 2320 2395 2394
f 2320 2321 2395
f 2321 2396 2395
f 2321 2322 2396
f 2322 2397 2396
f 2322 2323 2397
f 2323 2398 2397
f 2323 2324 2398
f 2324 2399 2398
f 2324 2325 2399
f 2325 2400 2399
f 2325 2326 2400
f 2326 2401 2400
f 2326 2327 2401
f 2327 2402 2401
f 2327 2328 2402
f 2328 2403 2402
f 2328 2329 2403
f 2329 2404 2403
f 2329 2330 2404
f 2330 2405 2404
f 2330 2331 2405
f 2331 2406 2405
f 2331 2332 2406
f 2332 2407 2406
f 2332 2333 2407
f 2333 2408 2407
f 2333 2334 2408
f 2334 2409 2408
f 2334 2335 2409
f 2335 2410 2409
f 2335 2336 2410
f 2336 2411 2410
f 2336 2337 2411
f 2337 2412 2411
f 2337 2338 2412
f 2338 2413 2412
f 2338 2339 2413
f 2339 2414 2413
f 2339 2340 2414
f 2340 2415 2414
f 2340 2341 2415
f 2341 2416 2415
f 2341 2342 2416
f 2342 2417 2416
f 2342 2343 2417
f 2344 2418 2419
f 2344 2419 2345
f 2345 2419 2420
f 2345 2420 2346
f 2346 2420 2421
f 2346 2421 2347
f 2347 2421 2422
f 2347 2422 2348
f 2348 2422 2423
f 2348 2423 2349
f 2349 2423 2424
f 2349 2424 2350
f 2350 2424 2425
f 2350 2425 2351
f 2351 2425 2426
f 2351 2426 2352
f 2352 2426 2427
f 2352 2427 2353
f 2353 2427 2428
f 2353 2428 2354
f 2354 2428 2429
f 2354 2429 2355
f 2355 2429 2430
f 2355 2430 2356
f 2356 2430 2431
f 2356 2431 2357
f 2357 2431 2432
f 2357 2432 2358
f 2358 2432 2433
f 2358 2433 2359
f 2359 2433 2434
f 2359 2434 2360
f 2360 2434 2435
f 2360 2435 2361
f 2361 2435 2436
f 2361 2436 2362
f 2362 2436 2437
f 2362 2437 2363
f 2363 2437 2438
f 2363 2438 2364
f 2364 2438 2439
f 2364 2439 2365
f 2365 2439 2440
f 2365 2440 2366
f 2366 2440 2441
f 2366 2441 2367
f 2367 2441 2442
f 2367 2442 2368
f 2369 2444 2443
f 2369 2370 2444
f 2370 2445 2444
f 2370 2371 2445
f 2371 2446 2445
f 2371 2372 2446
f 2372 2447 2446
f 2372 2373 2447
f 2373 2448 2447
f 2373 2374 2448
f 2374 2449 2448
f 2374 2375 2449
f 2375 2450 2449
f 2375 2376 2450
f 2376 2451 2450
f 2376 2377 2451
f 2377 2452 2451
f 2377 2378 2452
f 2378 2453 2452
f 2378 2379 2453
f 2379 2454 2453
f 2379 2380 2454
f 2380 2455 2454
f 2380 2381 2455
f 2381 2456 2455
f 2381 2382 2456
f 2382 2457 2456
f 2382 2383 2457
f 2383 2458 2457
f 2383 2384 2458
f 2384 2459 2458
f 2384 2385 2459
f 2385 2460 2459
f 2385 2386 2460
f 2386 2461 2460
f 2386 2387 2461
f 2387 2462 2461
f 2387 2388 2462
f 2388 2463 2462
f 2388 2389 2463
f 2389 2464 2463
f 2389 2390 2464
f 2390 2465 2464
f 2390 2391 2465
f 2391 2466 2465
f 2391 2392 2466
f 2392 2467 2466
f 2392 2393 2467
f 2393 2468 2467
f 2393 2394 2468
f 2394 2469 2468
f 2394 2395 2469
f 2395 2470 2469
f 2395 2396 2470
f 2396 2471 2470
f 2396 2397 2471
f 2397 2472 2471
f 2397 2398 2472
f 2398 2473 2472
f 2398 2399 2473
f 2399 2474 2473
f 2399 2400 2474
f 2400 2475 2474
f 2400 2401 2475
f 2401 2476 2475
f 2401 2402 2476
f 2402 2477 2476
f 2402 2403 2477
f 2403 2478 2477
f 2403 2404 2478
f 2404 2479 2478
f 2404 2405 2479
f 2405 2480 2479
f 2405 2406 2480
f 2406 2481 2480
f 2406 2407 2481
f 2407 2482 2481
f 2407 2408 2482
f 2408 2483 2482
f 2408 2409 2483
f 2409 2484 2483
f 2409 2410 2484
f 2410 2485 2484
f 2410 2411 2485
f 2411 2486 2485
f 2411 2412 2486
f 2412 2487 2486
f 2412 2413 2487
f 2413 2488 2487
f 2413 2414 2488
f 2414 2489 2488
f 2414 2415 2489
f 2415 2490 2489
f 2415 2416 2490
f 2416 2491 2490
f 2416 2417 2491
f 2418 2492 2493
f 2418 2493 2419
f 2419 2493 2494
f 2419 2494 2420
f 2420 2494 2495
f 2420 2495 2421
f 2421 2495 2496
f 2421 2496 2422
f 2422 2496 2497
f 2422 2497 2423
f 2423 2497 2498
f 2423 2498 2424
f 2424 2498 2499
f 2424 2499 2425
f 2425 2499 2500
f 2425 2500 2426
f 2426 2500 2501
f 2426 2501 2427
f 2427 2501 2502
f 2427 2502 2428
f 2428 2502 2503
f 2428 2503 2429
f 2429 2503 2504
f 2429 2504 2430
f 2430 2504 2505
f 2430 2505 2431
f 2431 2505 2506
f 2431 2506 2432
f 2432 2506 2507
f 2432 2507 2433
f 2433 2507 2508
f 2433 2508 2434
f 2434 2508 2509
f 2434 2509 2435
f 2435 2509 2510
f 2435 2510 2436
f 2436 2510 2511
f 2436 2511 2437
f 2437 2511 2512
f 2437 2512 2438
f 2438 2512 2513
f 2438 2513 2439
f 2439 2513 2514
f 2439 2514 2440
f 2440 2514 2515
f 2440 2515 2441
f 2441 2515 2516
f 2441 2516 2442
f 2443 2518 2517
f 2443 2444 2518
f 2444 2519 2518
f 2444 2445 2519
f 2445 2520 2519
f 2445 2446 2520
f 2446 2521 2520
f 2446 2447 2521
f 2447 2522 2521
f 2447 2448 2522
f 2448 2523 2522
f 2448 2449 2523
f 2449 2524 2523
f 2449 2450 2524
f 2450 2525 2524
f 2450 2451 2525
f 2451 2526 2525
f 2451 2452 2526
f 2452 2527 2526
f 2452 2453 2527
f 2453 2528 2527
f 2453 2454 2528
f 2454 2529 2528
f 2454 2455 2529
f 2455 2530 2529
f 2455 2456 2530
f 2456 2531 2530
f 2456 2457 2531
f 2457 2532 2531
f 2457 2458 2532
f 2458 2533 2532
f 2458 2459 2533
f 2459 2534 2533
f 2459 2460 2534
f 2460 2535 2534
f 2460 2461 2535
f 2461 2536 2535
f 2461 2462 2536
f 2462 2537 2536
f 2462 2463 2537
f 2463 2538 2537
f 2463 2464 2538
f 2464 2539 2538
f 2464 2465 2539
f 2465 2540 2539
f 2465 2466 2540
f 2466 2541 2540
f 2466 2467 2541
f 2467 2542 2541
f 2467 2468 2542
f 2468 2543 2542
f 2468 2469 2543
f 2469 2544 2543
f 2469 2470 2544
f 2470 2545 2544
f 2470 2471 2545
f 2471 2546 2545
f 2471 2472 2546
f 2472 2547 2546
f 2472 2473 2547
f 2473 2548 2547
f 2473 2474 2548
f 2474 2549 2548
f 2474 2475 2549
f 2475 2550 2549
f 2475 2476 2550
f 2476 2551 2550
f 2476 2477 2551
f 2477 2552 2551
f 2477 2478 2552
f 2478 2553 2552
f 2478 2479 2553
f 2479 2554 2553
f 2479 2480 2554
f 2480 2555 2554
f 2480 2481 2555
f 2481 2556 2555
f 2481 2482 2556
f 2482 2557 2556
f 2482 2483 2557
f 2483 2558 2557
f 2483 2484 2558
f 2484 2559 2558
f 2484 2485 2559
f 2485 2560 2559
f 2485 2486 2560
f 2486 2561 2560
f 2486 2487 2561
f 2487 2562 2561
f 2487 2488 2562
f 2488 2563 2562
f 2488 2489 2563
f 2489 2564 2563
f 2489 2490 2564
f 2490 2565 2564
f 2490 2491 2565
f 2492 2566 2567
f 2492 2567 2493
f 2493 2567 2568
f 2493 2568 2494
f 2494 2568 2569
f 2494 2569 2495
f 2495 2569 2570
f 2495 2570 2496
f 2496 2570 2571
f 2496 2571 2497
f 2497 2571 2572
f 2497 2572 2498
f 2498 2572 2573
f 2498 2573 2499
f 2499 2573 2574
f 2499 2574 2500
f 2500 2574 2575
f 2500 2575 2501
f 2501 2575 2576
f 2501 2576 2502
f 2502 2576 2577
f 2502 2577 2503
f 2503 2577 2578
f 2503 2578 2504
f 2504 2578 2579
f 2504 2579 2505
f 2505 2579 2580
f 2505 2580 2506
f 2506 2580 2581
f 2506 2581 2507
f 2507 2581 2582
f 2507 2582 2508
f 2508 2582 2583
f 2508 2583 2509
f 2509 2583 2584
f 2509 2584 2510
f 2510 2584 2585
f 2510 2585 2511
f 2511 2585 2586
f 2511 2586 2512
f 2512 2586 2587
f 2512 2587 2513
f 2513 2587 2588
f 2513 2588 2514
f 2514 2588 2589
f 2514 2589 2515
f 2515 2589 2590
f 2515 2590 2516
f 2517 2592 2591
f 2517 2518 2592
f 2518 2593 2592
f 2518 2519 2593
f 2519 2594 2593
f 2519 2520 2594
f 2520 2595 2594
f 2520 2521 2595
f 2521 2596 2595
f 2521 2522 2596
f 2522 2597 2596
f 2522 2523 2597
f 2523 2598 2597
f 2523 2524 2598
f 2524 2599 2598
f 2524 2525 2599
f 2525 2600 2599
f 2525 2526 2600
f 2526 2601 2600
f 2526 2527 2601
f 2527 2602 2601
f 2527 2528 2602
f 2528 2603 2602
f 2528 2529 2603
f 2529 2604 2603
f 2529 2530 2604
f 2530 2605 2604
f 2530 2531 2605
f 2531 2606 2605
f 2531 2532 2606
f 2532 2607 2606
f 2532 2533 2607
f 2533 2608 2607
f 2533 2534 2608
f 2534 2609 2608
f 2534 2535 2609
f 2535 2610 2609
f 2535 2536 2610
f 2536 2611 2610
f 2536 2537 2611
f 2537 2612 2611
f 2537 2538 2612
f 2538 2613 2612
f 2538 2539 2613
f 2539 2614 2613
f 2539 2540 2614
f 2540 2615 2614
f 2540 2541 2615
f 2541 2616 2615
f 2541 2542 2616
f 2542 2617 2616
f 2542 2543 2617
f 2543 2618 2617
f 2543 2544 2618
f 2544 2619 2618
f 2544 2545 2619
f 2545 2620 2619
f 2545 2546 2620
f 2546 2621 2620
f 2546 2547 2621
f 2547 2622 2621
f 2547 2548 2622
f 2548 2623 2622
f 2548 2549 2623
f 2549 2624 2623
f 2549 2550 2624
f 2550 2625 2624
f 2550 2551 2625
f 2551 2626 2625
f 2551 2552 2626
f 2552 2627 2626
f 2552 2553 2627
f 2553 2628 2627
f 2553 2554 2628
f 2554 2629 2628
f 2554 2555 2629
f 2555 2630 2629
f 2555 2556 2630
f 2556 2631 2630
f 2556 2557 2631
f 2557 2632 2631
f 2557 2558 2632
f 2558 2633 2632
f 2558 2559 2633
f 2559 2634 2633
f 2559 2560 2634
f 2560 2635 2634
f 2560 2561 2635
f 2561 2636 2635
f 2561 2562 2636
f 2562 2637 2636
f 2562 2563 2637
f 2563 2638 2637
f 2563 2564 2638
f 2564 2639 2638
f 2564 2565 2639
f 2566 2640 2641
f 2566 2641 2567
f 2567 2641 2642
f 2567 2642 2568
f 2568 2642 2643
f 2568 2643 2569
f 2569 2643 2644
f 2569 2644 2570
f 2570 2644 2645
f 2570 2645 2571
f 2571 2645 2646
f 2571 2646 2572
f 2572 2646 2647
f 2572 2647 2573
f 2573 2647 2648
f 2573 2648 2574
f 2574 2648 2649
f 2574 2649 2575
f 2575 2649 2650
f 2575 2650 2576
f 2576 2650 2651
f 2576 2651 2577
f 2577 2651 2652
f 2577 2652 2578
f 2578 2652 2653
f 2578 2653 2579
f 2579 2653 2654
f 2579 2654 2580
f 2580 2654 2655
f 2580 2655 2581
f 2581 2655 2656
f 2581 2656 2582
f 2582 2656 2657
f 2582 2657 2583
f 2583 2657 2658
f 2583 2658 2584
f 2584 2658 2659
f 2584 2659 2585
f 2585 2659 2660
f 2585 2660 2586
f 2586 2660 2661
f 2586 2661 2587
f 2587 2661 2662
f 2587 2662 2588
f 2588 2662 2663
f 2588 2663 2589
f 2589 2663 2664
f 2589 2664 2590
f 2591 2666 2665
f 2591 2592 2666
f 2592 2667 2666
f 2592 2593 2667
f 2593 2668 2667
f 2593 2594 2668
f 2594 2669 2668
f 2594 2595 2669
f 2595 2670 2669
f 2595 2596 2670
f 2596 2671 2670
f 2596 2597 2671
f 2597 2672 2671
f 2597 2598 2672
f 2598 2673 2672
f 2598 2599 2673
f 2599 2674 2673
f 2599 2600 2674
f 2600 2675 2674
f 2600 2601 2675
f 2601 2676 2675
f 2601 2602 2676
f 2602 2677 2676
f 2602 2603 2677
f 2603 2678 2677
f 2603 2604 2678
f 2604 2679 2678
f 2604 2605 2679
f 2605 2680 2679
f 2605 2606 2680
f 2606 2681 2680
f 2606 2607 2681
f 2607 2682 2681
f 2607 2608 2682
f 2608 2683 2682
f 2608 2609 2683
f 2609 2684 2683
f 2609 2610 2684
f 2610 2685 2684
f 2610 2611 2685
f 2611 2686 2685
f 2611 2612 2686
f 2612 2687 2686
f 2612 2613 2687
f 2613 2688 2687
f 2613 2614 2688
f 2614 2689 2688
f 2614 2615 2689
f 2615 2690 2689
f 2615 2616 2690
f 2616 2691 2690
f 2616 2617 2691
f 2617 2692 2691
f 2617 2618 2692
f 2618 2693 2692
f 2618 2619 2693
f 2619 2694 2693
f 2619 2620 2694
f 2620 2695 2694
f 2620 2621 2695
f 2621 2696 2695
f 2621 2622 2696
f 2622 2697 2696
f 2622 2623 2697
f 2623 2698 2697
f 2623 2624 2698
f 2624 2699 2698
f 2624 2625 2699
f 2625 2700 2699
f 2625 2626 2700
f 2626 2701 2700
f 2626 2627 2701
f 2627 2702 2701
f 2627 2628 2702
f 2628 2703 2702
f 2628 2629 2703
f 2629 2704 2703
f 2629 2630 2704
f 2630 2705 2704
f 2630 2631 2705
f 2631 2706 2705
f 2631 2632 2706
f 2632 2707 2706
f 2632 2633 2707
f 2633 2708 2707
f 2633 2634 2708
f 2634 2709 2708
f 2634 2635 2709
f 2635 2710 2709
f 2635 2636 2710
f 2636 2711 2710
f 2636 2637 2711
f 2637 2712 2711
f 2637 2638 2712
f 2638 2713 2712
f 2638 2639 2713
f 2640 2714 2715
f 2640 2715 2641
f 2641 2715 2716
f 2641 2716 2642
f 2642 2716 2717
f 2642 2717 2643
f 2643 2717 2718
f 2643 2718 2644
f 2644 2718 2719
f 2644 2719 2645
f 2645 2719 2720
f 2645 2720 2646
f 2646 2720 2721
f 2646 2721 2647
f 2647 2721 2722
f 2647 2722 2648
f 2648 2722 2723
f 2648 2723 2649
f 2649 2723 2724
f 2649 2724 2650
f 2650 2724 2725
f 2650 2725 2651
f 2651 2725 2726
f 2651 2726 2652
f 2652 2726 2727
f 2652 2727 2653
f 2653 2727 2728
f 2653 2728 2654
f 2654 2728 2729
f 2654 2729 2655
f 2655 2729 2730
f 2655 2730 2656
f 2656 2730 2731
f 2656 2731 2657
f 2657 2731 2732
f 2657 2732 2658
f 2658 2732 2733
f 2658 2733 2659
f 2659 2733 2734
f 2659 2734 2660
f 2660 2734 2735
f 2660 2735 2661
f 2661 2735 2736
f 2661 2736 2662
f 2662 2736 2737
f 2662 2737 2663
f 2663 2737 2738
f 2663 2738 2664
f 2665 2740 2739
f 2665 2666 2740
f 2666 2741 2740
f 2666 2667 2741
f 2667 2742 2741
f 2667 2668 2742
f 2668 2743 2742
f 2668 2669 2743
f 2669 2744 2743
f 2669 2670 2744
f 2670 2745 2744
f 2670 2671 2745
f 2671 2746 2745
f 2671 2672 2746
f 2672 2747 2746
f 2672 2673 2747
f 2673 2748 2747
f 2673 2674 2748
f 2674 2749 2748
f 2674 2675 2749
f 2675 2750 2749
f 2675 2676 2750
f 2676 2751 2750
f 2676 2677 2751
f 2677 2752 2751
f 2677 2678 2752
f 2678 2753 2752
f 2678 2679 2753
f 2679 2754 2753
f 2679 2680 2754
f 2680 2755 2754
f 2680 2681 2755
f 2681 2756 2755
f 2681 2682 2756
f 2682 2757 2756
f 2682 2683 2757
f 2683 2758 2757
f 2683 2684 2758
f 2684 2759 2758
f 2684 2685 2759
f 2685 2760 2759
f 2685 2686 2760
f 2686 2761 2760
f 2686 2687 2761
f 2687 2762 2761
f 2687 2688 2762
f 2688 2763 2762
f 2688 2689 2763
f 2689 2764 2763
f 2689 2690 2764
f 2690 2765 2764
f 2690 2691 2765
f 2691 2766 2765
f 2691 2692 2766
f 2692 2767 2766
f 2692 2693 2767
f 2693 2768 2767
f 2693 2694 2768
f 2694 2769 2768
f 2694 2695 2769
f 2695 2770 2769
f 2695 2696 2770
f 2696 2771 2770
f 2696 2697 2771
f 2697 2772 2771
f 2697 2698 2772
f 2698 2773 2772
f 2698 2699 2773
f 2699 2774 2773
f 2699 2700 2774
f 2700 2775 2774
f 2700 2701 2775
f 2701 2776 2775
f 2701 2702 2776
f 2702 2777 2776
f 2702 2703 2777
f 2703 2778 2777
f 2703 2704 2778
f 2704 2779 2778
f 2704 2705 2779
f 2705 2780 2779
f 2705 2706 2780
f 2706 2781 2780
f 2706 2707 2781
f 2707 2782 2781
f 2707 2708 2782
f 2708 2783 2782
f 2708 2709 2783
f 2709 2784 2783
f 2709 2710 2784
f 2710 2785 2784
f 2710 2711 2785
f 2711 2786 2785
f 2711 2712 2786
f 2712 2787 2786
f 2712 2713 2787
f 2714 2788 2789
f 2714 2789 2715
f 2715 2789 2790
f 2715 2790 2716
f 2716 2790 2791
f 2716 2791 2717
f 2717 2791 2792
f 2717 2792 2718
f 2718 2792 2793
f 2718 2793 2719
f 2719 2793 2794
f 2719 2794 2720
f 2720 2794 2795
f 2720 2795 2721
f 2721 2795 2796
f 2721 2796 2722
f 2722 2796 2797
f 2722 2797 2723
f 2723 2797 2798
f 2723 2798 2724
f 2724 2798 2799
f 2724 2799 2725
f 2725 2799 2800
f 2725 2800 2726
f 2726 2800 2801
f 2726 2801 2727
f 2727 2801 2802
f 2727 2802 2728
f 2728 2802 2803
f 2728 2803 2729
f 2729 2803 2804
f 2729 2804 2730
f 2730 2804 2805
f 2730 2805 2731
f 2731 2805 2806
f 2731 2806 2732
f 2732 2806 2807
f 2732 2807 2733
f 2733 2807 2808
f 2733 2808 2734
f 2734 2808 2809
f 2734 2809 2735
f 2735 2809 2810
f 2735 2810 2736
f 2736 2810 2811
f 2736 2811 2737
f 2737 2811 2812
f 2737 2812 2738
f 2739 2814 2813
f 2739 2740 2814
f 2740 2815 2814
f 2740 2741 2815
f 2741 2816 2815
f 2741 2742 2816
f 2742 2817 2816
f 2742 2743 2817
f 2743 2818 2817
f 2743 2744 2818
f 2744 2819 2818
f 2744 2745 2819
f 2745 2820 2819
f 2745 2746 2820
f 2746 2821 2820
f 2746 2747 2821
f 2747 2822 2821
f 2747 2748 2822
f 2748 2823 2822
f 2748 2749 2823
f 2749 2824 2823
f 2749 2750 2824
f 2750 2825 2824
f 2750 2751 2825
f 2751 2826 2825
f 2751 2752 2826
f 2752 2827 2826
f 2752 2753 2827
f 2753 2828 2827
f 2753 2754 2828
f 2754 2829 2828
f 2754 2755 2829
f 2755 2830 2829
f 2755 2756 2830
f 2756 2831 2830
f 2756 2757 2831
f 2757 2832 2831
f 2757 2758 2832
f 2758 2833 2832
f 2758 2759 2833
f 2759 2834 2833
f 2759 2760 2834
f 2760 2835 2834
f 2760 2761 2835
f 2761 2836 2835
f 2761 2762 2836
f 2762 2837 2836
f 2762 2763 2837
f 2763 2838 2837
f 2763 2764 2838
f 2764 2839 2838
f 2764 2765 2839
f 2765 2840 2839
f 2765 2766 2840
f 2766 2841 2840
f 2766 2767 2841
f 2767 2842 2841
f 2767 2768 2842
f 2768 2843 2842
f 2768 2769 2843
f 2769 2844 2843
f 2769 2770 2844
f 2770 2845 2844
f 2770 2771 2845
f 2771 2846 2845
f 2771 2772 2846
f 2772 2847 2846
f 2772 2773 2847
f 2773 2848 2847
f 2773 2774 2848
f 2774 2849 2848
f 2774 2775 2849
f 2775 2850 2849
f 2775 2776 2850
f 2776 2851 2850
f 2776 2777 2851
f 2777 2852 2851
f 2777 2778 2852
f 2778 2853 2852
f 2778 2779 2853
f 2779 2854 2853
f 2779 2780 2854
f 2780 2855 2854
f 2780 2781 2855
f 2781 2856 2855
f 2781 2782 2856
f 2782 2857 2856
f 2782 2783 2857
f 2783 2858 2857
f 2783 2784 2858
f 2784 2859 2858
f 2784 2785 2859
f 2785 2860 2859
f 2785 2786 2860
f 2786 2861 2860
f 2786 2787 2861
f 2788 2862 2863
f 2788 2863 2789
f 2789 2863 2864
f 2789 2864 2790
f 2790 2864 2865
f 2790 2865 2791
f 2791 2865 2866
f 2791 2866 2792
f 2792 2866 2867
f 2792 2867 2793
f 2793 2867 2868
f 2793 2868 2794
f 2794 2868 2869
f 2794 2869 2795
f 2795 2869 2870
f 2795 2870 2796
f 2796 2870 2871
f 2796 2871 2797
f 2797 2871 2872
f 2797 2872 2798
f 2798 2872 2873
f 2798 2873 2799
f 2799 2873 2874
f 2799 2874 2800
f 2800 2874 2875
f 2800 2875 2801
f 2801 2875 2876
f 2801 2876 2802
f 2802 2876 2877
f 2802 2877 2803
f 2803 2877 2878
f 2803 2878 2804
f 2804 2878 2879
f 2804 2879 2805
f 2805 2879 2880
f 2805 2880 2806
f 2806 2880 2881
f 2806 2881 2807
f 2807 2881 2882
f 2807 2882 2808
f 2808 2882 2883
f 2808 2883 2809
f 2809 2883 2884
f 2809 2884 2810
f 2810 2884 2885
f 2810 2885 2811
f 2811 2885 2886
f 2811 2886 2812
f 2813 2888 2887
f 2813 2814 2888
f 2814 2889 2888
f 2814 2815 2889
f 2815 2890 2889
f 2815 2816 2890
f 2816 2891 2890
f 2816 2817 2891
f 2817 2892 2891
f 2817 2818 2892
f 2818 2893 2892
f 2818 2819 2893
f 2819 2894 2893
f 2819 2820 2894
f 2820 2895 2894
f 2820 2821 2895
f 2821 2896 2895
f 2821 2822 2896
f 2822 2897 2896
f 2822 2823 2897
f 2823 2898 2897
f 2823 2824 2898
f 2824 2899 2898
f 2824 2825 2899
f 2825 2900 2899
f 2825 2826 2900
f 2826 2901 2900
f 2826 2827 2901
f 2827 2902 2901
f 2827 2828 2902
f 2828 2903 2902
f 2828 2829 2903
f 2829 2904 2903
f 2829 2830 2904
f 2830 2905 2904
f 2830 2831 2905
f 2831 2906 2905
f 2831 2832 2906
f 2832 2907 2906
f 2832 2833 2907
f 2833 2908 2907
f 2833 2834 2908
f 2834 2909 2908
f 2834 2835 2909
f 2835 2910 2909
f 2835 2836 2910
f 2836 2911 2910
f 2836 2837 2911
f 2837 2912 2911
f 2837 2838 2912
f 2838 2913 2912
f 2838 2839 2913
f 2839 2914 2913
f 2839 2840 2914
f 2840 2915 2914
f 2840 2841 2915
f 2841 2916 2915
f 2841 2842 2916
f 2842 2917 2916
f 2842 2843 2917
f 2843 2918 2917
f 2843 2844 2918
f 2844 2919 2918
f 2844 2845 2919
f 2845 2920 2919
f 2845 2846 2920
f 2846 2921 2920
f 2846 2847 2921
f 2847 2922 2921
f 2847 2848 2922
f 2848 2923 2922
f 2848 2849 2923
f 2849 2924 2923
f 2849 2850 2924
f 2850 2925 2924
f 2850 2851 2925
f 2851 2926 2925
f 2851 2852 2926
f 2852 2927 2926
f 2852 2853 2927
f 2853 2928 2927
f 2853 2854 2928
f 2854 2929 2928
f 2854 2855 2929
f 2855 2930 2929
f 2855 2856 2930
f 2856 2931 2930
f 2856 2857 2931
f 2857 2932 2931
f 2857 2858 2932
f 2858 2933 2932
f 2858 2859 2933
f 2859 2934 2933
f 2859 2860 2934
f 2860 2935 2934
f 2860 2861 2935
f 2862 2936 2937
f 2862 2937 2863
f 2863 2937 2938
f 2863 2938 2864
f 2864 2938 2939
f 2864 2939 2865
f 2865 2939 2940
f 2865 2940 2866
f 2866 2940 2941
f 2866 2941 2867
f 2867 2941 2942
f 2867 2942 2868
f 2868 2942 2943
f 2868 2943 2869
f 2869 2943 2944
f 2869 2944 2870
f 2870 2944 2945
f 2870 2945 2871
f 2871 2945 2946
f 2871 2946 2872
f 2872 2946 2947
f 2872 2947 2873
f 2873 2947 2948
f 2873 2948 2874
f 2874 2948 2949
f 2874 2949 2875
f 2875 2949 2950
f 2875 2950 2876
f 2876 2950 2951
f 2876 2951 2877
f 2877 2951 2952
f 2877 2952 2878
f 2878 2952 2953
f 2878 2953 2879
f 2879 2953 2954
f 2879 2954 2880
f 2880 2954 2955
f 2880 2955 2881
f 2881 2955 2956
f 2881 2956 2882
f 2882 2956 2957
f 2882 2957 2883
f 2883 2957 2958
f 2883 2958 2884
f 2884 2958 2959
f 2884 2959 2885
f 2885 2959 2960
f 2885 2960 2886
f 2887 2962 2961
f 2887 2888 2962
f 2888 2963 2962
f 2888 2889 2963
f 2889 2964 2963
f 2889 2890 2964
f 2890 2965 2964
f 2890 2891 2965
f 2891 2966 2965
f 2891 2892 2966
f 2892 2967 2966
f 2892 2893 2967
f 2893 2968 2967
f 2893 2894 2968
f 2894 2969 2968
f 2894 2895 2969
f 2895 2970 2969
f 2895 2896 2970
f 2896 2971 2970
f 2896 2897 2971
f 2897 2972 2971
f 2897 2898 2972
f 2898 2973 2972
f 2898 2899 2973
f 2899 2974 2973
f 2899 2900 2974
f 2900 2975 2974
f 2900 2901 2975
f 2901 2976 2975
f 2901 2902 2976
f 2902 2977 2976
f 2902 2903 2977
f 2903 2978 2977
f 2903 2904 2978
f 2904 2979 2978
f 2904 2905 2979
f 2905 2980 2979
f 2905 2906 2980
f 2906 2981 2980
f 2906 2907 2981
f 2907 2982 2981
f 2907 2908 2982
f 2908 2983 2982
f 2908 2909 2983
f 2909 2984 2983
f 2909 2910 2984
f 2910 2985 2984
f 2910 2911 2985
f 2911 2986 2985
f 2911 2912 2986
f 2912 2987 2986
f 2912 2913 2987
f 2913 2988 2987
f 2913 2914 2988
f 2914 2989 2988
f 2914 2915 2989
f 2915 2990 2989
f 2915 2916 2990
f 2916 2991 2990
f 2916 2917 2991
f 2917 2992 2991
f 2917 2918 2992
f 2918 2993 2992
f 2918 2919 2993
f 2919 2994 2993
f 2919 2920 2994
f 2920 2995 2994
f 2920 2921 2995
f 2921 2996 2995
f 2921 2922 2996
f 2922 2997 2996
f 2922 2923 2997
f 2923 2998 2997
f 2923 2924 2998
f 2924 2999 2998
f 2924 2925 2999
f 2925 3000 2999
f 2925 2926 3000
f 2926 3001 3000
f 2926 2927 3001
f 2927 3002 3001
f 2927 2928 3002
f 2928 3003 3002
f 2928 2929 3003
f 2929 3004 3003
f 2929 2930 3004
f 2930 3005 3004
f 2930 2931 3005
f 2931 3006 3005
f 2931 2932 3006
f 2932 3007 3006
f 2932 2933 3007
f 2933 3008 3007
f 2933 2934 3008
f 2934 3009 3008
f 2934 2935 3009
f 2936 3010 3011
f 2936 3011 2937
f 2937 3011 3012
f 2937 3012 2938
f 2938 3012 3013
f 2938 3013 2939
f 2939 3013 3014
f 2939 3014 2940
f 2940 3014 3015
f 2940 3015 2941
f 2941 3015 3016
f 2941 3016 2942
f 2942 3016 3017
f 2942 3017 2943
f 2943 3017 3018
f 2943 3018 2944
f 2944 3018 3019
f 2944 3019 2945
f 2945 3019 3020
f 2945 3020 2946
f 2946 3020 3021
f 2946 3021 2947
f 2947 3021 3022
f 2947 3022 2948
f 2948 3022 3023
f 2948 3023 2949
f 2949 3023 3024
f 2949 3024 2950
f 2950 3024 3025
f 2950 3025 2951
f 2951 3025 3026
f 2951 3026 2952
f 2952 3026 3027
f 2952 3027 2953
f 2953 3027 3028
f 2953 3028 2954
f 2954 3028 3029
f 2954 3029 2955
f 2955 3029 3030
f 2955 3030 2956
f 2956 3030 3031
f 2956 3031 2957
f 2957 3031 3032
f 2957 3032 2958
f 2958 3032 3033
f 2958 3033 2959
f 2959 3033 3034
f 2959 3034 2960
f 2961 3036 3035
f 2961 2962 3036
f 2962 3037 3036
f 2962 2963 3037
f 2963 3038 3037
f 2963 2964 3038
f 2964 3039 3038
f 2964 2965 3039
f 2965 3040 3039
f 2965 2966 3040
f 2966 3041 3040
f 2966 2967 3041
f 2967 3042 3041
f 2967 2968 3042
f 2968 3043 3042
f 2968 2969 3043
f 2969 3044 3043
f 2969 2970 3044
f 2970 3045 3044
f 2970 2971 3045
f 2971 3046 3045
f 2971 2972 3046
f 2972 3047 3046
f 2972 2973 3047
f 2973 3048 3047
f 2973 2974 3048
f 2974 3049 3048
f 2974 2975 3049
f 2975 3050 3049
f 2975 2976 3050
f 2976 3051 3050
f 2976 2977 3051
f 2977 3052 3051
f 2977 2978 3052
f 2978 3053 3052
f 2978 2979 3053
f 2979 3054 3053
f 2979 2980 3054
f 2980 3055 3054
f 2980 2981 3055
f 2981 3056 3055
f 2981 2982 3056
f 2982 3057 3056
f 2982 2983 3057
f 2983 3058 3057
f 2983 2984 3058
f 2984 3059 3058
f 2984 2985 3059
f 2985 3060 3059
f 2985 2986 3060
f 2986 3061 3060
f 2986 2987 3061
f 2987 3062 3061
f 2987 2988 3062
f 2988 3063 3062
f 2988 2989 3063
f 2989 3064 3063
f 2989 2990 3064
f 2990 3065 3064
f 2990 2991 3065
f 2991 3066 3065
f 2991 2992 3066
f 2992 3067 3066
f 2992 2993 3067
f 2993 3068 3067
f 2993 2994 3068
f 2994 3069 3068
f 2994 2995 3069
f 2995 3070 3069
f 2995 2996 3070
f 2996 3071 3070
f 2996 2997 3071
f 2997 3072 3071
f 2997 2998 3072
f 2998 3073 3072
f 2998 2999 3073
f 2999 3074 3073
f 2999 3000 3074
f 3000 3075 3074
f 3000 3001 3075
f 3001 3076 3075
f 3001 3002 3076
f 3002 3077 3076
f 3002 3003 3077
f 3003 3078 3077
f 3003 3004 3078
f 3004 3079 3078
f 3004 3005 3079
f 3005 3080 3079
f 3005 3006 3080
f 3006 3081 3080
f 3006 3007 3081
f 3007 3082 3081
f 3007 3008 3082
f 3008 3083 3082
f 3008 3009 3083
f 3010 3084 3085
f 3010 3085 3011
f 3011 3085 3086
f 3011 3086 3012
f 3012 3086 3087
f 3012 3087 3013
f 3013 3087 3088
f 3013 3088 3014
f 3014 3088 3089
f 3014 3089 3015
f 3015 3089 3090
f 3015 3090 3016
f 3016 3090 3091
f 3016 3091 3017
f 3017 3091 3092
f 3017 3092 3018
f 3018 3092 3093
f 3018 3093 3019
f 3019 3093 3094
f 3019 3094 3020
f 3020 3094 3095
f 3020 3095 3021
f 3021 3095 3096
f 3021 3096 3022
f 3022 3096 3097
f 3022 3097 3023
f 3023 3097 3098
f 3023 3098 3024
f 3024 3098 3099
f 3024 3099 3025
f 3025 3099 3100
f 3025 3100 3026
f 3026 3100 3101
f 3026 3101 3027
f 3027 3101 3102
f 3027 3102 3028
f 3028 3102 3103
f 3028 3103 3029
f 3029 3103 3104
f 3029 3104 3030
f 3030 3104 3105
f 3030 3105 3031
f 3031 3105 3106
f 3031 3106 3032
f 3032 3106 3107
f 3032 3107 3033
f 3033 3107 3108
f 3033 3108 3034
f 3035 3110 3109
f 3035 3036 3110
f 3036 3111 3110
f 3036 3037 3111
f 3037 3112 3111
f 3037 3038 3112
f 3038 3113 3112
f 3038 3039 3113
f 3039 3114 3113
f 3039 3040 3114
f 3040 3115 3114
f 3040 3041 3115
f 3041 3116 3115
f 3041 3042 3116
f 3042 3117 3116
f 3042 3043 3117
f 3043 3118 3117
f 3043 3044 3118
f 3044 3119 3118
f 3044 3045 3119
f 3045 3120 3119
f 3045 3046 3120
f 3046 3121 3120
f 3046 3047 3121
f 3047 3122 3121
f 3047 3048 3122
f 3048 3123 3122
f 3048 3049 3123
f 3049 3124 3123
f 3049 3050 3124
f 3050 3125 3124
f 3050 3051 3125
f 3051 3126 3125
f 3051 3052 3126
f 3052 3127 3126
f 3052 3053 3127
f 3053 3128 3127
f 3053 3054 3128
f 3054 3129 3128
f 3054 3055 3129
f 3055 3130 3129
f 3055 3056 3130
f 3056 3131 3130
f 3056 3057 3131
f 3057 3132 3131
f 3057 3058 3132
f 3058 3133 3132
f 3058 3059 3133
f 3059 3134 3133
f 3059 3060 3134
f 3060 3135 3134
f 3060 3061 3135
f 3061 3136 3135
f 3061 3062 3136
f 3062 3137 3136
f 3062 3063 3137
f 3063 3138 3137
f 3063 3064 3138
f 3064 3139 3138
f 3064 3065 3139
f 3065 3140 3139
f 3065 3066 3140
f 3066 3141 3140
f 3066 3067 3141
f 3067 3142 3141
f 3067 3068 3142
f 3068 3143 3142
f 3068 3069 3143
f 3069 3144 3143
f 3069 3070 3144
f 3070 3145 3144
f 3070 3071 3145
f 3071 3146 3145
f 3071 3072 3146
f 3072 3147 3146
f 3072 3073 3147
f 3073 3148 3147
f 3073 3074 3148
f 3074 3149 3148
f 3074 3075 3149
f 3075 3150 3149
f 3075 3076 3150
f 3076 3151 3150
f 3076 3077 3151
f 3077 3152 3151
f 3077 3078 3152
f 3078 3153 3152
f 3078 3079 3153
f 3079 3154 3153
f 3079 3080 3154
f 3080 3155 3154
f 3080 3081 3155
f 3081 3156 3155
f 3081 3082 3156
f 3082 3157 3156
f 3082 3083 3157
f 3084 3158 3159
f 3084 3159 3085
f 3085 3159 3160
f 3085 3160 3086
f 3086 3160 3161
f 3086 3161 3087
f 3087 3161 3162
f 3087 3162 3088
f 3088 3162 3163
f 3088 3163 3089
f 3089 3163 3164
f 3089 3164 3090
f 3090 3164 3165
f 3090 3165 3091
f 3091 3165 3166
f 3091 3166 3092
f 3092 3166 3167
f 3092 3167 3093
f 3093 3167 3168
f 3093 3168 3094
f 3094 3168 3169
f 3094 3169 3095
f 3095 3169 3170
f 3095 3170 3096
f 3096 3170 3171
f 3096 3171 3097
f 3097 3171 3172
f 3097 3172 3098
f 3098 3172 3173
f 3098 3173 3099
f 3099 3173 3174
f 3099 3174 3100
f 3100 3174 3175
f 3100 3175 3101
f 3101 3175 3176
f 3101 3176 3102
f 3102 3176 3177
f 3102 3177 3103
f 3103 3177 3178
f 3103 3178 3104
f 3104 3178 3179
f 3104 3179 3105
f 3105 3179 3180
f 3105 3180 3106
f 3106 3180 3181
f 3106 3181 3107
f 3107 3181 3182
f 3107 3182 3108
f 3109 3184 3183
f 3109 3110 3184
f 3110 3185 3184
f 3110 3111 3185
f 3111 3186 3185
f 3111 3112 3186
f 3112 3187 3186
f 3112 3113 3187
f 3113 3188 3187
f 3113 3114 3188
f 3114 3189 3188
f 3114 3115 3189
f 3115 3190 3189
f 3115 3116 3190
f 3116 3191 3190
f 3116 3117 3191
f 3117 3192 3191
f 3117 3118 3192
f 3118 3193 3192
f 3118 3119 3193
f 3119 3194 3193
f 3119 3120 3194
f 3120 3195 3194
f 3120 3121 3195
f 3121 3196 3195
f 3121 3122 3196
f 3122 3197 3196
f 3122 3123 3197
f 3123 3198 3197
f 3123 3124 3198
f 3124 3199 3198
f 3124 3125 3199
f 3125 3200 3199
f 3125 3126 3200
f 3126 3201 3200
f 3126 3127 3201
f 3127 3202 3201
f 3127 3128 3202
f 3128 3203 3202
f 3128 3129 3203
f 3129 3204 3203
f 3129 3130 3204
f 3130 3205 3204
f 3130 3131 3205
f 3131 3206 3205
f 3131 3132 3206
f 3132 3207 3206
f 3132 3133 3207
f 3133 3208 3207
f 3133 3134 3208
f 3134 3209 3208
f 3134 3135 3209
f 3135 3210 3209
f 3135 3136 3210
f 3136 3211 3210
f 3136 3137 3211
f 3137 3212 3211
f 3137 3138 3212
f 3138 3213 3212
f 3138 3139 3213
f 3139 3214 3213
f 3139 3140 3214
f 3140 3215 3214
f 3140 3141 3215
f 3141 3216 3215
f 3141 3142 3216
f 3142 3217 3216
f 3142 3143 3217
f 3143 3218 3217
f 3143 3144 3218
f 3144 3219 3218
f 3144 3145 3219
f 3145 3220 3219
f 3145 3146 3220
f 3146 3221 3220
f 3146 3147 3221
f 3147 3222 3221
f 3147 3148 3222
f 3148 3223 3222
f 3148 3149 3223
f 3149 3224 3223
f 3149 3150 3224
f 3150 3225 3224
f 3150 3151 3225
f 3151 3226 3225
f 3151 3152 3226
f 3152 3227 3226
f 3152 3153 3227
f 3153 3228 3227
f 3153 3154 3228
f 3154 3229 3228
f 3154 3155 3229
f 3155 3230 3229
f 3155 3156 3230
f 3156 3231 3230
f 3156 3157 3231
f 3158 3232 3233
f 3158 3233 3159
f 3159 3233 3234
f 3159 3234 3160
f 3160 3234 3235
f 3160 3235 3161
f 3161 3235 3236
f 3161 3236 3162
f 3162 3236 3237
f 3162 3237 3163
f 3163 3237 3238
f 3163 3238 3164
f 3164 3238 3239
f 3164 3239 3165
f 3165 3239 3240
f 3165 3240 3166
f 3166 3240 3241
f 3166 3241 3167
f 3167 3241 3242
f 3167 3242 3168
f 3168 3242 3243
f 3168 3243 3169
f 3169 3243 3244
f 3169 3244 3170
f 3170 3244 3245
f 3170 3245 3171
f 3171 3245 3246
f 3171 3246 3172
f 3172 3246 3247
f 3172 3247 3173
f 3173 3247 3248
f 3173 3248 3174
f 3174 3248 3249
f 3174 3249 3175
f 3175 3249 3250
f 3175 3250 3176
f 3176 3250 3251
f 3176 3251 3177
f 3177 3251 3252
f 3177 3252 3178
f 3178 3252 3253
f 3178 3253 3179
f 3179 3253 3254
f 3179 3254 3180
f 3180 3254 3255
f 3180 3255 3181
f 3181 3255 3256
f 3181 3256 3182
f 3183 3258 3257
f 3183 3184 3258
f 3184 3259 3258
f 3184 3185 3259
f 3185 3260 3259
f 3185 3186 3260
f 3186 3261 3260
f 3186 3187 3261
f 3187 3262 3261
f 3187 3188 3262
f 3188 3263 3262
f 3188 3189 3263
f 3189 3264 3263
f 3189 3190 3264
f 3190 3265 3264
f 3190 3191 3265
f 3191 3266 3265
f 3191 3192 3266
f 3192 3267 3266
f 3192 3193 3267
f 3193 3268 3267
f 3193 3194 3268
f 3194 3269 3268
f 3194 3195 3269
f 3195 3270 3269
f 3195 3196 3270
f 3196 3271 3270
f 3196 3197 3271
f 3197 3272 3271
f 3197 3198 3272
f 3198 3273 3272
f 3198 3199 3273
f 3199 3274 3273
f 3199 3200 3274
f 3200 3275 3274
f 3200 3201 3275
f 3201 3276 3275
f 3201 3202 3276
f 3202 3277 3276
f 3202 3203 3277
f 3203 3278 3277
f 3203 3204 3278
f 3204 3279 3278
f 3204 3205 3279
f 3205 3280 3279
f 3205 3206 3280
f 3206 3281 3280
f 3206 3207 3281
f 3207 3282 3281
f 3207 3208 3282
f 3208 3283 3282
f 3208 3209 3283
f 3209 3284 3283
f 3209 3210 3284
f 3210 3285 3284
f 3210 3211 3285
f 3211 3286 3285
f 3211 3212 3286
f 3212 3287 3286
f 3212 3213 3287
f 3213 3288 3287
f 3213 3214 3288
f 3214 3289 3288
f 3214 3215 3289
f 3215 3290 3289
f 3215 3216 3290
f 3216 3291 3290
f 3216 3217 3291
f 3217 3292 3291
f 3217 3218 3292
f 3218 3293 3292
f 3218 3219 3293
f 3219 3294 3293
f 3219 3220 3294
f 3220 3295 3294
f 3220 3221 3295
f 3221 3296 3295
f 3221 3222 3296
f 3222 3297 3296
f 3222 3223 3297
f 3223 3298 3297
f 3223 3224 3298
f 3224 3299 3298
f 3224 3225 3299
f 3225 3300 3299
f 3225 3226 3300
f 3226 3301 3300
f 3226 3227 3301
f 3227 3302 3301
f 3227 3228 3302
f 3228 3303 3302
f 3228 3229 3303
f 3229 3304 3303
f 3229 3230 3304
f 3230 3305 3304
f 3230 3231 3305
f 3232 3306 3307
f 3232 3307 3233
f 3233 3307 3308
f 3233 3308 3234
f 3234 3308 3309
f 3234 3309 3235
f 3235 3309 3310
f 3235 3310 3236
f 3236 3310 3311
f 3236 3311 3237
f 3237 3311 3312
f 3237 3312 3238
f 3238 3312 3313
f 3238 3313 3239
f 3239 3313 3314
f 3239 3314 3240
f 3240 3314 3315
f 3240 3315 3241
f 3241 3315 3316
f 3241 3316 3242
f 3242 3316 3317
f 3242 3317 3243
f 3243 3317 3318
f 3243 3318 3244
f 3244 3318 3319
f 3244 3319 3245
f 3245 3319 3320
f 3245 3320 3246
f 3246 3320 3321
f 3246 3321 3247
f 3247 3321 3322
f 3247 3322 3248
f 3248 3322 3323
f 3248 3323 3249
f 3249 3323 3324
f 3249 3324 3250
f 3250 3324 3325
f 3250 3325 3251
f 3251 3325 3326
f 3251 3326 3252
f 3252 3326 3327
f 3252 3327 3253
f 3253 3327 3328
f 3253 3328 3254
f 3254 3328 3329
f 3254 3329 3255
f 3255 3329 3330
f 3255 3330 3256
f 3257 3332 3331
f 3257 3258 3332
f 3258 3333 3332
f 3258 3259 3333
f 3259 3334 3333
f 3259 3260 3334
f 3260 3335 3334
f 3260 3261 3335
f 3261 3336 3335
f 3261 3262 3336
f 3262 3337 3336
f 3262 3263 3337
f 3263 3338 3337
f 3263 3264 3338
f 3264 3339 3338
f 3264 3265 3339
f 3265 3340 3339
f 3265 3266 3340
f 3266 3341 3340
f 3266 3267 3341
f 3267 3342 3341
f 3267 3268 3342
f 3268 3343 3342
f 3268 3269 3343
f 3269 3344 3343
f 3269 3270 3344
f 3270 3345 3344
f 3270 3271 3345
f 3271 3346 3345
f 3271 3272 3346
f 3272 3347 3346
f 3272 3273 3347
f 3273 3348 3347
f 3273 3274 3348
f 3274 3349 3348
f 3274 3275 3349
f 3275 3350 3349
f 3275 3276 3350
f 3276 3351 3350
f 3276 3277 3351
f 3277 3352 3351
f 3277 3278 3352
f 3278 3353 3352
f 3278 3279 3353
f 3279 3354 3353
f 3279 3280 3354
f 3280 3355 3354
f 3280 3281 3355
f 3281 3356 3355
f 3281 3282 3356
f 3282 3357 3356
f 3282 3283 3357
f 3283 3358 3357
f 3283 3284 3358
f 3284 3359 3358
f 3284 3285 3359
f 3285 3360 3359
f 3285 3286 3360
f 3286 3361 3360
f 3286 3287 3361
f 3287 3362 3361
f 3287 3288 3362
f 3288 3363 3362
f 3288 3289 3363
f 3289 3364 3363
f 3289 3290 3364
f 3290 3365 3364
f 3290 3291 3365
f 3291 3366 3365
f 3291 3292 3366
f 3292 3367 3366
f 3292 3293 3367
f 3293 3368 3367
f 3293 3294 3368
f 3294 3369 3368
f 3294 3295 3369
f 3295 3370 3369
f 3295 3296 3370
f 3296 3371 3370
f 3296 3297 3371
f 3297 3372 3371
f 3297 3298 3372
f 3298 3373 3372
f 3298 3299 3373
f 3299 3374 3373
f 3299 3300 3374
f 3300 3375 3374
f 3300 3301 3375
f 3301 3376 3375
f 3301 3302 3376
f 3302 3377 3376
f 3302 3303 3377
f 3303 3378 3377
f 3303 3304 3378
f 3304 3379 3378
f 3304 3305 3379
f 3306 3380 3381
f 3306 3381 3307
f 3307 3381 3382
f 3307 3382 3308
f 3308 3382 3383
f 3308 3383 3309
f 3309 3383 3384
f 3309 3384 3310
f 3310 3384 3385
f 3310 3385 3311
f 3311 3385 3386
f 3311 3386 3312
f 3312 3386 3387
f 3312 3387 3313
f 3313 3387 3388
f 3313 3388 3314
f 3314 3388 3389
f 3314 3389 3315
f 3315 3389 3390
f 3315 3390 3316
f 3316 3390 3391
f 3316 3391 3317
f 3317 3391 3392
f 3317 3392 3318
f 3318 3392 3393
f 3318 3393 3319
f 3319 3393 3394
f 3319 3394 3320
f 3320 3394 3395
f 3320 3395 3321
f 3321 3395 3396
f 3321 3396 3322
f 3322 3396 3397
f 3322 3397 3323
f 3323 3397 3398
f 3323 3398 3324
f 3324 3398 3399
f 3324 3399 3325
f 3325 3399 3400
f 3325 3400 3326
f 3326 3400 3401
f 3326 3401 3327
f 3327 3401 3402
f 3327 3402 3328
f 3328 3402 3403
f 3328 3403 3329
f 3329 3403 3404
f 3329 3404 3330
f 3331 3406 3405
f 3331 3332 3406
f 3332 3407 3406
f 3332 3333 3407
f 3333 3408 3407
f 3333 3334 3408
f 3334 3409 3408
f 3334 3335 3409
f 3335 3410 3409
f 3335 3336 3410
f 3336 3411 3410
f 3336 3337 3411
f 3337 3412 3411
f 3337 3338 3412
f 3338 3413 3412
f 3338 3339 3413
f 3339 3414 3413
f 3339 3340 3414
f 3340 3415 3414
f 3340 3341 3415
f 3341 3416 3415
f 3341 3342 3416
f 3342 3417 3416
f 3342 3343 3417
f 3343 3418 3417
f 3343 3344 3418
f 3344 3419 3418
f 3344 3345 3419
f 3345 3420 3419
f 3345 3346 3420
f 3346 3421 3420
f 3346 3347 3421
f 3347 3422 3421
f 3347 3348 3422
f 3348 3423 3422
f 3348 3349 3423
f 3349 3424 3423
f 3349 3350 3424
f 3350 3425 3424
f 3350 3351 3425
f 3351 3426 3425
f 3351 3352 3426
f 3352 3427 3426
f 3352 3353 3427
f 3353 3428 3427
f 3353 3354 3428
f 3354 3429 3428
f 3354 3355 3429
f 3355 3430 3429
f 3355 3356 3430
f 3356 3431 3430
f 3356 3357 3431
f 3357 3432 3431
f 3357 3358 3432
f 3358 3433 3432
f 3358 3359 3433
f 3359 3434 3433
f 3359 3360 3434
f 3360 3435 3434
f 3360 3361 3435
f 3361 3436 3435
f 3361 3362 3436
f 3362 3437 3436
f 3362 3363 3437
f 3363 3438 3437
f 3363 3364 3438
f 3364 3439 3438
f 3364 3365 3439
f 3365 3440 3439
f 3365 3366 3440
f 3366 3441 3440
f 3366 3367 3441
f 3367 3442 3441
f 3367 3368 3442
f 3368 3443 3442
f 3368 3369 3443
f 3369 3444 3443
f 3369 3370 3444
f 3370 3445 3444
f 3370 3371 3445
f 3371 3446 3445
f 3371 3372 3446
f 3372 3447 3446
f 3372 3373 3447
f 3373 3448 3447
f 3373 3374 3448
f 3374 3449 3448
f 3374 3375 3449
f 3375 3450 3449
f 3375 3376 3450
f 3376 3451 3450
f 3376 3377 3451
f 3377 3452 3451
f 3377 3378 3452
f 3378 3453 3452
f 3378 3379 3453
f 3380 3454 3455
f 3380 3455 3381
f 3381 3455 3456
f 3381 3456 3382
f 3382 3456 3457
f 3382 3457 3383
f 3383 3457 3458
f 3383 3458 3384
f 3384 3458 3459
f 3384 3459 3385
f 3385 3459 3460
f 3385 3460 3386
f 3386 3460 3461
f 3386 3461 3387
f 3387 3461 3462
f 3387 3462 3388
f 3388 3462 3463
f 3388 3463 3389
f 3389 3463 3464
f 3389 3464 3390
f 3390 3464 3465
f 3390 3465 3391
f 3391 3465 3466
f 3391 3466 3392
f 3392 3466 3467
f 3392 3467 3393
f 3393 3467 3468
f 3393 3468 3394
f 3394 3468 3469
f 3394 3469 3395
f 3395 3469 3470
f 3395 3470 3396
f 3396 3470 3471
f 3396 3471 3397
f 3397 3471 3472
f 3397 3472 3398
f 3398 3472 3473
f 3398 3473 3399
f 3399 3473 3474
f 3399 3474 3400
f 3400 3474 3475
f 3400 3475 3401
f 3401 3475 3476
f 3401 3476 3402
f 3402 3476 3477
f 3402 3477 3403
f 3403 3477 3478
f 3403 3478 3404
f 3405 3480 3479
f 3405 3406 3480
f 3406 3481 3480
f 3406 3407 3481
f 3407 3482 3481
f 3407 3408 3482
f 3408 3483 3482
f 3408 3409 3483
f 3409 3484 3483
f 3409 3410 3484
f 3410 3485 3484
f 3410 3411 3485
f 3411 3486 3485
f 3411 3412 3486
f 3412 3487 3486
f 3412 3413 3487
f 3413 3488 3487
f 3413 3414 3488
f 3414 3489 3488
f 3414 3415 3489
f 3415 3490 3489
f 3415 3416 3490
f 3416 3491 3490
f 3416 3417 3491
f 3417 3492 3491
f 3417 3418 3492
f 3418 3493 3492
f 3418 3419 3493
f 3419 3494 3493
f 3419 3420 3494
f 3420 3495 3494
f 3420 3421 3495
f 3421 3496 3495
f 3421 3422 3496
f 3422 3497 3496
f 3422 3423 3497
f 3423 3498 3497
f 3423 3424 3498
f 3424 3499 3498
f 3424 3425 3499
f 3425 3500 3499
f 3425 3426 3500
f 3426 3501 3500
f 3426 3427 3501
f 3427 3502 3501
f 3427 3428 3502
f 3428 3503 3502
f 3428 3429 3503
f 3429 3504 3503
f 3429 3430 3504
f 3430 3505 3504
f 3430 3431 3505
f 3431 3506 3505
f 3431 3432 3506
f 3432 3507 3506
f 3432 3433 3507
f 3433 3508 3507
f 3433 3434 3508
f 3434 3509 3508
f 3434 3435 3509
f 3435 3510 3509
f 3435 3436 3510
f 3436 3511 3510
f 3436 3437 3511
f 3437 3512 3511
f 3437 3438 3512
f 3438 3513 3512
f 3438 3439 3513
f 3439 3514 3513
f 3439 3440 3514
f 3440 3515 3514
f 3440 3441 3515
f 3441 3516 3515
f 3441 3442 3516
f 3442 3517 3516
f 3442 3443 3517
f 3443 3518 3517
f 3443 3444 3518
f 3444 3519 3518
f 3444 3445 3519
f 3445 3520 3519
f 3445 3446 3520
f 3446 3521 3520
f 3446 3447 3521
f 3447 3522 3521
f 3447 3448 3522
f 3448 3523 3522
f 3448 3449 3523
f 3449 3524 3523
f 3449 3450 3524
f 3450 3525 3524
f 3450 3451 3525
f 3451 3526 3525
f 3451 3452 3526
f 3452 3527 3526
f 3452 3453 3527
f 3454 3528 3529
f 3454 3529 3455
f 3455 3529 3530
f 3455 3530 3456
f 3456 3530 3531
f 3456 3531 3457
f 3457 3531 3532
f 3457 3532 3458
f 3458 3532 3533
f 3458 3533 3459
f 3459 3533 3534
f 3459 3534 3460
f 3460 3534 3535
f 3460 3535 3461
f 3461 3535 3536
f 3461 3536 3462
f 3462 3536 3537
f 3462 3537 3463
f 3463 3537 3538
f 3463 3538 3464
f 3464 3538 3539
f 3464 3539 3465
f 3465 3539 3540
f 3465 3540 3466
f 3466 3540 3541
f 3466 3541 3467
f 3467 3541 3542
f 3467 3542 3468
f 3468 3542 3543
f 3468 3543 3469
f 3469 3543 3544
f 3469 3544 3470
f 3470 3544 3545
f 3470 3545 3471
f 3471 3545 3546
f 3471 3546 3472
f 3472 3546 3547
f 3472 3547 3473
f 3473 3547 3548
f 3473 3548 3474
f 3474 3548 3549
f 3474 3549 3475
f 3475 3549 3550
f 3475 3550 3476
f 3476 3550 3551
f 3476 3551 3477
f 3477 3551 3552
f 3477 3552 3478
f 3479 3554 3553
f 3479 3480 3554
f 3480 3555 3554
f 3480 3481 3555
f 3481 3556 3555
f 3481 3482 3556
f 3482 3557 3556
f 3482 3483 3557
f 3483 3558 3557
f 3483 3484 3558
f 3484 3559 3558
f 3484 3485 3559
f 3485 3560 3559
f 3485 3486 3560
f 3486 3561 3560
f 3486 3487 3561
f 3487 3562 3561
f 3487 3488 3562
f 3488 3563 3562
f 3488 3489 3563
f 3489 3564 3563
f 3489 3490 3564
f 3490 3565 3564
f 3490 3491 3565
f 3491 3566 3565
f 3491 3492 3566
f 3492 3567 3566
f 3492 3493 3567
f 3493 3568 3567
f 3493 3494 3568
f 3494 3569 3568
f 3494 3495 3569
f 3495 3570 3569
f 3495 3496 3570
f 3496 3571 3570
f 3496 3497 3571
f 3497 3572 3571
f 3497 3498 3572
f 3498 3573 3572
f 3498 3499 3573
f 3499 3574 3573
f 3499 3500 3574
f 3500 3575 3574
f 3500 3501 3575
f 3501 3576 3575
f 3501 3502 3576
f 3502 3577 3576
f 3502 3503 3577
f 3503 3578 3577
f 3503 3504 3578
f 3504 3579 3578
f 3504 3505 3579
f 3505 3580 3579
f 3505 3506 3580
f 3506 3581 3580
f 3506 3507 3581
f 3507 3582 3581
f 3507 3508 3582
f 3508 3583 3582
f 3508 3509 3583
f 3509 3584 3583
f 3509 3510 3584
f 3510 3585 3584
f 3510 3511 3585
f 3511 3586 3585
f 3511 3512 3586
f 3512 3587 3586
f 3512 3513 3587
f 3513 3588 3587
f 3513 3514 3588
f 3514 3589 3588
f 3514 3515 3589
f 3515 3590 3589
f 3515 3516 3590
f 3516 3591 3590
f 3516 3517 3591
f 3517 3592 3591
f 3517 3518 3592
f 3518 3593 3592
f 3518 3519 3593
f 3519 3594 3593
f 3519 3520 3594
f 3520 3595 3594
f 3520 3521 3595
f 3521 3596 3595
f 3521 3522 3596
f 3522 3597 3596
f 3522 3523 3597
f 3523 3598 3597
f 3523 3524 3598
f 3524 3599 3598
f 3524 3525 3599
f 3525 3600 3599
f 3525 3526 3600
f 3526 3601 3600
f 3526 3527 3601
f 3528 3602 3603
f 3528 3603 3529
f 3529 3603 3604
f 3529 3604 3530
f 3530 3604 3605
f 3530 3605 3531
f 3531 3605 3606
f 3531 3606 3532
f 3532 3606 3607
f 3532 3607 3533
f 3533 3607 3608
f 3533 3608 3534
f 3534 3608 3609
f 3534 3609 3535
f 3535 3609 3610
f 3535 3610 3536
f 3536 3610 3611
f 3536 3611 3537
f 3537 3611 3612
f 3537 3612 3538
f 3538 3612 3613
f 3538 3613 3539
f 3539 3613 3614
f 3539 3614 3540
f 3540 3614 3615
f 3540 3615 3541
f 3541 3615 3616
f 3541 3616 3542
f 3542 3616 3617
f 3542 3617 3543
f 3543 3617 3618
f 3543 3618 3544
f 3544 3618 3619
f 3544 3619 3545
f 3545 3619 3620
f 3545 3620 3546
f 3546 3620 3621
f 3546 3621 3547
f 3547 3621 3622
f 3547 3622 3548
f 3548 3622 3623
f 3548 3623 3549
f 3549 3623 3624
f 3549 3624 3550
f 3550 3624 3625
f 3550 3625 3551
f 3551 3625 3626
f 3551 3626 3552
f 3553 3628 3627
f 3553 3554 3628
f 3554 3629 3628
f 3554 3555 3629
f 3555 3630 3629
f 3555 3556 3630
f 3556 3631 3630
f 3556 3557 3631
f 3557 3632 3631
f 3557 3558 3632
f 3558 3633 3632
f 3558 3559 3633
f 3559 3634 3633
f 3559 3560 3634
f 3560 3635 3634
f 3560 3561 3635
f 3561 3636 3635
f 3561 3562 3636
f 3562 3637 3636
f 3562 3563 3637
f 3563 3638 3637
f 3563 3564 3638
f 3564 3639 3638
f 3564 3565 3639
f 3565 3640 3639
f 3565 3566 3640
f 3566 3641 3640
f 3566 3567 3641
f 3567 3642 3641
f 3567 3568 3642
f 3568 3643 3642
f 3568 3569 3643
f 3569 3644 3643
f 3569 3570 3644
f 3570 3645 3644
f 3570 3571 3645
f 3571 3646 3645
f 3571 3572 3646
f 3572 3647 3646
f 3572 3573 3647
f 3573 3648 3647
f 3573 3574 3648
f 3574 3649 3648
f 3574 3575 3649
f 3575 3650 3649
f 3575 3576 3650
f 3576 3651 3650
f 3576 3577 3651
f 3577 3652 3651
f 3577 3578 3652
f 3578 3653 3652
f 3578 3579 3653
f 3579 3654 3653
f 3579 3580 3654
f 3580 3655 3654
f 3580 3581 3655
f 3581 3656 3655
f 3581 3582 3656
f 3582 3657 3656
f 3582 3583 3657
f 3583 3658 3657
f 3583 3584 3658
f 3584 3659 3658
f 3584 3585 3659
f 3585 3660 3659
f 3585 3586 3660
f 3586 3661 3660
f 3586 3587 3661
f 3587 3662 3661
f 3587 3588 3662
f 3588 3663 3662
f 3588 3589 3663
f 3589 3664 3663
f 3589 3590 3664
f 3590 3665 3664
f 3590 3591 3665
f 3591 3666 3665
f 3591 3592 3666
f 3592 3667 3666
f 3592 3593 3667
f 3593 3668 3667
f 3593 3594 3668
f 3594 3669 3668
f 3594 3595 3669
f 3595 3670 3669
f 3595 3596 3670
f 3596 3671 3670
f 3596 3597 3671
f 3597 3672 3671
f 3597 3598 3672
f 3598 3673 3672
f 3598 3599 3673
f 3599 3674 3673
f 3599 3600 3674
f 3600 3675 3674
f 3600 3601 3675
f 3602 3676 3677
f 3602 3677 3603
f 3603 3677 3678
f 3603 3678 3604
f 3604 3678 3679
f 3604 3679 3605
f 3605 3679 3680
f 3605 3680 3606
f 3606 3680 3681
f 3606 3681 3607
f 3607 3681 3682
f 3607 3682 3608
f 3608 3682 3683
f 3608 3683 3609
f 3609 3683 3684
f 3609 3684 3610
f 3610 3684 3685
f 3610 3685 3611
f 3611 3685 3686
f 3611 3686 3612
f 3612 3686 3687
f 3612 3687 3613
f 3613 3687 3688
f 3613 3688 3614
f 3614 3688 3689
f 3614 3689 3615
f 3615 3689 3690
f 3615 3690 3616
f 3616 3690 3691
f 3616 3691 3617
f 3617 3691 3692
f 3617 3692 3618
f 3618 3692 3693
f 3618 3693 3619
f 3619 3693 3694
f 3619 3694 3620
f 3620 3694 3695
f 3620 3695 3621
f 3621 3695 3696
f 3621 3696 3622
f 3622 3696 3697
f 3622 3697 3623
f 3623 3697 3698
f 3623 3698 3624
f 3624 3698 3699
f 3624 3699 3625
f 3625 3699 3700
f 3625 3700 3626
f 3627 3702 3701
f 3627 3628 3702
f 3628 3703 3702
f 3628 3629 3703
f 3629 3704 3703
f 3629 3630 3704
f 3630 3705 3704
f 3630 3631 3705
f 3631 3706 3705
f 3631 3632 3706
f 3632 3707 3706
f 3632 3633 3707
f 3633 3708 3707
f 3633 3634 3708
f 3634 3709 3708
f 3634 3635 3709
f 3635 3710 3709
f 3635 3636 3710
f 3636 3711 3710
f 3636 3637 3711
f 3637 3712 3711
f 3637 3638 3712
f 3638 3713 3712
f 3638 3639 3713
f 3639 3714 3713
f 3639 3640 3714
f 3640 3715 3714
f 3640 3641 3715
f 3641 3716 3715
f 3641 3642 3716
f 3642 3717 3716
f 3642 3643 3717
f 3643 3718 3717
f 3643 3644 3718
f 3644 3719 3718
f 3644 3645 3719
f 3645 3720 3719
f 3645 3646 3720
f 3646 3721 3720
f 3646 3647 3721
f 3647 3722 3721
f 3647 3648 3722
f 3648 3723 3722
f 3648 3649 3723
f 3649 3724 3723
f 3649 3650 3724
f 3650 3725 3724
f 3650 3651 3725
f 3651 3726 3725
f 3651 3652 3726
f 3652 3727 3726
f 3652 3653 3727
f 3653 3728 3727
f 3653 3654 3728
f 3654 3729 3728
f 3654 3655 3729
f 3655 3730 3729
f 3655 3656 3730
f 3656 3731 3730
f 3656 3657 3731
f 3657 3732 3731
f 3657 3658 3732
f 3658 3733 3732
f 3658 3659 3733
f 3659 3734 3733
f 3659 3660 3734
f 3660 3735 3734
f 3660 3661 3735
f 3661 3736 3735
f 3661 3662 3736
f 3662 3737 3736
f 3662 3663 3737
f 3663 3738 3737
f 3663 3664 3738
f 3664 3739 3738
f 3664 3665 3739
f 3665 3740 3739
f 3665 3666 3740
f 3666 3741 3740
f 3666 3667 3741
f 3667 3742 3741
f 3667 3668 3742
f 3668 3743 3742
f 3668 3669 3743
f 3669 3744 3743
f 3669 3670 3744
f 3670 3745 3744
f 3670 3671 3745
f 3671 3746 3745
f 3671 3672 3746
f 3672 3747 3746
f 3672 3673 3747
f 3673 3748 3747
f 3673 3674 3748
f 3674 3749 3748
f 3674 3675 3749
f 3676 3750 3751
f 3676 3751 3677
f 3677 3751 3752
f 3677 3752 3678
f 3678 3752 3753
f 3678 3753 3679
f 3679 3753 3754
f 3679 3754 3680
f 3680 3754 3755
f 3680 3755 3681
f 3681 3755 3756
f 3681 3756 3682
f 3682 3756 3757
f 3682 3757 3683
f 3683 3757 3758
f 3683 3758 3684
f 3684 3758 3759
f 3684 3759 3685
f 3685 3759 3760
f 3685 3760 3686
f 3686 3760 3761
f 3686 3761 3687
f 3687 3761 3762
f 3687 3762 3688
f 3688 3762 3763
f 3688 3763 3689
f 3689 3763 3764
f 3689 3764 3690
f 3690 3764 3765
f 3690 3765 3691
f 3691 3765 3766
f 3691 3766 3692
f 3692 3766 3767
f 3692 3767 3693
f 3693 3767 3768
f 3693 3768 3694
f 3694 3768 3769
f 3694 3769 3695
f 3695 3769 3770
f 3695 3770 3696
f 3696 3770 3771
f 3696 3771 3697
f 3697 3771 3772
f 3697 3772 3698
f 3698 3772 3773
f 3698 3773 3699
f 3699 3773 3774
f 3699 3774 3700
f 3701 3776 3775
f 3701 3702 3776
f 3702 3777 3776
f 3702 3703 3777
f 3703 3778 3777
f 3703 3704 3778
f 3704 3779 3778
f 3704 3705 3779
f 3705 3780 3779
f 3705 3706 3780
f 3706 3781 3780
f 3706 3707 3781
f 3707 3782 3781
f 3707 3708 3782
f 3708 3783 3782
f 3708 3709 3783
f 3709 3784 3783
f 3709 3710 3784
f 3710 3785 3784
f 3710 3711 3785
f 3711 3786 3785
f 3711 3712 3786
f 3712 3787 3786
f 3712 3713 3787
f 3713 3788 3787
f 3713 3714 3788
f 3714 3789 3788
f 3714 3715 3789
f 3715 3790 3789
f 3715 3716 3790
f 3716 3791 3790
f 3716 3717 3791
f 3717 3792 3791
f 3717 3718 3792
f 3718 3793 3792
f 3718 3719 3793
f 3719 3794 3793
f 3719 3720 3794
f 3720 3795 3794
f 3720 3721 3795
f 3721 3796 3795
f 3721 3722 3796
f 3722 3797 3796
f 3722 3723 3797
f 3723 3798 3797
f 3723 3724 3798
f 3724 3799 3798
f 3724 3725 3799
f 3725 3800 3799
f 3725 3726 3800
f 3726 3801 3800
f 3726 3727 3801
f 3727 3802 3801
f 3727 3728 3802
f 3728 3803 3802
f 3728 3729 3803
f 3729 3804 3803
f 3729 3730 3804
f 3730 3805 3804
f 3730 3731 3805
f 3731 3806 3805
f 3731 3732 3806
f 3732 3807 3806
f 3732 3733 3807
f 3733 3808 3807
f 3733 3734 3808
f 3734 3809 3808
f 3734 3735 3809
f 3735 3810 3809
f 3735 3736 3810
f 3736 3811 3810
f 3736 3737 3811
f 3737 3812 3811
f 3737 3738 3812
f 3738 3813 3812
f 3738 3739 3813
f 3739 3814 3813
f 3739 3740 3814
f 3740 3815 3814
f 3740 3741 3815
f 3741 3816 3815
f 3741 3742 3816
f 3742 3817 3816
f 3742 3743 3817
f 3743 3818 3817
f 3743 3744 3818
f 3744 3819 3818
f 3744 3745 3819
f 3745 3820 3819
f 3745 3746 3820
f 3746 3821 3820
f 3746 3747 3821
f 3747 3822 3821
f 3747 3748 3822
f 3748 3823 3822
f 3748 3749 3823
f 3750 3824 3825
f 3750 3825 3751
f 3751 3825 3826
f 3751 3826 3752
f 3752 3826 3827
f 3752 3827 3753
f 3753 3827 3828
f 3753 3828 3754
f 3754 3828 3829
f 3754 3829 3755
f 3755 3829 3830
f 3755 3830 3756
f 3756 3830 3831
f 3756 3831 3757
f 3757 3831 3832
f 3757 3832 3758
f 3758 3832 3833
f 3758 3833 3759
f 3759 3833 3834
f 3759 3834 3760
f 3760 3834 3835
f 3760 3835 3761
f 3761 3835 3836
f 3761 3836 3762
f 3762 3836 3837
f 3762 3837 3763
f 3763 3837 3838
f 3763 3838 3764
f 3764 3838 3839
f 3764 3839 3765
f 3765 3839 3840
f 3765 3840 3766
f 3766 3840 3841
f 3766 3841 3767
f 3767 3841 3842
f 3767 3842 3768
f 3768 3842 3843
f 3768 3843 3769
f 3769 3843 3844
f 3769 3844 3770
f 3770 3844 3845
f 3770 3845 3771
f 3771 3845 3846
f 3771 3846 3772
f 3772 3846 3847
f 3772 3847 3773
f 3773 3847 3848
f 3773 3848 3774
f 3775 3850 3849
f 3775 3776 3850
f 3776 3851 3850
f 3776 3777 3851
f 3777 3852 3851
f 3777 3778 3852
f 3778 3853 3852
f 3778 3779 3853
f 3779 3854 3853
f 3779 3780 3854
f 3780 3855 3854
f 3780 3781 3855
f 3781 3856 3855
f 3781 3782 3856
f 3782 3857 3856
f 3782 3783 3857
f 3783 3858 3857
f 3783 3784 3858
f 3784 3859 3858
f 3784 3785 3859
f 3785 3860 3859
f 3785 3786 3860
f 3786 3861 3860
f 3786 3787 3861
f 3787 3862 3861
f 3787 3788 3862
f 3788 3863 3862
f 3788 3789 3863
f 3789 3864 3863
f 3789 3790 3864
f 3790 3865 3864
f 3790 3791 3865
f 3791 3866 3865
f 3791 3792 3866
f 3792 3867 3866
f 3792 3793 3867
f 3793 3868 3867
f 3793 3794 3868
f 3794 3869 3868
f 3794 3795 3869
f 3795 3870 3869
f 3795 3796 3870
f 3796 3871 3870
f 3796 3797 3871
f 3797 3872 3871
f 3797 3798 3872
f 3798 3873 3872
f 3798 3799 3873
f 3799 3874 3873
f 3799 3800 3874
f 3800 3875 3874
f 3800 3801 3875
f 3801 3876 3875
f 3801 3802 3876
f 3802 3877 3876
f 3802 3803 3877
f 3803 3878 3877
f 3803 3804 3878
f 3804 3879 3878
f 3804 3805 3879
f 3805 3880 3879
f 3805 3806 3880
f 3806 3881 3880
f 3806 3807 3881
f 3807 3882 3881
f 3807 3808 3882
f 3808 3883 3882
f 3808 3809 3883
f 3809 3884 3883
f 3809 3810 3884
f 3810 3885 3884
f 3810 3811 3885
f 3811 3886 3885
f 3811 3812 3886
f 3812 3887 3886
f 3812 3813 3887
f 3813 3888 3887
f 3813 3814 3888
f 3814 3889 3888
f 3814 3815 3889
f 3815 3890 3889
f 3815 3816 3890
f 3816 3891 3890
f 3816 3817 3891
f 3817 3892 3891
f 3817 3818 3892
f 3818 3893 3892
f 3818 3819 3893
f 3819 3894 3893
f 3819 3820 3894
f 3820 3895 3894
f 3820 3821 3895
f 3821 3896 3895
f 3821 3822 3896
f 3822 3897 3896
f 3822 3823 3897
f 3824 3898 3899
f 3824 3899 3825
f 3825 3899 3900
f 3825 3900 3826
f 3826 3900 3901
f 3826 3901 3827
f 3827 3901 3902
f 3827 3902 3828
f 3828 3902 3903
f 3828 3903 3829
f 3829 3903 3904
f 3829 3904 3830
f 3830 3904 3905
f 3830 3905 3831
f 3831 3905 3906
f 3831 3906 3832
f 3832 3906 3907
f 3832 3907 3833
f 3833 3907 3908
f 3833 3908 3834
f 3834 3908 3909
f 3834 3909 3835
f 3835 3909 3910
f 3835 3910 3836
f 3836 3910 3911
f 3836 3911 3837
f 3837 3911 3912
f 3837 3912 3838
f 3838 3912 3913
f 3838 3913 3839
f 3839 3913 3914
f 3839 3914 3840
f 3840 3914 3915
f 3840 3915 3841
f 3841 3915 3916
f 3841 3916 3842
f 3842 3916 3917
f 3842 3917 3843
f 3843 3917 3918
f 3843 3918 3844
f 3844 3918 3919
f 3844 3919 3845
f 3845 3919 3920
f 3845 3920 3846
f 3846 3920 3921
f 3846 3921 3847
f 3847 3921 3922
f 3847 3922 3848
f 3849 3924 3923
f 3849 3850 3924
f 3850 3925 3924
f 3850 3851 3925
f 3851 3926 3925
f 3851 3852 3926
f 3852 3927 3926
f 3852 3853 3927
f 3853 3928 3927
f 3853 3854 3928
f 3854 3929 3928
f 3854 3855 3929
f 3855 3930 3929
f 3855 3856 3930
f 3856 3931 3930
f 3856 3857 3931
f 3857 3932 3931
f 3857 3858 3932
f 3858 3933 3932
f 3858 3859 3933
f 3859 3934 3933
f 3859 3860 3934
f 3860 3935 3934
f 3860 3861 3935
f 3861 3936 3935
f 3861 3862 3936
f 3862 3937 3936
f 3862 3863 3937
f 3863 3938 3937
f 3863 3864 3938
f 3864 3939 3938
f 3864 3865 3939
f 3865 3940 3939
f 3865 3866 3940
f 3866 3941 3940
f 3866 3867 3941
f 3867 3942 3941
f 3867 3868 3942
f 3868 3943 3942
f 3868 3869 3943
f 3869 3944 3943
f 3869 3870 3944
f 3870 3945 3944
f 3870 3871 3945
f 3871 3946 3945
f 3871 3872 3946
f 3872 3947 3946
f 3872 3873 3947
f 3873 3948 3947
f 3873 3874 3948
f 3874 3949 3948
f 3874 3875 3949
f 3875 3950 3949
f 3875 3876 3950
f 3876 3951 3950
f 3876 3877 3951
f 3877 3952 3951
f 3877 3878 3952
f 3878 3953 3952
f 3878 3879 3953
f 3879 3954 3953
f 3879 3880 3954
f 3880 3955 3954
f 3880 3881 3955
f 3881 3956 3955
f 3881 3882 3956
f 3882 3957 3956
f 3882 3883 3957
f 3883 3958 3957
f 3883 3884 3958
f 3884 3959 3958
f 3884 3885 3959
f 3885 3960 3959
f 3885 3886 3960
f 3886 3961 3960
f 3886 3887 3961
f 3887 3962 3961
f 3887 3888 3962
f 3888 3963 3962
f 3888 3889 3963
f 3889 3964 3963
f 3889 3890 3964
f 3890 3965 3964
f 3890 3891 3965
f 3891 3966 3965
f 3891 3892 3966
f 3892 3967 3966
f 3892 3893 3967
f 3893 3968 3967
f 3893 3894 3968
f 3894 3969 3968
f 3894 3895 3969
f 3895 3970 3969
f 3895 3896 3970
f 3896 3971 3970
f 3896 3897 3971
f 3898 3972 3973
f 3898 3973 3899
f 3899 3973 3974
f 3899 3974 3900
f 3900 3974 3975
f 3900 3975 3901
f 3901 3975 3976
f 3901 3976 3902
f 3902 3976 3977
f 3902 3977 3903
f 3903 3977 3978
f 3903 3978 3904
f 3904 3978 3979
f 3904 3979 3905
f 3905 3979 3980
f 3905 3980 3906
f 3906 3980 3981
f 3906 3981 3907
f 3907 3981 3982
f 3907 3982 3908
f 3908 3982 3983
f 3908 3983 3909
f 3909 3983 3984
f 3909 3984 3910
f 3910 3984 3985
f 3910 3985 3911
f 3911 3985 3986
f 3911 3986 3912
f 3912 3986 3987
f 3912 3987 3913
f 3913 3987 3988
f 3913 3988 3914
f 3914 3988 3989
f 3914 3989 3915
f 3915 3989 3990
f 3915 3990 3916
f 3916 3990 3991
f 3916 3991 3917
f 3917 3991 3992
f 3917 3992 3918
f 3918 3992 3993
f 3918 3993 3919
f 3919 3993 3994
f 3919 3994 3920
f 3920 3994 3995
f 3920 3995 3921
f 3921 3995 3996
f 3921 3996 3922
f 3923 3998 3997
f 3923 3924 3998
f 3924 3999 3998
f 3924 3925 3999
f 3925 4000 3999
f 3925 3926 4000
f 3926 4001 4000
f 3926 3927 4001
f 3927 4002 4001
f 3927 3928 4002
f 3928 4003 4002
f 3928 3929 4003
f 3929 4004 4003
f 3929 3930 4004
f 3930 4005 4004
f 3930 3931 4005
f 3931 4006 4005
f 3931 3932 4006
f 3932 4007 4006
f 3932 3933 4007
f 3933 4008 4007
f 3933 3934 4008
f 3934 4009 4008
f 3934 3935 4009
f 3935 4010 4009
f 3935 3936 4010
f 3936 4011 4010
f 3936 3937 4011
f 3937 4012 4011
f 3937 3938 4012
f 3938 4013 4012
f 3938 3939 4013
f 3939 4014 4013
f 3939 3940 4014
f 3940 4015 4014
f 3940 3941 4015
f 3941 4016 4015
f 3941 3942 4016
f 3942 4017 4016
f 3942 3943 4017
f 3943 4018 4017
f 3943 3944 4018
f 3944 4019 4018
f 3944 3945 4019
f 3945 4020 4019
f 3945 3946 4020
f 3946 4021 4020
f 3946 3947 4021
f 3947 4022 4021
f 3947 3948 4022
f 3948 4023 4022
f 3948 3949 4023
f 3949 4024 4023
f 3949 3950 4024
f 3950 4025 4024
f 3950 3951 4025
f 3951 4026 4025
f 3951 3952 4026
f 3952 4027 4026
f 3952 3953 4027
f 3953 4028 4027
f 3953 3954 4028
f 3954 4029 4028
f 3954 3955 4029
f 3955 4030 4029
f 3955 3956 4030
f 3956 4031 4030
f 3956 3957 4031
f 3957 4032 4031
f 3957 3958 4032
f 3958 4033 4032
f 3958 3959 4033
f 3959 4034 4033
f 3959 3960 4034
f 3960 4035 4034
f 3960 3961 4035
f 3961 4036 4035
f 3961 3962 4036
f 3962 4037 4036
f 3962 3963 4037
f 3963 4038 4037
f 3963 3964 4038
f 3964 4039 4038
f 3964 3965 4039
f 3965 4040 4039
f 3965 3966 4040
f 3966 4041 4040
f 3966 3967 4041
f 3967 4042 4041
f 3967 3968 4042
f 3968 4043 4042
f 3968 3969 4043
f 3969 4044 4043
f 3969 3970 4044
f 3970 4045 4044
f 3970 3971 4045
f 3972 4046 4047
f 3972 4047 3973
f 3973 4047 4048
f 3973 4048 3974
f 3974 4048 4049
f 3974 4049 3975
f 3975 4049 4050
f 3975 4050 3976
f 3976 4050 4051
f 3976 4051 3977
f 3977 4051 4052
f 3977 4052 3978
f 3978 4052 4053
f 3978 4053 3979
f 3979 4053 4054
f 3979 4054 3980
f 3980 4054 4055
f 3980 4055 3981
f 3981 4055 4056
f 3981 4056 3982
f 3982 4056 4057
f 3982 4057 3983
f 3983 4057 4058
f 3983 4058 3984
f 3984 4058 4059
f 3984 4059 3985
f 3985 4059 4060
f 3985 4060 3986
f 3986 4060 4061
f 3986 4061 3987
f 3987 4061 4062
f 3987 4062 3988
f 3988 4062 4063
f 3988 4063 3989
f 3989 4063 4064
f 3989 4064 3990
f 3990 4064 4065
f 3990 4065 3991
f 3991 4065 4066
f 3991 4066 3992
f 3992 4066 4067
f 3992 4067 3993
f 3993 4067 4068
f 3993 4068 3994
f 3994 4068 4069
f 3994 4069 3995
f 3995 4069 4070
f 3995 4070 3996
f 3997 4072 4071
f 3997 3998 4072
f 3998 4073 4072
f 3998 3999 4073
f 3999 4074 4073
f 3999 4000 4074
f 4000 4075 4074
f 4000 4001 4075
f 4001 4076 4075
f 4001 4002 4076
f 4002 4077 4076
f 4002 4003 4077
f 4003 4078 4077
f 4003 4004 4078
f 4004 4079 4078
f 4004 4005 4079
f 4005 4080 4079
f 4005 4006 4080
f 4006 4081 4080
f 4006 4007 4081
f 4007 4082 4081
f 4007 4008 4082
f 4008 4083 4082
f 4008 4009 4083
f 4009 4084 4083
f 4009 4010 4084
f 4010 4085 4084
f 4010 4011 4085
f 4011 4086 4085
f 4011 4012 4086
f 4012 4087 4086
f 4012 4013 4087
f 4013 4088 4087
f 4013 4014 4088
f 4014 4089 4088
f 4014 4015 4089
f 4015 4090 4089
f 4015 4016 4090
f 4016 4091 4090
f 4016 4017 4091
f 4017 4092 4091
f 4017 4018 4092
f 4018 4093 4092
f 4018 4019 4093
f 4019 4094 4093
f 4019 4020 4094
f 4020 4095 4094
f 4020 4021 4095
f 4021 4096 4095
f 4021 4022 4096
f 4022 4097 4096
f 4022 4023 4097
f 4023 4098 4097
f 4023 4024 4098
f 4024 4099 4098
f 4024 4025 4099
f 4025 4100 4099
f 4025 4026 4100
f 4026 4101 4100
f 4026 4027 4101
f 4027 4102 4101
f 4027 4028 4102
f 4028 4103 4102
f 4028 4029 4103
f 4029 4104 4103
f 4029 4030 4104
f 4030 4105 4104
f 4030 4031 4105
f 4031 4106 4105
f 4031 4032 4106
f 4032 4107 4106
f 4032 4033 4107
f 4033 4108 4107
f 4033 4034 4108
f 4034 4109 4108
f 4034 4035 4109
f 4035 4110 4109
f 4035 4036 4110
f 4036 4111 4110
f 4036 4037 4111
f 4037 4112 4111
f 4037 4038 4112
f 4038 4113 4112
f 4038 4039 4113
f 4039 4114 4113
f 4039 4040 4114
f 4040 4115 4114
f 4040 4041 4115
f 4041 4116 4115
f 4041 4042 4116
f 4042 4117 4116
f 4042 4043 4117
f 4043 4118 4117
f 4043 4044 4118
f 4044 4119 4118
f 4044 4045 4119
f 4046 4120 4121
f 4046 4121 4047
f 4047 4121 4122
f 4047 4122 4048
f 4048 4122 4123
f 4048 4123 4049
f 4049 4123 4124
f 4049 4124 4050
f 4050 4124 4125
f 4050 4125 4051
f 4051 4125 4126
f 4051 4126 4052
f 4052 4126 4127
f 4052 4127 4053
f 4053 4127 4128
f 4053 4128 4054
f 4054 4128 4129
f 4054 4129 4055
f 4055 4129 4130
f 4055 4130 4056
f 4056 4130 4131
f 4056 4131 4057
f 4057 4131 4132
f 4057 4132 4058
f 4058 4132 4133
f 4058 4133 4059
f 4059 4133 4134
f 4059 4134 4060
f 4060 4134 4135
f 4060 4135 4061
f 4061 4135 4136
f 4061 4136 4062
f 4062 4136 4137
f 4062 4137 4063
f 4063 4137 4138
f 4063 4138 4064
f 4064 4138 4139
f 4064 4139 4065
f 4065 4139 4140
f 4065 4140 4066
f 4066 4140 4141
f 4066 4141 4067
f 4067 4141 4142
f 4067 4142 4068
f 4068 4142 4143
f 4068 4143 4069
f 4069 4143 4144
f 4069 4144 4070
f 4071 4146 4145
f 4071 4072 4146
f 4072 4147 4146
f 4072 4073 4147
f 4073 4148 4147
f 4073 4074 4148
f 4074 4149 4148
f 4074 4075 4149
f 4075 4150 4149
f 4075 4076 4150
f 4076 4151 4150
f 4076 4077 4151
f 4077 4152 4151
f 4077 4078 4152
f 4078 4153 4152
f 4078 4079 4153
f 4079 4154 4153
f 4079 4080 4154
f 4080 4155 4154
f 4080 4081 4155
f 4081 4156 4155
f 4081 4082 4156
f 4082 4157 4156
f 4082 4083 4157
f 4083 4158 4157
f 4083 4084 4158
f 4084 4159 4158
f 4084 4085 4159
f 4085 4160 4159
f 4085 4086 4160
f 4086 4161 4160
f 4086 4087 4161
f 4087 4162 4161
f 4087 4088 4162
f 4088 4163 4162
f 4088 4089 4163
f 4089 4164 4163
f 4089 4090 4164
f 4090 4165 4164
f 4090 4091 4165
f 4091 4166 4165
f 4091 4092 4166
f 4092 4167 4166
f 4092 4093 4167
f 4093 4168 4167
f 4093 4094 4168
f 4094 4169 4168
f 4094 4095 4169
f 4095 4170 4169
f 4095 4096 4170
f 4096 4171 4170
f 4096 4097 4171
f 4097 4172 4171
f 4097 4098 4172
f 4098 4173 4172
f 4098 4099 4173
f 4099 4174 4173
f 4099 4100 4174
f 4100 4175 4174
f 4100 4101 4175
f 4101 4176 4175
f 4101 4102 4176
f 4102 4177 4176
f 4102 4103 4177
f 4103 4178 4177
f 4103 4104 4178
f 4104 4179 4178
f 4104 4105 4179
f 4105 4180 4179
f 4105 4106 4180
f 4106 4181 4180
f 4106 4107 4181
f 4107 4182 4181
f 4107 4108 4182
f 4108 4183 4182
f 4108 4109 4183
f 4109 4184 4183
f 4109 4110 4184
f 4110 4185 4184
f 4110 4111 4185
f 4111 4186 4185
f 4111 4112 4186
f 4112 4187 4186
f 4112 4113 4187
f 4113 4188 4187
f 4113 4114 4188
f 4114 4189 4188
f 4114 4115 4189
f 4115 4190 4189
f 4115 4116 4190
f 4116 4191 4190
f 4116 4117 4191
f 4117 4192 4191
f 4117 4118 4192
f 4118 4193 4192
f 4118 4119 4193
f 4120 4194 4195
f 4120 4195 4121
f 4121 4195 4196
f 4121 4196 4122
f 4122 4196 4197
f 4122 4197 4123
f 4123 4197 4198
f 4123 4198 4124
f 4124 4198 4199
f 4124 4199 4125
f 4125 4199 4200
f 4125 4200 4126
f 4126 4200 4201
f 4126 4201 4127
f 4127 4201 4202
f 4127 4202 4128
f 4128 4202 4203
f 4128 4203 4129
f 4129 4203 4204
f 4129 4204 4130
f 4130 4204 4205
f 4130 4205 4131
f 4131 4205 4206
f 4131 4206 4132
f 4132 4206 4207
f 4132 4207 4133
f 4133 4207 4208
f 4133 4208 4134
f 4134 4208 4209
f 4134 4209 4135
f 4135 4209 4210
f 4135 4210 4136
f 4136 4210 4211
f 4136 4211 4137
f 4137 4211 4212
f 4137 4212 4138
f 4138 4212 4213
f 4138 4213 4139
f 4139 4213 4214
f 4139 4214 4140
f 4140 4214 4215
f 4140 4215 4141
f 4141 4215 4216
f 4141 4216 4142
f 4142 4216 4217
f 4142 4217 4143
f 4143 4217 4218
f 4143 4218 4144
f 4145 4220 4219
f 4145 4146 4220
f 4146 4221 4220
f 4146 4147 4221
f 4147 4222 4221
f 4147 4148 4222
f 4148 4223 4222
f 4148 4149 4223
f 4149 4224 4223
f 4149 4150 4224
f 4150 4225 4224
f 4150 4151 4225
f 4151 4226 4225
f 4151 4152 4226
f 4152 4227 4226
f 4152 4153 4227
f 4153 4228 4227
f 4153 4154 4228
f 4154 4229 4228
f 4154 4155 4229
f 4155 4230 4229
f 4155 4156 4230
f 4156 4231 4230
f 4156 4157 4231
f 4157 4232 4231
f 4157 4158 4232
f 4158 4233 4232
f 4158 4159 4233
f 4159 4234 4233
f 4159 4160 4234
f 4160 4235 4234
f 4160 4161 4235
f 4161 4236 4235
f 4161 4162 4236
f 4162 4237 4236
f 4162 4163 4237
f 4163 4238 4237
f 4163 4164 4238
f 4164 4239 4238
f 4164 4165 4239
f 4165 4240 4239
f 4165 4166 4240
f 4166 4241 4240
f 4166 4167 4241
f 4167 4242 4241
f 4167 4168 4242
f 4168 4243 4242
f 4168 4169 4243
f 4169 4244 4243
f 4169 4170 4244
f 4170 4245 4244
f 4170 4171 4245
f 4171 4246 4245
f 4171 4172 4246
f 4172 4247 4246
f 4172 4173 4247
f 4173 4248 4247
f 4173 4174 4248
f 4174 4249 4248
f 4174 4175 4249
f 4175 4250 4249
f 4175 4176 4250
f 4176 4251 4250
f 4176 4177 4251
f 4177 4252 4251
f 4177 4178 4252
f 4178 4253 4252
f 4178 4179 4253
f 4179 4254 4253
f 4179 4180 4254
f 4180 4255 4254
f 4180 4181 4255
f 4181 4256 4255
f 4181 4182 4256
f 4182 4257 4256
f 4182 4183 4257
f 4183 4258 4257
f 4183 4184 4258
f 4184 4259 4258
f 4184 4185 4259
f 4185 4260 4259
f 4185 4186 4260
f 4186 4261 4260
f 4186 4187 4261
f 4187 4262 4261
f 4187 4188 4262
f 4188 4263 4262
f 4188 4189 4263
f 4189 4264 4263
f 4189 4190 4264
f 4190 4265 4264
f 4190 4191 4265
f 4191 4266 4265
f 4191 4192 4266
f 4192 4267 4266
f 4192 4193 4267
f 4194 4268 4269
f 4194 4269 4195
f 4195 4269 4270
f 4195 4270 4196
f 4196 4270 4271
f 4196 4271 4197
f 4197 4271 4272
f 4197 4272 4198
f 4198 4272 4273
f 4198 4273 4199
f 4199 4273 4274
f 4199 4274 4200
f 4200 4274 4275
f 4200 4275 4201
f 4201 4275 4276
f 4201 4276 4202
f 4202 4276 4277
f 4202 4277 4203
f 4203 4277 4278
f 4203 4278 4204
f 4204 4278 4279
f 4204 4279 4205
f 4205 4279 4280
f 4205 4280 4206
f 4206 4280 4281
f 4206 4281 4207
f 4207 4281 4282
f 4207 4282 4208
f 4208 4282 4283
f 4208 4283 4209
f 4209 4283 4284
f 4209 4284 4210
f 4210 4284 4285
f 4210 4285 4211
f 4211 4285 4286
f 4211 4286 4212
f 4212 4286 4287
f 4212 4287 4213
f 4213 4287 4288
f 4213 4288 4214
f 4214 4288 4289
f 4214 4289 4215
f 4215 4289 4290
f 4215 4290 4216
f 4216 4290 4291
f 4216 4291 4217
f 4217 4291 4292
f 4217 4292 4218
f 4219 4294 4293
f 4219 4220 4294
f 4220 4295 4294
f 4220 4221 4295
f 4221 4296 4295
f 4221 4222 4296
f 4222 4297 4296
f 4222 4223 4297
f 4223 4298 4297
f 4223 4224 4298
f 4224 4299 4298
f 4224 4225 4299
f 4225 4300 4299
f 4225 4226 4300
f 4226 4301 4300
f 4226 4227 4301
f 4227 4302 4301
f 4227 4228 4302
f 4228 4303 4302
f 4228 4229 4303
f 4229 4304 4303
f 4229 4230 4304
f 4230 4305 4304
f 4230 4231 4305
f 4231 4306 4305
f 4231 4232 4306
f 4232 4307 4306
f 4232 4233 4307
f 4233 4308 4307
f 4233 4234 4308
f 4234 4309 4308
f 4234 4235 4309
f 4235 4310 4309
f 4235 4236 4310
f 4236 4311 4310
f 4236 4237 4311
f 4237 4312 4311
f 4237 4238 4312
f 4238 4313 4312
f 4238 4239 4313
f 4239 4314 4313
f 4239 4240 4314
f 4240 4315 4314
f 4240 4241 4315
f 4241 4316 4315
f 4241 4242 4316
f 4242 4317 4316
f 4242 4243 4317
f 4243 4318 4317
f 4243 4244 4318
f 4244 4319 4318
f 4244 4245 4319
f 4245 4320 4319
f 4245 4246 4320
f 4246 4321 4320
f 4246 4247 4321
f 4247 4322 4321
f 4247 4248 4322
f 4248 4323 4322
f 4248 4249 4323
f 4249 4324 4323
f 4249 4250 4324
f 4250 4325 4324
f 4250 4251 4325
f 4251 4326 4325
f 4251 4252 4326
f 4252 4327 4326
f 4252 4253 4327
f 4253 4328 4327
f 4253 4254 4328
f 4254 4329 4328
f 4254 4255 4329
f 4255 4330 4329
f 4255 4256 4330
f 4256 4331 4330
f 4256 4257 4331
f 4257 4332 4331
f 4257 4258 4332
f 4258 4333 4332
f 4258 4259 4333
f 4259 4334 4333
f 4259 4260 4334
f 4260 4335 4334
f 4260 4261 4335
f 4261 4336 4335
f 4261 4262 4336
f 4262 4337 4336
f 4262 4263 4337
f 4263 4338 4337
f 4263 4264 4338
f 4264 4339 4338
f 4264 4265 4339
f 4265 4340 4339
f 4265 4266 4340
f 4266 4341 4340
f 4266 4267 4341
f 4268 4342 4343
f 4268 4343 4269
f 4269 4343 4344
f 4269 4344 4270
f 4270 4344 4345
f 4270 4345 4271
f 4271 4345 4346
f 4271 4346 4272
f 4272 4346 4347
f 4272 4347 4273
f 4273 4347 4348
f 4273 4348 4274
f 4274 4348 4349
f 4274 4349 4275
f 4275 4349 4350
f 4275 4350 4276
f 4276 4350 4351
f 4276 4351 4277
f 4277 4351 4352
f 4277 4352 4278
f 4278 4352 4353
f 4278 4353 4279
f 4279 4353 4354
f 4279 4354 4280
f 4280 4354 4355
f 4280 4355 4281
f 4281 4355 4356
f 4281 4356 4282
f 4282 4356 4357
f 4282 4357 4283
f 4283 4357 4358
f 4283 4358 4284
f 4284 4358 4359
f 4284 4359 4285
f 4285 4359 4360
f 4285 4360 4286
f 4286 4360 4361
f 4286 4361 4287
f 4287 4361 4362
f 4287 4362 4288
f 4288 4362 4363
f 4288 4363 4289
f 4289 4363 4364
f 4289 4364 4290
f 4290 4364 4365
f 4290 4365 4291
f 4291 4365 4366
f 4291 4366 4292
f 4293 4368 4367
f 4293 4294 4368
f 4294 4369 4368
f 4294 4295 4369
f 4295 4370 4369
f 4295 4296 4370
f 4296 4371 4370
f 4296 4297 4371
f 4297 4372 4371
f 4297 4298 4372
f 4298 4373 4372
f 4298 4299 4373
f 4299 4374 4373
f 4299 4300 4374
f 4300 4375 4374
f 4300 4301 4375
f 4301 4376 4375
f 4301 4302 4376
f 4302 4377 4376
f 4302 4303 4377
f 4303 4378 4377
f 4303 4304 4378
f 4304 4379 4378
f 4304 4305 4379
f 4305 4380 4379
f 4305 4306 4380
f 4306 4381 4380
f 4306 4307 4381
f 4307 4382 4381
f 4307 4308 4382
f 4308 4383 4382
f 4308 4309 4383
f 4309 4384 4383
f 4309 4310 4384
f 4310 4385 4384
f 4310 4311 4385
f 4311 4386 4385
f 4311 4312 4386
f 4312 4387 4386
f 4312 4313 4387
f 4313 4388 4387
f 4313 4314 4388
f 4314 4389 4388
f 4314 4315 4389
f 4315 4390 4389
f 4315 4316 4390
f 4316 4391 4390
f 4316 4317 4391
f 4317 4392 4391
f 4317 4318 4392
f 4318 4393 4392
f 4318 4319 4393
f 4319 4394 4393
f 4319 4320 4394
f 4320 4395 4394
f 4320 4321 4395
f 4321 4396 4395
f 4321 4322 4396
f 4322 4397 4396
f 4322 4323 4397
f 4323 4398 4397
f 4323 4324 4398
f 4324 4399 4398
f 4324 4325 4399
f 4325 4400 4399
f 4325 4326 4400
f 4326 4401 4400
f 4326 4327 4401
f 4327 4402 4401
f 4327 4328 4402
f 4328 4403 4402
f 4328 4329 4403
f 4329 4404 4403
f 4329 4330 4404
f 4330 4405 4404
f 4330 4331 4405
f 4331 4406 4405
f 4331 4332 4406
f 4332 4407 4406
f 4332 4333 4407
f 4333 4408 4407
f 4333 4334 4408
f 4334 4409 4408
f 4334 4335 4409
f 4335 4410 4409
f 4335 4336 4410
f 4336 4411 4410
f 4336 4337 4411
f 4337 4412 4411
f 4337 4338 4412
f 4338 4413 4412
f 4338 4339 4413
f 4339 4414 4413
f 4339 4340 4414
f 4340 4415 4414
f 4340 4341 4415
f 4342 4416 4417
f 4342 4417 4343
f 4343 4417 4418
f 4343 4418 4344
f 4344 4418 4419
f 4344 4419 4345
f 4345 4419 4420
f 4345 4420 4346
f 4346 4420 4421
f 4346 4421 4347
f 4347 4421 4422
f 4347 4422 4348
f 4348 4422 4423
f 4348 4423 4349
f 4349 4423 4424
f 4349 4424 4350
f 4350 4424 4425
f 4350 4425 4351
f 4351 4425 4426
f 4351 4426 4352
f 4352 4426 4427
f 4352 4427 4353
f 4353 4427 4428
f 4353 4428 4354
f 4354 4428 4429
f 4354 4429 4355
f 4355 4429 4430
f 4355 4430 4356
f 4356 4430 4431
f 4356 4431 4357
f 4357 4431 4432
f 4357 4432 4358
f 4358 4432 4433
f 4358 4433 4359
f 4359 4433 4434
f 4359 4434 4360
f 4360 4434 4435
f 4360 4435 4361
f 4361 4435 4436
f 4361 4436 4362
f 4362 4436 4437
f 4362 4437 4363
f 4363 4437 4438
f 4363 4438 4364
f 4364 4438 4439
f 4364 4439 4365
f 4365 4439 4440
f 4365 4440 4366
f 4367 4442 4441
f 4367 4368 4442
f 4368 4443 4442
f 4368 4369 4443
f 4369 4444 4443
f 4369 4370 4444
f 4370 4445 4444
f 4370 4371 4445
f 4371 4446 4445
f 4371 4372 4446
f 4372 4447 4446
f 4372 4373 4447
f 4373 4448 4447
f 4373 4374 4448
f 4374 4449 4448
f 4374 4375 4449
f 4375 4450 4449
f 4375 4376 4450
f 4376 4451 4450
f 4376 4377 4451
f 4377 4452 4451
f 4377 4378 4452
f 4378 4453 4452
f 4378 4379 4453
f 4379 4454 4453
f 4379 4380 4454
f 4380 4455 4454
f 4380 4381 4455
f 4381 4456 4455
f 4381 4382 4456
f 4382 4457 4456
f 4382 4383 4457
f 4383 4458 4457
f 4383 4384 4458
f 4384 4459 4458
f 4384 4385 4459
f 4385 4460 4459
f 4385 4386 4460
f 4386 4461 4460
f 4386 4387 4461
f 4387 4462 4461
f 4387 4388 4462
f 4388 4463 4462
f 4388 4389 4463
f 4389 4464 4463
f 4389 4390 4464
f 4390 4465 4464
f 4390 4391 4465
f 4391 4466 4465
f 4391 4392 4466
f 4392 4467 4466
f 4392 4393 4467
f 4393 4468 4467
f 4393 4394 4468
f 4394 4469 4468
f 4394 4395 4469
f 4395 4470 4469
f 4395 4396 4470
f 4396 4471 4470
f 4396 4397 4471
f 4397 4472 4471
f 4397 4398 4472
f 4398 4473 4472
f 4398 4399 4473
f 4399 4474 4473
f 4399 4400 4474
f 4400 4475 4474
f 4400 4401 4475
f 4401 4476 4475
f 4401 4402 4476
f 4402 4477 4476
f 4402 4403 4477
f 4403 4478 4477
f 4403 4404 4478
f 4404 4479 4478
f 4404 4405 4479
f 4405 4480 4479
f 4405 4406 4480
f 4406 4481 4480
f 4406 4407 4481
f 4407 4482 4481
f 4407 4408 4482
f 4408 4483 4482
f 4408 4409 4483
f 4409 4484 4483
f 4409 4410 4484
f 4410 4485 4484
f 4410 4411 4485
f 4411 4486 4485
f 4411 4412 4486
f 4412 4487 4486
f 4412 4413 4487
f 4413 4488 4487
f 4413 4414 4488
f 4414 4489 4488
f 4414 4415 4489
f 4416 4490 4491
f 4416 4491 4417
f 4417 4491 4492
f 4417 4492 4418
f 4418 4492 4493
f 4418 4493 4419
f 4419 4493 4494
f 4419 4494 4420
f 4420 4494 4495
f 4420 4495 4421
f 4421 4495 4496
f 4421 4496 4422
f 4422 4496 4497
f 4422 4497 4423
f 4423 4497 4498
f 4423 4498 4424
f 4424 4498 4499
f 4424 4499 4425
f 4425 4499 4500
f 4425 4500 4426
f 4426 4500 4501
f 4426 4501 4427
f 4427 4501 4502
f 4427 4502 4428
f 4428 4502 4503
f 4428 4503 4429
f 4429 4503 4504
f 4429 4504 4430
f 4430 4504 4505
f 4430 4505 4431
f 4431 4505 4506
f 4431 4506 4432
f 4432 4506 4507
f 4432 4507 4433
f 4433 4507 4508
f 4433 4508 4434
f 4434 4508 4509
f 4434 4509 4435
f 4435 4509 4510
f 4435 4510 4436
f 4436 4510 4511
f 4436 4511 4437
f 4437 4511 4512
f 4437 4512 4438
f 4438 4512 4513
f 4438 4513 4439
f 4439 4513 4514
f 4439 4514 4440
f 4441 4516 4515
f 4441 4442 4516
f 4442 4517 4516
f 4442 4443 4517
f 4443 4518 4517
f 4443 4444 4518
f 4444 4519 4518
f 4444 4445 4519
f 4445 4520 4519
f 4445 4446 4520
f 4446 4521 4520
f 4446 4447 4521
f 4447 4522 4521
f 4447 4448 4522
f 4448 4523 4522
f 4448 4449 4523
f 4449 4524 4523
f 4449 4450 4524
f 4450 4525 4524
f 4450 4451 4525
f 4451 4526 4525
f 4451 4452 4526
f 4452 4527 4526
f 4452 4453 4527
f 4453 4528 4527
f 4453 4454 4528
f 4454 4529 4528
f 4454 4455 4529
f 4455 4530 4529
f 4455 4456 4530
f 4456 4531 4530
f 4456 4457 4531
f 4457 4532 4531
f 4457 4458 4532
f 4458 4533 4532
f 4458 4459 4533
f 4459 4534 4533
f 4459 4460 4534
f 4460 4535 4534
f 4460 4461 4535
f 4461 4536 4535
f 4461 4462 4536
f 4462 4537 4536
f 4462 4463 4537
f 4463 4538 4537
f 4463 4464 4538
f 4464 4539 4538
f 4464 4465 4539
f 4465 4540 4539
f 4465 4466 4540
f 4466 4541 4540
f 4466 4467 4541
f 4467 4542 4541
f 4467 4468 4542
f 4468 4543 4542
f 4468 4469 4543
f 4469 4544 4543
f 4469 4470 4544
f 4470 4545 4544
f 4470 4471 4545
f 4471 4546 4545
f 4471 4472 4546
f 4472 4547 4546
f 4472 4473 4547
f 4473 4548 4547
f 4473 4474 4548
f 4474 4549 4548
f 4474 4475 4549
f 4475 4550 4549
f 4475 4476 4550
f 4476 4551 4550
f 4476 4477 4551
f 4477 4552 4551
f 4477 4478 4552
f 4478 4553 4552
f 4478 4479 4553
f 4479 4554 4553
f 4479 4480 4554
f 4480 4555 4554
f 4480 4481 4555
f 4481 4556 4555
f 4481 4482 4556
f 4482 4557 4556
f 4482 4483 4557
f 4483 4558 4557
f 4483 4484 4558
f 4484 4559 4558
f 4484 4485 4559
f 4485 4560 4559
f 4485 4486 4560
f 4486 4561 4560
f 4486 4487 4561
f 4487 4562 4561
f 4487 4488 4562
f 4488 4563 4562
f 4488 4489 4563
f 4490 4564 4565
f 4490 4565 4491
f 4491 4565 4566
f 4491 4566 4492
f 4492 4566 4567
f 4492 4567 4493
f 4493 4567 4568
f 4493 4568 4494
f 4494 4568 4569
f 4494 4569 4495
f 4495 4569 4570
f 4495 4570 4496
f 4496 4570 4571
f 4496 4571 4497
f 4497 4571 4572
f 4497 4572 4498
f 4498 4572 4573
f 4498 4573 4499
f 4499 4573 4574
f 4499 4574 4500
f 4500 4574 4575
f 4500 4575 4501
f 4501 4575 4576
f 4501 4576 4502
f 4502 4576 4577
f 4502 4577 4503
f 4503 4577 4578
f 4503 4578 4504
f 4504 4578 4579
f 4504 4579 4505
f 4505 4579 4580
f 4505 4580 4506
f 4506 4580 4581
f 4506 4581 4507
f 4507 4581 4582
f 4507 4582 4508
f 4508 4582 4583
f 4508 4583 4509
f 4509 4583 4584
f 4509 4584 4510
f 4510 4584 4585
f 4510 4585 4511
f 4511 4585 4586
f 4511 4586 4512
f 4512 4586 4587
f 4512 4587 4513
f 4513 4587 4588
f 4513 4588 4514
f 4515 4590 4589
f 4515 4516 4590
f 4516 4591 4590
f 4516 4517 4591
f 4517 4592 4591
f 4517 4518 4592
f 4518 4593 4592
f 4518 4519 4593
f 4519 4594 4593
f 4519 4520 4594
f 4520 4595 4594
f 4520 4521 4595
f 4521 4596 4595
f 4521 4522 4596
f 4522 4597 4596
f 4522 4523 4597
f 4523 4598 4597
f 4523 4524 4598
f 4524 4599 4598
f 4524 4525 4599
f 4525 4600 4599
f 4525 4526 4600
f 4526 4601 4600
f 4526 4527 4601
f 4527 4602 4601
f 4527 4528 4602
f 4528 4603 4602
f 4528 4529 4603
f 4529 4604 4603
f 4529 4530 4604
f 4530 4605 4604
f 4530 4531 4605
f 4531 4606 4605
f 4531 4532 4606
f 4532 4607 4606
f 4532 4533 4607
f 4533 4608 4607
f 4533 4534 4608
f 4534 4609 4608
f 4534 4535 4609
f 4535 4610 4609
f 4535 4536 4610
f 4536 4611 4610
f 4536 4537 4611
f 4537 4612 4611
f 4537 4538 4612
f 4538 4613 4612
f 4538 4539 4613
f 4539 4614 4613
f 4539 4540 4614
f 4540 4615 4614
f 4540 4541 4615
f 4541 4616 4615
f 4541 4542 4616
f 4542 4617 4616
f 4542 4543 4617
f 4543 4618 4617
f 4543 4544 4618
f 4544 4619 4618
f 4544 4545 4619
f 4545 4620 4619
f 4545 4546 4620
f 4546 4621 4620
f 4546 4547 4621
f 4547 4622 4621
f 4547 4548 4622
f 4548 4623 4622
f 4548 4549 4623
f 4549 4624 4623
f 4549 4550 4624
f 4550 4625 4624
f 4550 4551 4625
f 4551 4626 4625
f 4551 4552 4626
f 4552 4627 4626
f 4552 4553 4627
f 4553 4628 4627
f 4553 4554 4628
f 4554 4629 4628
f 4554 4555 4629
f 4555 4630 4629
f 4555 4556 4630
f 4556 4631 4630
f 4556 4557 4631
f 4557 4632 4631
f 4557 4558 4632
f 4558 4633 4632
f 4558 4559 4633
f 4559 4634 4633
f 4559 4560 4634
f 4560 4635 4634
f 4560 4561 4635
f 4561 4636 4635
f 4561 4562 4636
f 4562 4637 4636
f 4562 4563 4637
f 4564 4638 4639
f 4564 4639 4565
f 4565 4639 4640
f 4565 4640 4566
f 4566 4640 4641
f 4566 4641 4567
f 4567 4641 4642
f 4567 4642 4568
f 4568 4642 4643
f 4568 4643 4569
f 4569 4643 4644
f 4569 4644 4570
f 4570 4644 4645
f 4570 4645 4571
f 4571 4645 4646
f 4571 4646 4572
f 4572 4646 4647
f 4572 4647 4573
f 4573 4647 4648
f 4573 4648 4574
f 4574 4648 4649
f 4574 4649 4575
f 4575 4649 4650
f 4575 4650 4576
f 4576 4650 4651
f 4576 4651 4577
f 4577 4651 4652
f 4577 4652 4578
f 4578 4652 4653
f 4578 4653 4579
f 4579 4653 4654
f 4579 4654 4580
f 4580 4654 4655
f 4580 4655 4581
f 4581 4655 4656
f 4581 4656 4582
f 4582 4656 4657
f 4582 4657 4583
f 4583 4657 4658
f 4583 4658 4584
f 4584 4658 4659
f 4584 4659 4585
f 4585 4659 4660
f 4585 4660 4586
f 4586 4660 4661
f 4586 4661 4587
f 4587 4661 4662
f 4587 4662 4588
f 4589 4664 4663
f 4589 4590 4664
f 4590 4665 4664
f 4590 4591 4665
f 4591 4666 4665
f 4591 4592 4666
f 4592 4667 4666
f 4592 4593 4667
f 4593 4668 4667
f 4593 4594 4668
f 4594 4669 4668
f 4594 4595 4669
f 4595 4670 4669
f 4595 4596 4670
f 4596 4671 4670
f 4596 4597 4671
f 4597 4672 4671
f 4597 4598 4672
f 4598 4673 4672
f 4598 4599 4673
f 4599 4674 4673
f 4599 4600 4674
f 4600 4675 4674
f 4600 4601 4675
f 4601 4676 4675
f 4601 4602 4676
f 4602 4677 4676
f 4602 4603 4677
f 4603 4678 4677
f 4603 4604 4678
f 4604 4679 4678
f 4604 4605 4679
f 4605 4680 4679
f 4605 4606 4680
f 4606 4681 4680
f 4606 4607 4681
f 4607 4682 4681
f 4607 4608 4682
f 4608 4683 4682
f 4608 4609 4683
f 4609 4684 4683
f 4609 4610 4684
f 4610 4685 4684
f 4610 4611 4685
f 4611 4686 4685
f 4611 4612 4686
f 4612 4687 4686
f 4612 4613 4687
f 4613 4688 4687
f 4613 4614 4688
f 4614 4689 4688
f 4614 4615 4689
f 4615 4690 4689
f 4615 4616 4690
f 4616 4691 4690
f 4616 4617 4691
f 4617 4692 4691
f 4617 4618 4692
f 4618 4693 4692
f 4618 4619 4693
f 4619 4694 4693
f 4619 4620 4694
f 4620 4695 4694
f 4620 4621 4695
f 4621 4696 4695
f 4621 4622 4696
f 4622 4697 4696
f 4622 4623 4697
f 4623 4698 4697
f 4623 4624 4698
f 4624 4699 4698
f 4624 4625 4699
f 4625 4700 4699
f 4625 4626 4700
f 4626 4701 4700
f 4626 4627 4701
f 4627 4702 4701
f 4627 4628 4702
f 4628 4703 4702
f 4628 4629 4703
f 4629 4704 4703
f 4629 4630 4704
f 4630 4705 4704
f 4630 4631 4705
f 4631 4706 4705
f 4631 4632 4706
f 4632 4707 4706
f 4632 4633 4707
f 4633 4708 4707
f 4633 4634 4708
f 4634 4709 4708
f 4634 4635 4709
f 4635 4710 4709
f 4635 4636 4710
f 4636 4711 4710
f 4636 4637 4711
f 4638 4712 4713
f 4638 4713 4639
f 4639 4713 4714
f 4639 4714 4640
f 4640 4714 4715
f 4640 4715 4641
f 4641 4715 4716
f 4641 4716 4642
f 4642 4716 4717
f 4642 4717 4643
f 4643 4717 4718
f 4643 4718 4644
f 4644 4718 4719
f 4644 4719 4645
f 4645 4719 4720
f 4645 4720 4646
f 4646 4720 4721
f 4646 4721 4647
f 4647 4721 4722
f 4647 4722 4648
f 4648 4722 4723
f 4648 4723 4649
f 4649 4723 4724
f 4649 4724 4650
f 4650 4724 4725
f 4650 4725 4651
f 4651 4725 4726
f 4651 4726 4652
f 4652 4726 4727
f 4652 4727 4653
f 4653 4727 4728
f 4653 4728 4654
f 4654 4728 4729
f 4654 4729 4655
f 4655 4729 4730
f 4655 4730 4656
f 4656 4730 4731
f 4656 4731 4657
f 4657 4731 4732
f 4657 4732 4658
f 4658 4732 4733
f 4658 4733 4659
f 4659 4733 4734
f 4659 4734 4660
f 4660 4734 4735
f 4660 4735 4661
f 4661 4735 4736
f 4661 4736 4662
f 4663 4738 4737
f 4663 4664 4738
f 4664 4739 4738
f 4664 4665 4739
f 4665 4740 4739
f 4665 4666 4740
f 4666 4741 4740
f 4666 4667 4741
f 4667 4742 4741
f 4667 4668 4742
f 4668 4743 4742
f 4668 4669 4743
f 4669 4744 4743
f 4669 4670 4744
f 4670 4745 4744
f 4670 4671 4745
f 4671 4746 4745
f 4671 4672 4746
f 4672 4747 4746
f 4672 4673 4747
f 4673 4748 4747
f 4673 4674 4748
f 4674 4749 4748
f 4674 4675 4749
f 4675 4750 4749
f 4675 4676 4750
f 4676 4751 4750
f 4676 4677 4751
f 4677 4752 4751
f 4677 4678 4752
f 4678 4753 4752
f 4678 4679 4753
f 4679 4754 4753
f 4679 4680 4754
f 4680 4755 4754
f 4680 4681 4755
f 4681 4756 4755
f 4681 4682 4756
f 4682 4757 4756
f 4682 4683 4757
f 4683 4758 4757
f 4683 4684 4758
f 4684 4759 4758
f 4684 4685 4759
f 4685 4760 4759
f 4685 4686 4760
f 4686 4761 4760
f 4686 4687 4761
f 4687 4762 4761
f 4687 4688 4762
f 4688 4763 4762
f 4688 4689 4763
f 4689 4764 4763
f 4689 4690 4764
f 4690 4765 4764
f 4690 4691 4765
f 4691 4766 4765
f 4691 4692 4766
f 4692 4767 4766
f 4692 4693 4767
f 4693 4768 4767
f 4693 4694 4768
f 4694 4769 4768
f 4694 4695 4769
f 4695 4770 4769
f 4695 4696 4770
f 4696 4771 4770
f 4696 4697 4771
f 4697 4772 4771
f 4697 4698 4772
f 4698 4773 4772
f 4698 4699 4773
f 4699 4774 4773
f 4699 4700 4774
f 4700 4775 4774
f 4700 4701 4775
f 4701 4776 4775
f 4701 4702 4776
f 4702 4777 4776
f 4702 4703 4777
f 4703 4778 4777
f 4703 4704 4778
f 4704 4779 4778
f 4704 4705 4779
f 4705 4780 4779
f 4705 4706 4780
f 4706 4781 4780
f 4706 4707 4781
f 4707 4782 4781
f 4707 4708 4782
f 4708 4783 4782
f 4708 4709 4783
f 4709 4784 4783
f 4709 4710 4784
f 4710 4785 4784
f 4710 4711 4785
f 4712 4786 4787
f 4712 4787 4713
f 4713 4787 4788
f 4713 4788 4714
f 4714 4788 4789
f 4714 4789 4715
f 4715 4789 4790
f 4715 4790 4716
f 4716 4790 4791
f 4716 4791 4717
f 4717 4791 4792
f 4717 4792 4718
f 4718 4792 4793
f 4718 4793 4719
f 4719 4793 4794
f 4719 4794 4720
f 4720 4794 4795
f 4720 4795 4721
f 4721 4795 4796
f 4721 4796 4722
f 4722 4796 4797
f 4722 4797 4723
f 4723 4797 4798
f 4723 4798 4724
f 4724 4798 4799
f 4724 4799 4725
f 4725 4799 4800
f 4725 4800 4726
f 4726 4800 4801
f 4726 4801 4727
f 4727 4801 4802
f 4727 4802 4728
f 4728 4802 4803
f 4728 4803 4729
f 4729 4803 4804
f 4729 4804 4730
f 4730 4804 4805
f 4730 4805 4731
f 4731 4805 4806
f 4731 4806 4732
f 4732 4806 4807
f 4732 4807 4733
f 4733 4807 4808
f 4733 4808 4734
f 4734 4808 4809
f 4734 4809 4735
f 4735 4809 4810
f 4735 4810 4736
f 4737 4812 4811
f 4737 4738 4812
f 4738 4813 4812
f 4738 4739 4813
f 4739 4814 4813
f 4739 4740 4814
f 4740 4815 4814
f 4740 4741 4815
f 4741 4816 4815
f 4741 4742 4816
f 4742 4817 4816
f 4742 4743 4817
f 4743 4818 4817
f 4743 4744 4818
f 4744 4819 4818
f 4744 4745 4819
f 4745 4820 4819
f 4745 4746 4820
f 4746 4821 4820
f 4746 4747 4821
f 4747 4822 4821
f 4747 4748 4822
f 4748 4823 4822
f 4748 4749 4823
f 4749 4824 4823
f 4749 4750 4824
f 4750 4825 4824
f 4750 4751 4825
f 4751 4826 4825
f 4751 4752 4826
f 4752 4827 4826
f 4752 4753 4827
f 4753 4828 4827
f 4753 4754 4828
f 4754 4829 4828
f 4754 4755 4829
f 4755 4830 4829
f 4755 4756 4830
f 4756 4831 4830
f 4756 4757 4831
f 4757 4832 4831
f 4757 4758 4832
f 4758 4833 4832
f 4758 4759 4833
f 4759 4834 4833
f 4759 4760 4834
f 4760 4835 4834
f 4760 4761 4835
f 4761 4836 4835
f 4761 4762 4836
f 4762 4837 4836
f 4762 4763 4837
f 4763 4838 4837
f 4763 4764 4838
f 4764 4839 4838
f 4764 4765 4839
f 4765 4840 4839
f 4765 4766 4840
f 4766 4841 4840
f 4766 4767 4841
f 4767 4842 4841
f 4767 4768 4842
f 4768 4843 4842
f 4768 4769 4843
f 4769 4844 4843
f 4769 4770 4844
f 4770 4845 4844
f 4770 4771 4845
f 4771 4846 4845
f 4771 4772 4846
f 4772 4847 4846
f 4772 4773 4847
f 4773 4848 4847
f 4773 4774 4848
f 4774 4849 4848
f 4774 4775 4849
f 4775 4850 4849
f 4775 4776 4850
f 4776 4851 4850
f 4776 4777 4851
f 4777 4852 4851
f 4777 4778 4852
f 4778 4853 4852
f 4778 4779 4853
f 4779 4854 4853
f 4779 4780 4854
f 4780 4855 4854
f 4780 4781 4855
f 4781 4856 4855
f 4781 4782 4856
f 4782 4857 4856
f 4782 4783 4857
f 4783 4858 4857
f 4783 4784 4858
f 4784 4859 4858
f 4784 4785 4859
f 4786 4860 4861
f 4786 4861 4787
f 4787 4861 4862
f 4787 4862 4788
f 4788 4862 4863
f 4788 4863 4789
f 4789 4863 4864
f 4789 4864 4790
f 4790 4864 4865
f 4790 4865 4791
f 4791 4865 4866
f 4791 4866 4792
f 4792 4866 4867
f 4792 4867 4793
f 4793 4867 4868
f 4793 4868 4794
f 4794 4868 4869
f 4794 4869 4795
f 4795 4869 4870
f 4795 4870 4796
f 4796 4870 4871
f 4796 4871 4797
f 4797 4871 4872
f 4797 4872 4798
f 4798 4872 4873
f 4798 4873 4799
f 4799 4873 4874
f 4799 4874 4800
f 4800 4874 4875
f 4800 4875 4801
f 4801 4875 4876
f 4801 4876 4802
f 4802 4876 4877
f 4802 4877 4803
f 4803 4877 4878
f 4803 4878 4804
f 4804 4878 4879
f 4804 4879 4805
f 4805 4879 4880
f 4805 4880 4806
f 4806 4880 4881
f 4806 4881 4807
f 4807 4881 4882
f 4807 4882 4808
f 4808 4882 4883
f 4808 4883 4809
f 4809 4883 4884
f 4809 4884 4810
f 4811 4886 4885
f 4811 4812 4886
f 4812 4887 4886
f 4812 4813 4887
f 4813 4888 4887
f 4813 4814 4888
f 4814 4889 4888
f 4814 4815 4889
f 4815 4890 4889
f 4815 4816 4890
f 4816 4891 4890
f 4816 4817 4891
f 4817 4892 4891
f 4817 4818 4892
f 4818 4893 4892
f 4818 4819 4893
f 4819 4894 4893
f 4819 4820 4894
f 4820 4895 4894
f 4820 4821 4895
f 4821 4896 4895
f 4821 4822 4896
f 4822 4897 4896
f 4822 4823 4897
f 4823 4898 4897
f 4823 4824 4898
f 4824 4899 4898
f 4824 4825 4899
f 4825 4900 4899
f 4825 4826 4900
f 4826 4901 4900
f 4826 4827 4901
f 4827 4902 4901
f 4827 4828 4902
f 4828 4903 4902
f 4828 4829 4903
f 4829 4904 4903
f 4829 4830 4904
f 4830 4905 4904
f 4830 4831 4905
f 4831 4906 4905
f 4831 4832 4906
f 4832 4907 4906
f 4832 4833 4907
f 4833 4908 4907
f 4833 4834 4908
f 4834 4909 4908
f 4834 4835 4909
f 4835 4910 4909
f 4835 4836 4910
f 4836 4911 4910
f 4836 4837 4911
f 4837 4912 4911
f 4837 4838 4912
f 4838 4913 4912
f 4838 4839 4913
f 4839 4914 4913
f 4839 4840 4914
f 4840 4915 4914
f 4840 4841 4915
f 4841 4916 4915
f 4841 4842 4916
f 4842 4917 4916
f 4842 4843 4917
f 4843 4918 4917
f 4843 4844 4918
f 4844 4919 4918
f 4844 4845 4919
f 4845 4920 4919
f 4845 4846 4920
f 4846 4921 4920
f 4846 4847 4921
f 4847 4922 4921
f 4847 4848 4922
f 4848 4923 4922
f 4848 4849 4923
f 4849 4924 4923
f 4849 4850 4924
f 4850 4925 4924
f 4850 4851 4925
f 4851 4926 4925
f 4851 4852 4926
f 4852 4927 4926
f 4852 4853 4927
f 4853 4928 4927
f 4853 4854 4928
f 4854 4929 4928
f 4854 4855 4929
f 4855 4930 4929
f 4855 4856 4930
f 4856 4931 4930
f 4856 4857 4931
f 4857 4932 4931
f 4857 4858 4932
f 4858 4933 4932
f 4858 4859 4933
f 4860 4934 4935
f 4860 4935 4861
f 4861 4935 4936
f 4861 4936 4862
f 4862 4936 4937
f 4862 4937 4863
f 4863 4937 4938
f 4863 4938 4864
f 4864 4938 4939
f 4864 4939 4865
f 4865 4939 4940
f 4865 4940 4866
f 4866 4940 4941
f 4866 4941 4867
f 4867 4941 4942
f 4867 4942 4868
f 4868 4942 4943
f 4868 4943 4869
f 4869 4943 4944
f 4869 4944 4870
f 4870 4944 4945
f 4870 4945 4871
f 4871 4945 4946
f 4871 4946 4872
f 4872 4946 4947
f 4872 4947 4873
f 4873 4947 4948
f 4873 4948 4874
f 4874 4948 4949
f 4874 4949 4875
f 4875 4949 4950
f 4875 4950 4876
f 4876 4950 4951
f 4876 4951 4877
f 4877 4951 4952
f 4877 4952 4878
f 4878 4952 4953
f 4878 4953 4879
f 4879 4953 4954
f 4879 4954 4880
f 4880 4954 4955
f 4880 4955 4881
f 4881 4955 4956
f 4881 4956 4882
f 4882 4956 4957
f 4882 4957 4883
f 4883 4957 4958
f 4883 4958 4884
f 4885 4960 4959
f 4885 4886 4960
f 4886 4961 4960
f 4886 4887 4961
f 4887 4962 4961
f 4887 4888 4962
f 4888 4963 4962
f 4888 4889 4963
f 4889 4964 4963
f 4889 4890 4964
f 4890 4965 4964
f 4890 4891 4965
f 4891 4966 4965
f 4891 4892 4966
f 4892 4967 4966
f 4892 4893 4967
f 4893 4968 4967
f 4893 4894 4968
f 4894 4969 4968
f 4894 4895 4969
f 4895 4970 4969
f 4895 4896 4970
f 4896 4971 4970
f 4896 4897 4971
f 4897 4972 4971
f 4897 4898 4972
f 4898 4973 4972
f 4898 4899 4973
f 4899 4974 4973
f 4899 4900 4974
f 4900 4975 4974
f 4900 4901 4975
f 4901 4976 4975
f 4901 4902 4976
f 4902 4977 4976
f 4902 4903 4977
f 4903 4978 4977
f 4903 4904 4978
f 4904 4979 4978
f 4904 4905 4979
f 4905 4980 4979
f 4905 4906 4980
f 4906 4981 4980
f 4906 4907 4981
f 4907 4982 4981
f 4907 4908 4982
f 4908 4983 4982
f 4908 4909 4983
f 4909 4984 4983
f 4909 4910 4984
f 4910 4985 4984
f 4910 4911 4985
f 4911 4986 4985
f 4911 4912 4986
f 4912 4987 4986
f 4912 4913 4987
f 4913 4988 4987
f 4913 4914 4988
f 4914 4989 4988
f 4914 4915 4989
f 4915 4990 4989
f 4915 4916 4990
f 4916 4991 4990
f 4916 4917 4991
f 4917 4992 4991
f 4917 4918 4992
f 4918 4993 4992
f 4918 4919 4993
f 4919 4994 4993
f 4919 4920 4994
f 4920 4995 4994
f 4920 4921 4995
f 4921 4996 4995
f 4921 4922 4996
f 4922 4997 4996
f 4922 4923 4997
f 4923 4998 4997
f 4923 4924 4998
f 4924 4999 4998
f 4924 4925 4999
f 4925 5000 4999
f 4925 4926 5000
f 4926 5001 5000
f 4926 4927 5001
f 4927 5002 5001
f 4927 4928 5002
f 4928 5003 5002
f 4928 4929 5003
f 4929 5004 5003
f 4929 4930 5004
f 4930 5005 5004
f 4930 4931 5005
f 4931 5006 5005
f 4931 4932 5006
f 4932 5007 5006
f 4932 4933 5007
f 4934 5008 5009
f 4934 5009 4935
f 4935 5009 5010
f 4935 5010 4936
f 4936 5010 5011
f 4936 5011 4937
f 4937 5011 5012
f 4937 5012 4938
f 4938 5012 5013
f 4938 5013 4939
f 4939 5013 5014
f 4939 5014 4940
f 4940 5014 5015
f 4940 5015 4941
f 4941 5015 5016
f 4941 5016 4942
f 4942 5016 5017
f 4942 5017 4943
f 4943 5017 5018
f 4943 5018 4944
f 4944 5018 5019
f 4944 5019 4945
f 4945 5019 5020
f 4945 5020 4946
f 4946 5020 5021
f 4946 5021 4947
f 4947 5021 5022
f 4947 5022 4948
f 4948 5022 5023
f 4948 5023 4949
f 4949 5023 5024
f 4949 5024 4950
f 4950 5024 5025
f 4950 5025 4951
f 4951 5025 5026
f 4951 5026 4952
f 4952 5026 5027
f 4952 5027 4953
f 4953 5027 5028
f 4953 5028 4954
f 4954 5028 5029
f 4954 5029 4955
f 4955 5029 5030
f 4955 5030 4956
f 4956 5030 5031
f 4956 5031 4957
f 4957 5031 5032
f 4957 5032 4958
f 4959 5034 5033
f 4959 4960 5034
f 4960 5035 5034
f 4960 4961 5035
f 4961 5036 5035
f 4961 4962 5036
f 4962 5037 5036
f 4962 4963 5037
f 4963 5038 5037
f 4963 4964 5038
f 4964 5039 5038
f 4964 4965 5039
f 4965 5040 5039
f 4965 4966 5040
f 4966 5041 5040
f 4966 4967 5041
f 4967 5042 5041
f 4967 4968 5042
f 4968 5043 5042
f 4968 4969 5043
f 4969 5044 5043
f 4969 4970 5044
f 4970 5045 5044
f 4970 4971 5045
f 4971 5046 5045
f 4971 4972 5046
f 4972 5047 5046
f 4972 4973 5047
f 4973 5048 5047
f 4973 4974 5048
f 4974 5049 5048
f 4974 4975 5049
f 4975 5050 5049
f 4975 4976 5050
f 4976 5051 5050
f 4976 4977 5051
f 4977 5052 5051
f 4977 4978 5052
f 4978 5053 5052
f 4978 4979 5053
f 4979 5054 5053
f 4979 4980 5054
f 4980 5055 5054
f 4980 4981 5055
f 4981 5056 5055
f 4981 4982 5056
f 4982 5057 5056
f 4982 4983 5057
f 4983 5058 5057
f 4983 4984 5058
f 4984 5059 5058
f 4984 4985 5059
f 4985 5060 5059
f 4985 4986 5060
f 4986 5061 5060
f 4986 4987 5061
f 4987 5062 5061
f 4987 4988 5062
f 4988 5063 5062
f 4988 4989 5063
f 4989 5064 5063
f 4989 4990 5064
f 4990 5065 5064
f 4990 4991 5065
f 4991 5066 5065
f 4991 4992 5066
f 4992 5067 5066
f 4992 4993 5067
f 4993 5068 5067
f 4993 4994 5068
f 4994 5069 5068
f 4994 4995 5069
f 4995 5070 5069
f 4995 4996 5070
f 4996 5071 5070
f 4996 4997 5071
f 4997 5072 5071
f 4997 4998 5072
f 4998 5073 5072
f 4998 4999 5073
f 4999 5074 5073
f 4999 5000 5074
f 5000 5075 5074
f 5000 5001 5075
f 5001 5076 5075
f 5001 5002 5076
f 5002 5077 5076
f 5002 5003 5077
f 5003 5078 5077
f 5003 5004 5078
f 5004 5079 5078
f 5004 5005 5079
f 5005 5080 5079
f 5005 5006 5080
f 5006 5081 5080
f 5006 5007 5081
f 5008 5082 5083
f 5008 5083 5009
f 5009 5083 5084
f 5009 5084 5010
f 5010 5084 5085
f 5010 5085 5011
f 5011 5085 5086
f 5011 5086 5012
f 5012 5086 5087
f 5012 5087 5013
f 5013 5087 5088
f 5013 5088 5014
f 5014 5088 5089
f 5014 5089 5015
f 5015 5089 5090
f 5015 5090 5016
f 5016 5090 5091
f 5016 5091 5017
f 5017 5091 5092
f 5017 5092 5018
f 5018 5092 5093
f 5018 5093 5019
f 5019 5093 5094
f 5019 5094 5020
f 5020 5094 5095
f 5020 5095 5021
f 5021 5095 5096
f 5021 5096 5022
f 5022 5096 5097
f 5022 5097 5023
f 5023 5097 5098
f 5023 5098 5024
f 5024 5098 5099
f 5024 5099 5025
f 5025 5099 5100
f 5025 5100 5026
f 5026 5100 5101
f 5026 5101 5027
f 5027 5101 5102
f 5027 5102 5028
f 5028 5102 5103
f 5028 5103 5029
f 5029 5103 5104
f 5029 5104 5030
f 5030 5104 5105
f 5030 5105 5031
f 5031 5105 5106
f 5031 5106 5032
f 5033 5108 5107
f 5033 5034 5108
f 5034 5109 5108
f 5034 5035 5109
f 5035 5110 5109
f 5035 5036 5110
f 5036 5111 5110
f 5036 5037 5111
f 5037 5112 5111
f 5037 5038 5112
f 5038 5113 5112
f 5038 5039 5113
f 5039 5114 5113
f 5039 5040 5114
f 5040 5115 5114
f 5040 5041 5115
f 5041 5116 5115
f 5041 5042 5116
f 5042 5117 5116
f 5042 5043 5117
f 5043 5118 5117
f 5043 5044 5118
f 5044 5119 5118
f 5044 5045 5119
f 5045 5120 5119
f 5045 5046 5120
f 5046 5121 5120
f 5046 5047 5121
f 5047 5122 5121
f 5047 5048 5122
f 5048 5123 5122
f 5048 5049 5123
f 5049 5124 5123
f 5049 5050 5124
f 5050 5125 5124
f 5050 5051 5125
f 5051 5126 5125
f 5051 5052 5126
f 5052 5127 5126
f 5052 5053 5127
f 5053 5128 5127
f 5053 5054 5128
f 5054 5129 5128
f 5054 5055 5129
f 5055 5130 5129
f 5055 5056 5130
f 5056 5131 5130
f 5056 5057 5131
f 5057 5132 5131
f 5057 5058 5132
f 5058 5133 5132
f 5058 5059 5133
f 5059 5134 5133
f 5059 5060 5134
f 5060 5135 5134
f 5060 5061 5135
f 5061 5136 5135
f 5061 5062 5136
f 5062 5137 5136
f 5062 5063 5137
f 5063 5138 5137
f 5063 5064 5138
f 5064 5139 5138
f 5064 5065 5139
f 5065 5140 5139
f 5065 5066 5140
f 5066 5141 5140
f 5066 5067 5141
f 5067 5142 5141
f 5067 5068 5142
f 5068 5143 5142
f 5068 5069 5143
f 5069 5144 5143
f 5069 5070 5144
f 5070 5145 5144
f 5070 5071 5145
f 5071 5146 5145
f 5071 5072 5146
f 5072 5147 5146
f 5072 5073 5147
f 5073 5148 5147
f 5073 5074 5148
f 5074 5149 5148
f 5074 5075 5149
f 5075 5150 5149
f 5075 5076 5150
f 5076 5151 5150
f 5076 5077 5151
f 5077 5152 5151
f 5077 5078 5152
f 5078 5153 5152
f 5078 5079 5153
f 5079 5154 5153
f 5079 5080 5154
f 5080 5155 5154
f 5080 5081 5155
f 5082 5156 5157
f 5082 5157 5083
f 5083 5157 5158
f 5083 5158 5084
f 5084 5158 5159
f 5084 5159 5085
f 5085 5159 5160
f 5085 5160 5086
f 5086 5160 5161
f 5086 5161 5087
f 5087 5161 5162
f 5087 5162 5088
f 5088 5162 5163
f 5088 5163 5089
f 5089 5163 5164
f 5089 5164 5090
f 5090 5164 5165
f 5090 5165 5091
f 5091 5165 5166
f 5091 5166 5092
f 5092 5166 5167
f 5092 5167 5093
f 5093 5167 5168
f 5093 5168 5094
f 5094 5168 5169
f 5094 5169 5095
f 5095 5169 5170
f 5095 5170 5096
f 5096 5170 5171
f 5096 5171 5097
f 5097 5171 5172
f 5097 5172 5098
f 5098 5172 5173
f 5098 5173 5099
f 5099 5173 5174
f 5099 5174 5100
f 5100 5174 5175
f 5100 5175 5101
f 5101 5175 5176
f 5101 5176 5102
f 5102 5176 5177
f 5102 5177 5103
f 5103 5177 5178
f 5103 5178 5104
f 5104 5178 5179
f 5104 5179 5105
f 5105 5179 5180
f 5105 5180 5106
f 5107 5182 5181
f 5107 5108 5182
f 5108 5183 5182
f 5108 5109 5183
f 5109 5184 5183
f 5109 5110 5184
f 5110 5185 5184
f 5110 5111 5185
f 5111 5186 5185
f 5111 5112 5186
f 5112 5187 5186
f 5112 5113 5187
f 5113 5188 5187
f 5113 5114 5188
f 5114 5189 5188
f 5114 5115 5189
f 5115 5190 5189
f 5115 5116 5190
f 5116 5191 5190
f 5116 5117 5191
f 5117 5192 5191
f 5117 5118 5192
f 5118 5193 5192
f 5118 5119 5193
f 5119 5194 5193
f 5119 5120 5194
f 5120 5195 5194
f 5120 5121 5195
f 5121 5196 5195
f 5121 5122 5196
f 5122 5197 5196
f 5122 5123 5197
f 5123 5198 5197
f 5123 5124 5198
f 5124 5199 5198
f 5124 5125 5199
f 5125 5200 5199
f 5125 5126 5200
f 5126 5201 5200
f 5126 5127 5201
f 5127 5202 5201
f 5127 5128 5202
f 5128 5203 5202
f 5128 5129 5203
f 5129 5204 5203
f 5129 5130 5204
f 5130 5205 5204
f 5130 5131 5205
f 5131 5206 5205
f 5131 5132 5206
f 5132 5207 5206
f 5132 5133 5207
f 5133 5208 5207
f 5133 5134 5208
f 5134 5209 5208
f 5134 5135 5209
f 5135 5210 5209
f 5135 5136 5210
f 5136 5211 5210
f 5136 5137 5211
f 5137 5212 5211
f 5137 5138 5212
f 5138 5213 5212
f 5138 5139 5213
f 5139 5214 5213
f 5139 5140 5214
f 5140 5215 5214
f 5140 5141 5215
f 5141 5216 5215
f 5141 5142 5216
f 5142 5217 5216
f 5142 5143 5217
f 5143 5218 5217
f 5143 5144 5218
f 5144 5219 5218
f 5144 5145 5219
f 5145 5220 5219
f 5145 5146 5220
f 5146 5221 5220
f 5146 5147 5221
f 5147 5222 5221
f 5147 5148 5222
f 5148 5223 5222
f 5148 5149 5223
f 5149 5224 5223
f 5149 5150 5224
f 5150 5225 5224
f 5150 5151 5225
f 5151 5226 5225
f 5151 5152 5226
f 5152 5227 5226
f 5152 5153 5227
f 5153 5228 5227
f 5153 5154 5228
f 5154 5229 5228
f 5154 5155 5229
f 5156 5230 5231
f 5156 5231 5157
f 5157 5231 5232
f 5157 5232 5158
f 5158 5232 5233
f 5158 5233 5159
f 5159 5233 5234
f 5159 5234 5160
f 5160 5234 5235
f 5160 5235 5161
f 5161 5235 5236
f 5161 5236 5162
f 5162 5236 5237
f 5162 5237 5163
f 5163 5237 5238
f 5163 5238 5164
f 5164 5238 5239
f 5164 5239 5165
f 5165 5239 5240
f 5165 5240 5166
f 5166 5240 5241
f 5166 5241 5167
f 5167 5241 5242
f 5167 5242 5168
f 5168 5242 5243
f 5168 5243 5169
f 5169 5243 5244
f 5169 5244 5170
f 5170 5244 5245
f 5170 5245 5171
f 5171 5245 5246
f 5171 5246 5172
f 5172 5246 5247
f 5172 5247 5173
f 5173 5247 5248
f 5173 5248 5174
f 5174 5248 5249
f 5174 5249 5175
f 5175 5249 5250
f 5175 5250 5176
f 5176 5250 5251
f 5176 5251 5177
f 5177 5251 5252
f 5177 5252 5178
f 5178 5252 5253
f 5178 5253 5179
f 5179 5253 5254
f 5179 5254 5180
f 5181 5256 5255
f 5181 5182 5256
f 5182 5257 5256
f 5182 5183 5257
f 5183 5258 5257
f 5183 5184 5258
f 5184 5259 5258
f 5184 5185 5259
f 5185 5260 5259
f 5185 5186 5260
f 5186 5261 5260
f 5186 5187 5261
f 5187 5262 5261
f 5187 5188 5262
f 5188 5263 5262
f 5188 5189 5263
f 5189 5264 5263
f 5189 5190 5264
f 5190 5265 5264
f 5190 5191 5265
f 5191 5266 5265
f 5191 5192 5266
f 5192 5267 5266
f 5192 5193 5267
f 5193 5268 5267
f 5193 5194 5268
f 5194 5269 5268
f 5194 5195 5269
f 5195 5270 5269
f 5195 5196 5270
f 5196 5271 5270
f 5196 5197 5271
f 5197 5272 5271
f 5197 5198 5272
f 5198 5273 5272
f 5198 5199 5273
f 5199 5274 5273
f 5199 5200 5274
f 5200 5275 5274
f 5200 5201 5275
f 5201 5276 5275
f 5201 5202 5276
f 5202 5277 5276
f 5202 5203 5277
f 5203 5278 5277
f 5203 5204 5278
f 5204 5279 5278
f 5204 5205 5279
f 5205 5280 5279
f 5205 5206 5280
f 5206 5281 5280
f 5206 5207 5281
f 5207 5282 5281
f 5207 5208 5282
f 5208 5283 5282
f 5208 5209 5283
f 5209 5284 5283
f 5209 5210 5284
f 5210 5285 5284
f 5210 5211 5285
f 5211 5286 5285
f 5211 5212 5286
f 5212 5287 5286
f 5212 5213 5287
f 5213 5288 5287
f 5213 5214 5288
f 5214 5289 5288
f 5214 5215 5289
f 5215 5290 5289
f 5215 5216 5290
f 5216 5291 5290
f 5216 5217 5291
f 5217 5292 5291
f 5217 5218 5292
f 5218 5293 5292
f 5218 5219 5293
f 5219 5294 5293
f 5219 5220 5294
f 5220 5295 5294
f 5220 5221 5295
f 5221 5296 5295
f 5221 5222 5296
f 5222 5297 5296
f 5222 5223 5297
f 5223 5298 5297
f 5223 5224 5298
f 5224 5299 5298
f 5224 5225 5299
f 5225 5300 5299
f 5225 5226 5300
f 5226 5301 5300
f 5226 5227 5301
f 5227 5302 5301
f 5227 5228 5302
f 5228 5303 5302
f 5228 5229 5303
f 5230 5304 5305
f 5230 5305 5231
f 5231 5305 5306
f 5231 5306 5232
f 5232 5306 5307
f 5232 5307 5233
f 5233 5307 5308
f 5233 5308 5234
f 5234 5308 5309
f 5234 5309 5235
f 5235 5309 5310
f 5235 5310 5236
f 5236 5310 5311
f 5236 5311 5237
f 5237 5311 5312
f 5237 5312 5238
f 5238 5312 5313
f 5238 5313 5239
f 5239 5313 5314
f 5239 5314 5240
f 5240 5314 5315
f 5240 5315 5241
f 5241 5315 5316
f 5241 5316 5242
f 5242 5316 5317
f 5242 5317 5243
f 5243 5317 5318
f 5243 5318 5244
f 5244 5318 5319
f 5244 5319 5245
f 5245 5319 5320
f 5245 5320 5246
f 5246 5320 5321
f 5246 5321 5247
f 5247 5321 5322
f 5247 5322 5248
f 5248 5322 5323
f 5248 5323 5249
f 5249 5323 5324
f 5249 5324 5250
f 5250 5324 5325
f 5250 5325 5251
f 5251 5325 5326
f 5251 5326 5252
f 5252 5326 5327
f 5252 5327 5253
f 5253 5327 5328
f 5253 5328 5254
f 5255 5330 5329
f 5255 5256 5330
f 5256 5331 5330
f 5256 5257 5331
f 5257 5332 5331
f 5257 5258 5332
f 5258 5333 5332
f 5258 5259 5333
f 5259 5334 5333
f 5259 5260 5334
f 5260 5335 5334
f 5260 5261 5335
f 5261 5336 5335
f 5261 5262 5336
f 5262 5337 5336
f 5262 5263 5337
f 5263 5338 5337
f 5263 5264 5338
f 5264 5339 5338
f 5264 5265 5339
f 5265 5340 5339
f 5265 5266 5340
f 5266 5341 5340
f 5266 5267 5341
f 5267 5342 5341
f 5267 5268 5342
f 5268 5343 5342
f 5268 5269 5343
f 5269 5344 5343
f 5269 5270 5344
f 5270 5345 5344
f 5270 5271 5345
f 5271 5346 5345
f 5271 5272 5346
f 5272 5347 5346
f 5272 5273 5347
f 5273 5348 5347
f 5273 5274 5348
f 5274 5349 5348
f 5274 5275 5349
f 5275 5350 5349
f 5275 5276 5350
f 5276 5351 5350
f 5276 5277 5351
f 5277 5352 5351
f 5277 5278 5352
f 5278 5353 5352
f 5278 5279 5353
f 5279 5354 5353
f 5279 5280 5354
f 5280 5355 5354
f 5280 5281 5355
f 5281 5356 5355
f 5281 5282 5356
f 5282 5357 5356
f 5282 5283 5357
f 5283 5358 5357
f 5283 5284 5358
f 5284 5359 5358
f 5284 5285 5359
f 5285 5360 5359
f 5285 5286 5360
f 5286 5361 5360
f 5286 5287 5361
f 5287 5362 5361
f 5287 5288 5362
f 5288 5363 5362
f 5288 5289 5363
f 5289 5364 5363
f 5289 5290 5364
f 5290 5365 5364
f 5290 5291 5365
f 5291 5366 5365
f 5291 5292 5366
f 5292 5367 5366
f 5292 5293 5367
f 5293 5368 5367
f 5293 5294 5368
f 5294 5369 5368
f 5294 5295 5369
f 5295 5370 5369
f 5295 5296 5370
f 5296 5371 5370
f 5296 5297 5371
f 5297 5372 5371
f 5297 5298 5372
f 5298 5373 5372
f 5298 5299 5373
f 5299 5374 5373
f 5299 5300 5374
f 5300 5375 5374
f 5300 5301 5375
f 5301 5376 5375
f 5301 5302 5376
f 5302 5377 5376
f 5302 5303 5377
f 5304 5378 5379
f 5304 5379 5305
f 5305 5379 5380
f 5305 5380 5306
f 5306 5380 5381
f 5306 5381 5307
f 5307 5381 5382
f 5307 5382 5308
f 5308 5382 5383
f 5308 5383 5309
f 5309 5383 5384
f 5309 5384 5310
f 5310 5384 5385
f 5310 5385 5311
f 5311 5385 5386
f 5311 5386 5312
f 5312 5386 5387
f 5312 5387 5313
f 5313 5387 5388
f 5313 5388 5314
f 5314 5388 5389
f 5314 5389 5315
f 5315 5389 5390
f 5315 5390 5316
f 5316 5390 5391
f 5316 5391 5317
f 5317 5391 5392
f 5317 5392 5318
f 5318 5392 5393
f 5318 5393 5319
f 5319 5393 5394
f 5319 5394 5320
f 5320 5394 5395
f 5320 5395 5321
f 5321 5395 5396
f 5321 5396 5322
f 5322 5396 5397
f 5322 5397 5323
f 5323 5397 5398
f 5323 5398 5324
f 5324 5398 5399
f 5324 5399 5325
f 5325 5399 5400
f 5325 5400 5326
f 5326 5400 5401
f 5326 5401 5327
f 5327 5401 5402
f 5327 5402 5328
f 5329 5404 5403
f 5329 5330 5404
f 5330 5405 5404
f 5330 5331 5405
f 5331 5406 5405
f 5331 5332 5406
f 5332 5407 5406
f 5332 5333 5407
f 5333 5408 5407
f 5333 5334 5408
f 5334 5409 5408
f 5334 5335 5409
f 5335 5410 5409
f 5335 5336 5410
f 5336 5411 5410
f 5336 5337 5411
f 5337 5412 5411
f 5337 5338 5412
f 5338 5413 5412
f 5338 5339 5413
f 5339 5414 5413
f 5339 5340 5414
f 5340 5415 5414
f 5340 5341 5415
f 5341 5416 5415
f 5341 5342 5416
f 5342 5417 5416
f 5342 5343 5417
f 5343 5418 5417
f 5343 5344 5418
f 5344 5419 5418
f 5344 5345 5419
f 5345 5420 5419
f 5345 5346 5420
f 5346 5421 5420
f 5346 5347 5421
f 5347 5422 5421
f 5347 5348 5422
f 5348 5423 5422
f 5348 5349 5423
f 5349 5424 5423
f 5349 5350 5424
f 5350 5425 5424
f 5350 5351 5425
f 5351 5426 5425
f 5351 5352 5426
f 5352 5427 5426
f 5352 5353 5427
f 5353 5428 5427
f 5353 5354 5428
f 5354 5429 5428
f 5354 5355 5429
f 5355 5430 5429
f 5355 5356 5430
f 5356 5431 5430
f 5356 5357 5431
f 5357 5432 5431
f 5357 5358 5432
f 5358 5433 5432
f 5358 5359 5433
f 5359 5434 5433
f 5359 5360 5434
f 5360 5435 5434
f 5360 5361 5435
f 5361 5436 5435
f 5361 5362 5436
f 5362 5437 5436
f 5362 5363 5437
f 5363 5438 5437
f 5363 5364 5438
f 5364 5439 5438
f 5364 5365 5439
f 5365 5440 5439
f 5365 5366 5440
f 5366 5441 5440
f 5366 5367 5441
f 5367 5442 5441
f 5367 5368 5442
f 5368 5443 5442
f 5368 5369 5443
f 5369 5444 5443
f 5369 5370 5444
f 5370 5445 5444
f 5370 5371 5445
f 5371 5446 5445
f 5371 5372 5446
f 5372 5447 5446
f 5372 5373 5447
f 5373 5448 5447
f 5373 5374 5448
f 5374 5449 5448
f 5374 5375 5449
f 5375 5450 5449
f 5375 5376 5450
f 5376 5451 5450
f 5376 5377 5451
f 5378 5452 5453
f 5378 5453 5379
f 5379 5453 5454
f 5379 5454 5380
f 5380 5454 5455
f 5380 5455 5381
f 5381 5455 5456
f 5381 5456 5382
f 5382 5456 5457
f 5382 5457 5383
f 5383 5457 5458
f 5383 5458 5384
f 5384 5458 5459
f 5384 5459 5385
f 5385 5459 5460
f 5385 5460 5386
f 5386 5460 5461
f 5386 5461 5387
f 5387 5461 5462
f 5387 5462 5388
f 5388 5462 5463
f 5388 5463 5389
f 5389 5463 5464
f 5389 5464 5390
f 5390 5464 5465
f 5390 5465 5391
f 5391 5465 5466
f 5391 5466 5392
f 5392 5466 5467
f 5392 5467 5393
f 5393 5467 5468
f 5393 5468 5394
f 5394 5468 5469
f 5394 5469 5395
f 5395 5469 5470
f 5395 5470 5396
f 5396 5470 5471
f 5396 5471 5397
f 5397 5471 5472
f 5397 5472 5398
f 5398 5472 5473
f 5398 5473 5399
f 5399 5473 5474
f 5399 5474 5400
f 5400 5474 5475
f 5400 5475 5401
f 5401 5475 5476
f 5401 5476 5402
f 5403 5478 5477
f 5403 5404 5478
f 5404 5479 5478
f 5404 5405 5479
f 5405 5480 5479
f 5405 5406 5480
f 5406 5481 5480
f 5406 5407 5481
f 5407 5482 5481
f 5407 5408 5482
f 5408 5483 5482
f 5408 5409 5483
f 5409 5484 5483
f 5409 5410 5484
f 5410 5485 5484
f 5410 5411 5485
f 5411 5486 5485
f 5411 5412 5486
f 5412 5487 5486
f 5412 5413 5487
f 5413 5488 5487
f 5413 5414 5488
f 5414 5489 5488
f 5414 5415 5489
f 5415 5490 5489
f 5415 5416 5490
f 5416 5491 5490
f 5416 5417 5491
f 5417 5492 5491
f 5417 5418 5492
f 5418 5493 5492
f 5418 5419 5493
f 5419 5494 5493
f 5419 5420 5494
f 5420 5495 5494
f 5420 5421 5495
f 5421 5496 5495
f 5421 5422 5496
f 5422 5497 5496
f 5422 5423 5497
f 5423 5498 5497
f 5423 5424 5498
f 5424 5499 5498
f 5424 5425 5499
f 5425 5500 5499
f 5425 5426 5500
f 5426 5501 5500
f 5426 5427 5501
f 5427 5502 5501
f 5427 5428 5502
f 5428 5503 5502
f 5428 5429 5503
f 5429 5504 5503
f 5429 5430 5504
f 5430 5505 5504
f 5430 5431 5505
f 5431 5506 5505
f 5431 5432 5506
f 5432 5507 5506
f 5432 5433 5507
f 5433 5508 5507
f 5433 5434 5508
f 5434 5509 5508
f 5434 5435 5509
f 5435 5510 5509
f 5435 5436 5510
f 5436 5511 5510
f 5436 5437 5511
f 5437 5512 5511
f 5437 5438 5512
f 5438 5513 5512
f 5438 5439 5513
f 5439 5514 5513
f 5439 5440 5514
f 5440 5515 5514
f 5440 5441 5515
f 5441 5516 5515
f 5441 5442 5516
f 5442 5517 5516
f 5442 5443 5517
f 5443 5518 5517
f 5443 5444 5518
f 5444 5519 5518
f 5444 5445 5519
f 5445 5520 5519
f 5445 5446 5520
f 5446 5521 5520
f 5446 5447 5521
f 5447 5522 5521
f 5447 5448 5522
f 5448 5523 5522
f 5448 5449 5523
f 5449 5524 5523
f 5449 5450 5524
f 5450 5525 5524
f 5450 5451 5525
f 5452 5526 5527
f 5452 5527 5453
f 5453 5527 5528
f 5453 5528 5454
f 5454 5528 5529
f 5454 5529 5455
f 5455 5529 5530
f 5455 5530 5456
f 5456 5530 5531
f 5456 5531 5457
f 5457 5531 5532
f 5457 5532 5458
f 5458 5532 5533
f 5458 5533 5459
f 5459 5533 5534
f 5459 5534 5460
f 5460 5534 5535
f 5460 5535 5461
f 5461 5535 5536
f 5461 5536 5462
f 5462 5536 5537
f 5462 5537 5463
f 5463 5537 5538
f 5463 5538 5464
f 5464 5538 5539
f 5464 5539 5465
f 5465 5539 5540
f 5465 5540 5466
f 5466 5540 5541
f 5466 5541 5467
f 5467 5541 5542
f 5467 5542 5468
f 5468 5542 5543
f 5468 5543 5469
f 5469 5543 5544
f 5469 5544 5470
f 5470 5544 5545
f 5470 5545 5471
f 5471 5545 5546
f 5471 5546 5472
f 5472 5546 5547
f 5472 5547 5473
f 5473 5547 5548
f 5473 5548 5474
f 5474 5548 5549
f 5474 5549 5475
f 5475 5549 5550
f 5475 5550 5476
f 5477 5552 5551
f 5477 5478 5552
f 5478 5553 5552
f 5478 5479 5553
f 5479 5554 5553
f 5479 5480 5554
f 5480 5555 5554
f 5480 5481 5555
f 5481 5556 5555
f 5481 5482 5556
f 5482 5557 5556
f 5482 5483 5557
f 5483 5558 5557
f 5483 5484 5558
f 5484 5559 5558
f 5484 5485 5559
f 5485 5560 5559
f 5485 5486 5560
f 5486 5561 5560
f 5486 5487 5561
f 5487 5562 5561
f 5487 5488 5562
f 5488 5563 5562
f 5488 5489 5563
f 5489 5564 5563
f 5489 5490 5564
f 5490 5565 5564
f 5490 5491 5565
f 5491 5566 5565
f 5491 5492 5566
f 5492 5567 5566
f 5492 5493 5567
f 5493 5568 5567
f 5493 5494 5568
f 5494 5569 5568
f 5494 5495 5569
f 5495 5570 5569
f 5495 5496 5570
f 5496 5571 5570
f 5496 5497 5571
f 5497 5572 5571
f 5497 5498 5572
f 5498 5573 5572
f 5498 5499 5573
f 5499 5574 5573
f 5499 5500 5574
f 5500 5575 5574
f 5500 5501 5575
f 5501 5576 5575
f 5501 5502 5576
f 5502 5577 5576
f 5502 5503 5577
f 5503 5578 5577
f 5503 5504 5578
f 5504 5579 5578
f 5504 5505 5579
f 5505 5580 5579
f 5505 5506 5580
f 5506 5581 5580
f 5506 5507 5581
f 5507 5582 5581
f 5507 5508 5582
f 5508 5583 5582
f 5508 5509 5583
f 5509 5584 5583
f 5509 5510 5584
f 5510 5585 5584
f 5510 5511 5585
f 5511 5586 5585
f 5511 5512 5586
f 5512 5587 5586
f 5512 5513 5587
f 5513 5588 5587
f 5513 5514 5588
f 5514 5589 5588
f 5514 5515 5589
f 5515 5590 5589
f 5515 5516 5590
f 5516 5591 5590
f 5516 5517 5591
f 5517 5592 5591
f 5517 5518 5592
f 5518 5593 5592
f 5518 5519 5593
f 5519 5594 5593
f 5519 5520 5594
f 5520 5595 5594
f 5520 5521 5595
f 5521 5596 5595
f 5521 5522 5596
f 5522 5597 5596
f 5522 5523 5597
f 5523 5598 5597
f 5523 5524 5598
f 5524 5599 5598
f 5524 5525 5599
f 5526 5600 5601
f 5526 5601 5527
f 5527 5601 5602
f 5527 5602 5528
f 5528 5602 5603
f 5528 5603 5529
f 5529 5603 5604
f 5529 5604 5530
f 5530 5604 5605
f 5530 5605 5531
f 5531 5605 5606
f 5531 5606 5532
f 5532 5606 5607
f 5532 5607 5533
f 5533 5607 5608
f 5533 5608 5534
f 5534 5608 5609
f 5534 5609 5535
f 5535 5609 5610
f 5535 5610 5536
f 5536 5610 5611
f 5536 5611 5537
f 5537 5611 5612
f 5537 5612 5538
f 5538 5612 5613
f 5538 5613 5539
f 5539 5613 5614
f 5539 5614 5540
f 5540 5614 5615
f 5540 5615 5541
f 5541 5615 5616
f 5541 5616 5542
f 5542 5616 5617
f 5542 5617 5543
f 5543 5617 5618
f 5543 5618 5544
f 5544 5618 5619
f 5544 5619 5545
f 5545 5619 5620
f 5545 5620 5546
f 5546 5620 5621
f 5546 5621 5547
f 5547 5621 5622
f 5547 5622 5548
f 5548 5622 5623
f 5548 5623 5549
f 5549 5623 5624
f 5549 5624 5550
f 5551 5626 5625
f 5551 5552 5626
f 5552 5627 5626
f 5552 5553 5627
f 5553 5628 5627
f 5553 5554 5628
f 5554 5629 5628
f 5554 5555 5629
f 5555 5630 5629
f 5555 5556 5630
f 5556 5631 5630
f 5556 5557 5631
f 5557 5632 5631
f 5557 5558 5632
f 5558 5633 5632
f 5558 5559 5633
f 5559 5634 5633
f 5559 5560 5634
f 5560 5635 5634
f 5560 5561 5635
f 5561 5636 5635
f 5561 5562 5636
f 5562 5637 5636
f 5562 5563 5637
f 5563 5638 5637
f 5563 5564 5638
f 5564 5639 5638
f 5564 5565 5639
f 5565 5640 5639
f 5565 5566 5640
f 5566 5641 5640
f 5566 5567 5641
f 5567 5642 5641
f 5567 5568 5642
f 5568 5643 5642
f 5568 5569 5643
f 5569 5644 5643
f 5569 5570 5644
f 5570 5645 5644
f 5570 5571 5645
f 5571 5646 5645
f 5571 5572 5646
f 5572 5647 5646
f 5572 5573 5647
f 5573 5648 5647
f 5573 5574 5648
f 5574 5649 5648
f 5574 5575 5649
f 5575 5650 5649
f 5575 5576 5650
f 5576 5651 5650
f 5576 5577 5651
f 5577 5652 5651
f 5577 5578 5652
f 5578 5653 5652
f 5578 5579 5653
f 5579 5654 5653
f 5579 5580 5654
f 5580 5655 5654
f 5580 5581 5655
f 5581 5656 5655
f 5581 5582 5656
f 5582 5657 5656
f 5582 5583 5657
f 5583 5658 5657
f 5583 5584 5658
f 5584 5659 5658
f 5584 5585 5659
f 5585 5660 5659
f 5585 5586 5660
f 5586 5661 5660
f 5586 5587 5661
f 5587 5662 5661
f 5587 5588 5662
f 5588 5663 5662
f 5588 5589 5663
f 5589 5664 5663
f 5589 5590 5664
f 5590 5665 5664
f 5590 5591 5665
f 5591 5666 5665
f 5591 5592 5666
f 5592 5667 5666
f 5592 5593 5667
f 5593 5668 5667
f 5593 5594 5668
f 5594 5669 5668
f 5594 5595 5669
f 5595 5670 5669
f 5595 5596 5670
f 5596 5671 5670
f 5596 5597 5671
f 5597 5672 5671
f 5597 5598 5672
f 5598 5673 5672
f 5598 5599 5673
f 5600 5674 5675
f 5600 5675 5601
f 5601 5675 5676
f 5601 5676 5602
f 5602 5676 5677
f 5602 5677 5603
f 5603 5677 5678
f 5603 5678 5604
f 5604 5678 5679
f 5604 5679 5605
f 5605 5679 5680
f 5605 5680 5606
f 5606 5680 5681
f 5606 5681 5607
f 5607 5681 5682
f 5607 5682 5608
f 5608 5682 5683
f 5608 5683 5609
f 5609 5683 5684
f 5609 5684 5610
f 5610 5684 5685
f 5610 5685 5611
f 5611 5685 5686
f 5611 5686 5612
f 5612 5686 5687
f 5612 5687 5613
f 5613 5687 5688
f 5613 5688 5614
f 5614 5688 5689
f 5614 5689 5615
f 5615 5689 5690
f 5615 5690 5616
f 5616 5690 5691
f 5616 5691 5617
f 5617 5691 5692
f 5617 5692 5618
f 5618 5692 5693
f 5618 5693 5619
f 5619 5693 5694
f 5619 5694 5620
f 5620 5694 5695
f 5620 5695 5621
f 5621 5695 5696
f 5621 5696 5622
f 5622 5696 5697
f 5622 5697 5623
f 5623 5697 5698
f 5623 5698 5624
f 5625 5700 5699
f 5625 5626 5700
f 5626 5701 5700
f 5626 5627 5701
f 5627 5702 5701
f 5627 5628 5702
f 5628 5703 5702
f 5628 5629 5703
f 5629 5704 5703
f 5629 5630 5704
f 5630 5705 5704
f 5630 5631 5705
f 5631 5706 5705
f 5631 5632 5706
f 5632 5707 5706
f 5632 5633 5707
f 5633 5708 5707
f 5633 5634 5708
f 5634 5709 5708
f 5634 5635 5709
f 5635 5710 5709
f 5635 5636 5710
f 5636 5711 5710
f 5636 5637 5711
f 5637 5712 5711
f 5637 5638 5712
f 5638 5713 5712
f 5638 5639 5713
f 5639 5714 5713
f 5639 5640 5714
f 5640 5715 5714
f 5640 5641 5715
f 5641 5716 5715
f 5641 5642 5716
f 5642 5717 5716
f 5642 5643 5717
f 5643 5718 5717
f 5643 5644 5718
f 5644 5719 5718
f 5644 5645 5719
f 5645 5720 5719
f 5645 5646 5720
f 5646 5721 5720
f 5646 5647 5721
f 5647 5722 5721
f 5647 5648 5722
f 5648 5723 5722
f 5648 5649 5723
f 5649 5724 5723
f 5649 5650 5724
f 5650 5725 5724
f 5650 5651 5725
f 5651 5726 5725
f 5651 5652 5726
f 5652 5727 5726
f 5652 5653 5727
f 5653 5728 5727
f 5653 5654 5728
f 5654 5729 5728
f 5654 5655 5729
f 5655 5730 5729
f 5655 5656 5730
f 5656 5731 5730
f 5656 5657 5731
f 5657 5732 5731
f 5657 5658 5732
f 5658 5733 5732
f 5658 5659 5733
f 5659 5734 5733
f 5659 5660 5734
f 5660 5735 5734
f 5660 5661 5735
f 5661 5736 5735
f 5661 5662 5736
f 5662 5737 5736
f 5662 5663 5737
f 5663 5738 5737
f 5663 5664 5738
f 5664 5739 5738
f 5664 5665 5739
f 5665 5740 5739
f 5665 5666 5740
f 5666 5741 5740
f 5666 5667 5741
f 5667 5742 5741
f 5667 5668 5742
f 5668 5743 5742
f 5668 5669 5743
f 5669 5744 5743
f 5669 5670 5744
f 5670 5745 5744
f 5670 5671 5745
f 5671 5746 5745
f 5671 5672 5746
f 5672 5747 5746
f 5672 5673 5747
f 5674 5748 5749
f 5674 5749 5675
f 5675 5749 5750
f 5675 5750 5676
f 5676 5750 5751
f 5676 5751 5677
f 5677 5751 5752
f 5677 5752 5678
f 5678 5752 5753
f 5678 5753 5679
f 5679 5753 5754
f 5679 5754 5680
f 5680 5754 5755
f 5680 5755 5681
f 5681 5755 5756
f 5681 5756 5682
f 5682 5756 5757
f 5682 5757 5683
f 5683 5757 5758
f 5683 5758 5684
f 5684 5758 5759
f 5684 5759 5685
f 5685 5759 5760
f 5685 5760 5686
f 5686 5760 5761
f 5686 5761 5687
f 5687 5761 5762
f 5687 5762 5688
f 5688 5762 5763
f 5688 5763 5689
f 5689 5763 5764
f 5689 5764 5690
f 5690 5764 5765
f 5690 5765 5691
f 5691 5765 5766
f 5691 5766 5692
f 5692 5766 5767
f 5692 5767 5693
f 5693 5767 5768
f 5693 5768 5694
f 5694 5768 5769
f 5694 5769 5695
f 5695 5769 5770
f 5695 5770 5696
f 5696 5770 5771
f 5696 5771 5697
f 5697 5771 5772
f 5697 5772 5698
f 5699 5774 5773
f 5699 5700 5774
f 5700 5775 5774
f 5700 5701 5775
f 5701 5776 5775
f 5701 5702 5776
f 5702 5777 5776
f 5702 5703 5777
f 5703 5778 5777
f 5703 5704 5778
f 5704 5779 5778
f 5704 5705 5779
f 5705 5780 5779
f 5705 5706 5780
f 5706 5781 5780
f 5706 5707 5781
f 5707 5782 5781
f 5707 5708 5782
f 5708 5783 5782
f 5708 5709 5783
f 5709 5784 5783
f 5709 5710 5784
f 5710 5785 5784
f 5710 5711 5785
f 5711 5786 5785
f 5711 5712 5786
f 5712 5787 5786
f 5712 5713 5787
f 5713 5788 5787
f 5713 5714 5788
f 5714 5789 5788
f 5714 5715 5789
f 5715 5790 5789
f 5715 5716 5790
f 5716 5791 5790
f 5716 5717 5791
f 5717 5792 5791
f 5717 5718 5792
f 5718 5793 5792
f 5718 5719 5793
f 5719 5794 5793
f 5719 5720 5794
f 5720 5795 5794
f 5720 5721 5795
f 5721 5796 5795
f 5721 5722 5796
f 5722 5797 5796
f 5722 5723 5797
f 5723 5798 5797
f 5723 5724 5798
f 5724 5799 5798
f 5724 5725 5799
f 5725 5800 5799
f 5725 5726 5800
f 5726 5801 5800
f 5726 5727 5801
f 5727 5802 5801
f 5727 5728 5802
f 5728 5803 5802
f 5728 5729 5803
f 5729 5804 5803
f 5729 5730 5804
f 5730 5805 5804
f 5730 5731 5805
f 5731 5806 5805
f 5731 5732 5806
f 5732 5807 5806
f 5732 5733 5807
f 5733 5808 5807
f 5733 5734 5808
f 5734 5809 5808
f 5734 5735 5809
f 5735 5810 5809
f 5735 5736 5810
f 5736 5811 5810
f 5736 5737 5811
f 5737 5812 5811
f 5737 5738 5812
f 5738 5813 5812
f 5738 5739 5813
f 5739 5814 5813
f 5739 5740 5814
f 5740 5815 5814
f 5740 5741 5815
f 5741 5816 5815
f 5741 5742 5816
f 5742 5817 5816
f 5742 5743 5817
f 5743 5818 5817
f 5743 5744 5818
f 5744 5819 5818
f 5744 5745 5819
f 5745 5820 5819
f 5745 5746 5820
f 5746 5821 5820
f 5746 5747 5821
f 5748 5822 5823
f 5748 5823 5749
f 5749 5823 5824
f 5749 5824 5750
f 5750 5824 5825
f 5750 5825 5751
f 5751 5825 5826
f 5751 5826 5752
f 5752 5826 5827
f 5752 5827 5753
f 5753 5827 5828
f 5753 5828 5754
f 5754 5828 5829
f 5754 5829 5755
f 5755 5829 5830
f 5755 5830 5756
f 5756 5830 5831
f 5756 5831 5757
f 5757 5831 5832
f 5757 5832 5758
f 5758 5832 5833
f 5758 5833 5759
f 5759 5833 5834
f 5759 5834 5760
f 5760 5834 5835
f 5760 5835 5761
f 5761 5835 5836
f 5761 5836 5762
f 5762 5836 5837
f 5762 5837 5763
f 5763 5837 5838
f 5763 5838 5764
f 5764 5838 5839
f 5764 5839 5765
f 5765 5839 5840
f 5765 5840 5766
f 5766 5840 5841
f 5766 5841 5767
f 5767 5841 5842
f 5767 5842 5768
f 5768 5842 5843
f 5768 5843 5769
f 5769 5843 5844
f 5769 5844 5770
f 5770 5844 5845
f 5770 5845 5771
f 5771 5845 5846
f 5771 5846 5772
f 5773 5848 5847
f 5773 5774 5848
f 5774 5849 5848
f 5774 5775 5849
f 5775 5850 5849
f 5775 5776 5850
f 5776 5851 5850
f 5776 5777 5851
f 5777 5852 5851
f 5777 5778 5852
f 5778 5853 5852
f 5778 5779 5853
f 5779 5854 5853
f 5779 5780 5854
f 5780 5855 5854
f 5780 5781 5855
f 5781 5856 5855
f 5781 5782 5856
f 5782 5857 5856
f 5782 5783 5857
f 5783 5858 5857
f 5783 5784 5858
f 5784 5859 5858
f 5784 5785 5859
f 5785 5860 5859
f 5785 5786 5860
f 5786 5861 5860
f 5786 5787 5861
f 5787 5862 5861
f 5787 5788 5862
f 5788 5863 5862
f 5788 5789 5863
f 5789 5864 5863
f 5789 5790 5864
f 5790 5865 5864
f 5790 5791 5865
f 5791 5866 5865
f 5791 5792 5866
f 5792 5867 5866
f 5792 5793 5867
f 5793 5868 5867
f 5793 5794 5868
f 5794 5869 5868
f 5794 5795 5869
f 5795 5870 5869
f 5795 5796 5870
f 5796 5871 5870
f 5796 5797 5871
f 5797 5872 5871
f 5797 5798 5872
f 5798 5873 5872
f 5798 5799 5873
f 5799 5874 5873
f 5799 5800 5874
f 5800 5875 5874
f 5800 5801 5875
f 5801 5876 5875
f 5801 5802 5876
f 5802 5877 5876
f 5802 5803 5877
f 5803 5878 5877
f 5803 5804 5878
f 5804 5879 5878
f 5804 5805 5879
f 5805 5880 5879
f 5805 5806 5880
f 5806 5881 5880
f 5806 5807 5881
f 5807 5882 5881
f 5807 5808 5882
f 5808 5883 5882
f 5808 5809 5883
f 5809 5884 5883
f 5809 5810 5884
f 5810 5885 5884
f 5810 5811 5885
f 5811 5886 5885
f 5811 5812 5886
f 5812 5887 5886
f 5812 5813 5887
f 5813 5888 5887
f 5813 5814 5888
f 5814 5889 5888
f 5814 5815 5889
f 5815 5890 5889
f 5815 5816 5890
f 5816 5891 5890
f 5816 5817 5891
f 5817 5892 5891
f 5817 5818 5892
f 5818 5893 5892
f 5818 5819 5893
f 5819 5894 5893
f 5819 5820 5894
f 5820 5895 5894
f 5820 5821 5895
f 5822 5896 5897
f 5822 5897 5823
f 5823 5897 5898
f 5823 5898 5824
f 5824 5898 5899
f 5824 5899 5825
f 5825 5899 5900
f 5825 5900 5826
f 5826 5900 5901
f 5826 5901 5827
f 5827 5901 5902
f 5827 5902 5828
f 5828 5902 5903
f 5828 5903 5829
f 5829 5903 5904
f 5829 5904 5830
f 5830 5904 5905
f 5830 5905 5831
f 5831 5905 5906
f 5831 5906 5832
f 5832 5906 5907
f 5832 5907 5833
f 5833 5907 5908
f 5833 5908 5834
f 5834 5908 5909
f 5834 5909 5835
f 5835 5909 5910
f 5835 5910 5836
f 5836 5910 5911
f 5836 5911 5837
f 5837 5911 5912
f 5837 5912 5838
f 5838 5912 5913
f 5838 5913 5839
f 5839 5913 5914
f 5839 5914 5840
f 5840 5914 5915
f 5840 5915 5841
f 5841 5915 5916
f 5841 5916 5842
f 5842 5916 5917
f 5842 5917 5843
f 5843 5917 5918
f 5843 5918 5844
f 5844 5918 5919
f 5844 5919 5845
f 5845 5919 5920
f 5845 5920 5846
f 5847 5922 5921
f 5847 5848 5922
f 5848 5923 5922
f 5848 5849 5923
f 5849 5924 5923
f 5849 5850 5924
f 5850 5925 5924
f 5850 5851 5925
f 5851 5926 5925
f 5851 5852 5926
f 5852 5927 5926
f 5852 5853 5927
f 5853 5928 5927
f 5853 5854 5928
f 5854 5929 5928
f 5854 5855 5929
f 5855 5930 5929
f 5855 5856 5930
f 5856 5931 5930
f 5856 5857 5931
f 5857 5932 5931
f 5857 5858 5932
f 5858 5933 5932
f 5858 5859 5933
f 5859 5934 5933
f 5859 5860 5934
f 5860 5935 5934
f 5860 5861 5935
f 5861 5936 5935
f 5861 5862 5936
f 5862 5937 5936
f 5862 5863 5937
f 5863 5938 5937
f 5863 5864 5938
f 5864 5939 5938
f 5864 5865 5939
f 5865 5940 5939
f 5865 5866 5940
f 5866 5941 5940
f 5866 5867 5941
f 5867 5942 5941
f 5867 5868 5942
f 5868 5943 5942
f 5868 5869 5943
f 5869 5944 5943
f 5869 5870 5944
f 5870 5945 5944
f 5870 5871 5945
f 5871 5946 5945
f 5871 5872 5946
f 5872 5947 5946
f 5872 5873 5947
f 5873 5948 5947
f 5873 5874 5948
f 5874 5949 5948
f 5874 5875 5949
f 5875 5950 5949
f 5875 5876 5950
f 5876 5951 5950
f 5876 5877 5951
f 5877 5952 5951
f 5877 5878 5952
f 5878 5953 5952
f 5878 5879 5953
f 5879 5954 5953
f 5879 5880 5954
f 5880 5955 5954
f 5880 5881 5955
f 5881 5956 5955
f 5881 5882 5956
f 5882 5957 5956
f 5882 5883 5957
f 5883 5958 5957
f 5883 5884 5958
f 5884 5959 5958
f 5884 5885 5959
f 5885 5960 5959
f 5885 5886 5960
f 5886 5961 5960
f 5886 5887 5961
f 5887 5962 5961
f 5887 5888 5962
f 5888 5963 5962
f 5888 5889 5963
f 5889 5964 5963
f 5889 5890 5964
f 5890 5965 5964
f 5890 5891 5965
f 5891 5966 5965
f 5891 5892 5966
f 5892 5967 5966
f 5892 5893 5967
f 5893 5968 5967
f 5893 5894 5968
f 5894 5969 5968
f 5894 5895 5969
f 5896 5970 5971
f 5896 5971 5897
f 5897 5971 5972
f 5897 5972 5898
f 5898 5972 5973
f 5898 5973 5899
f 5899 5973 5974
f 5899 5974 5900
f 5900 5974 5975
f 5900 5975 5901
f 5901 5975 5976
f 5901 5976 5902
f 5902 5976 5977
f 5902 5977 5903
f 5903 5977 5978
f 5903 5978 5904
f 5904 5978 5979
f 5904 5979 5905
f 5905 5979 5980
f 5905 5980 5906
f 5906 5980 5981
f 5906 5981 5907
f 5907 5981 5982
f 5907 5982 5908
f 5908 5982 5983
f 5908 5983 5909
f 5909 5983 5984
f 5909 5984 5910
f 5910 5984 5985
f 5910 5985 5911
f 5911 5985 5986
f 5911 5986 5912
f 5912 5986 5987
f 5912 5987 5913
f 5913 5987 5988
f 5913 5988 5914
f 5914 5988 5989
f 5914 5989 5915
f 5915 5989 5990
f 5915 5990 5916
f 5916 5990 5991
f 5916 5991 5917
f 5917 5991 5992
f 5917 5992 5918
f 5918 5992 5993
f 5918 5993 5919
f 5919 5993 5994
f 5919 5994 5920
f 5921 5996 5995
f 5921 5922 5996
f 5922 5997 5996
f 5922 5923 5997
f 5923 5998 5997
f 5923 5924 5998
f 5924 5999 5998
f 5924 5925 5999
f 5925 6000 5999
f 5925 5926 6000
f 5926 6001 6000
f 5926 5927 6001
f 5927 6002 6001
f 5927 5928 6002
f 5928 6003 6002
f 5928 5929 6003
f 5929 6004 6003
f 5929 5930 6004
f 5930 6005 6004
f 5930 5931 6005
f 5931 6006 6005
f 5931 5932 6006
f 5932 6007 6006
f 5932 5933 6007
f 5933 6008 6007
f 5933 5934 6008
f 5934 6009 6008
f 5934 5935 6009
f 5935 6010 6009
f 5935 5936 6010
f 5936 6011 6010
f 5936 5937 6011
f 5937 6012 6011
f 5937 5938 6012
f 5938 6013 6012
f 5938 5939 6013
f 5939 6014 6013
f 5939 5940 6014
f 5940 6015 6014
f 5940 5941 6015
f 5941 6016 6015
f 5941 5942 6016
f 5942 6017 6016
f 5942 5943 6017
f 5943 6018 6017
f 5943 5944 6018
f 5944 6019 6018
f 5944 5945 6019
f 5945 6020 6019
f 5945 5946 6020
f 5946 6021 6020
f 5946 5947 6021
f 5947 6022 6021
f 5947 5948 6022
f 5948 6023 6022
f 5948 5949 6023
f 5949 6024 6023
f 5949 5950 6024
f 5950 6025 6024
f 5950 5951 6025
f 5951 6026 6025
f 5951 5952 6026
f 5952 6027 6026
f 5952 5953 6027
f 5953 6028 6027
f 5953 5954 6028
f 5954 6029 6028
f 5954 5955 6029
f 5955 6030 6029
f 5955 5956 6030
f 5956 6031 6030
f 5956 5957 6031
f 5957 6032 6031
f 5957 5958 6032
f 5958 6033 6032
f 5958 5959 6033
f 5959 6034 6033
f 5959 5960 6034
f 5960 6035 6034
f 5960 5961 6035
f 5961 6036 6035
f 5961 5962 6036
f 5962 6037 6036
f 5962 5963 6037
f 5963 6038 6037
f 5963 5964 6038
f 5964 6039 6038
f 5964 5965 6039
f 5965 6040 6039
f 5965 5966 6040
f 5966 6041 6040
f 5966 5967 6041
f 5967 6042 6041
f 5967 5968 6042
f 5968 6043 6042
f 5968 5969 6043
f 5970 6044 6045
f 5970 6045 5971
f 5971 6045 6046
f 5971 6046 5972
f 5972 6046 6047
f 5972 6047 5973
f 5973 6047 6048
f 5973 6048 5974
f 5974 6048 6049
f 5974 6049 5975
f 5975 6049 6050
f 5975 6050 5976
f 5976 6050 6051
f 5976 6051 5977
f 5977 6051 6052
f 5977 6052 5978
f 5978 6052 6053
f 5978 6053 5979
f 5979 6053 6054
f 5979 6054 5980
f 5980 6054 6055
f 5980 6055 5981
f 5981 6055 6056
f 5981 6056 5982
f 5982 6056 6057
f 5982 6057 5983
f 5983 6057 6058
f 5983 6058 5984
f 5984 6058 6059
f 5984 6059 5985
f 5985 6059 6060
f 5985 6060 5986
f 5986 6060 6061
f 5986 6061 5987
f 5987 6061 6062
f 5987 6062 5988
f 5988 6062 6063
f 5988 6063 5989
f 5989 6063 6064
f 5989 6064 5990
f 5990 6064 6065
f 5990 6065 5991
f 5991 6065 6066
f 5991 6066 5992
f 5992 6066 6067
f 5992 6067 5993
f 5993 6067 6068
f 5993 6068 5994
f 5995 6070 6069
f 5995 5996 6070
f 5996 6071 6070
f 5996 5997 6071
f 5997 6072 6071
f 5997 5998 6072
f 5998 6073 6072
f 5998 5999 6073
f 5999 6074 6073
f 5999 6000 6074
f 6000 6075 6074
f 6000 6001 6075
f 6001 6076 6075
f 6001 6002 6076
f 6002 6077 6076
f 6002 6003 6077
f 6003 6078 6077
f 6003 6004 6078
f 6004 6079 6078
f 6004 6005 6079
f 6005 6080 6079
f 6005 6006 6080
f 6006 6081 6080
f 6006 6007 6081
f 6007 6082 6081
f 6007 6008 6082
f 6008 6083 6082
f 6008 6009 6083
f 6009 6084 6083
f 6009 6010 6084
f 6010 6085 6084
f 6010 6011 6085
f 6011 6086 6085
f 6011 6012 6086
f 6012 6087 6086
f 6012 6013 6087
f 6013 6088 6087
f 6013 6014 6088
f 6014 6089 6088
f 6014 6015 6089
f 6015 6090 6089
f 6015 6016 6090
f 6016 6091 6090
f 6016 6017 6091
f 6017 6092 6091
f 6017 6018 6092
f 6018 6093 6092
f 6018 6019 6093
f 6019 6094 6093
f 6019 6020 6094
f 6020 6095 6094
f 6020 6021 6095
f 6021 6096 6095
f 6021 6022 6096
f 6022 6097 6096
f 6022 6023 6097
f 6023 6098 6097
f 6023 6024 6098
f 6024 6099 6098
f 6024 6025 6099
f 6025 6100 6099
f 6025 6026 6100
f 6026 6101 6100
f 6026 6027 6101
f 6027 6102 6101
f 6027 6028 6102
f 6028 6103 6102
f 6028 6029 6103
f 6029 6104 6103
f 6029 6030 6104
f 6030 6105 6104
f 6030 6031 6105
f 6031 6106 6105
f 6031 6032 6106
f 6032 6107 6106
f 6032 6033 6107
f 6033 6108 6107
f 6033 6034 6108
f 6034 6109 6108
f 6034 6035 6109
f 6035 6110 6109
f 6035 6036 6110
f 6036 6111 6110
f 6036 6037 6111
f 6037 6112 6111
f 6037 6038 6112
f 6038 6113 6112
f 6038 6039 6113
f 6039 6114 6113
f 6039 6040 6114
f 6040 6115 6114
f 6040 6041 6115
f 6041 6116 6115
f 6041 6042 6116
f 6042 6117 6116
f 6042 6043 6117
f 6044 6118 6119
f 6044 6119 6045
f 6045 6119 6120
f 6045 6120 6046
f 6046 6120 6121
f 6046 6121 6047
f 6047 6121 6122
f 6047 6122 6048
f 6048 6122 6123
f 6048 6123 6049
f 6049 6123 6124
f 6049 6124 6050
f 6050 6124 6125
f 6050 6125 6051
f 6051 6125 6126
f 6051 6126 6052
f 6052 6126 6127
f 6052 6127 6053
f 6053 6127 6128
f 6053 6128 6054
f 6054 6128 6129
f 6054 6129 6055
f 6055 6129 6130
f 6055 6130 6056
f 6056 6130 6131
f 6056 6131 6057
f 6057 6131 6132
f 6057 6132 6058
f 6058 6132 6133
f 6058 6133 6059
f 6059 6133 6134
f 6059 6134 6060
f 6060 6134 6135
f 6060 6135 6061
f 6061 6135 6136
f 6061 6136 6062
f 6062 6136 6137
f 6062 6137 6063
f 6063 6137 6138
f 6063 6138 6064
f 6064 6138 6139
f 6064 6139 6065
f 6065 6139 6140
f 6065 6140 6066
f 6066 6140 6141
f 6066 6141 6067
f 6067 6141 6142
f 6067 6142 6068
f 6069 6144 6143
f 6069 6070 6144
f 6070 6145 6144
f 6070 6071 6145
f 6071 6146 6145
f 6071 6072 6146
f 6072 6147 6146
f 6072 6073 6147
f 6073 6148 6147
f 6073 6074 6148
f 6074 6149 6148
f 6074 6075 6149
f 6075 6150 6149
f 6075 6076 6150
f 6076 6151 6150
f 6076 6077 6151
f 6077 6152 6151
f 6077 6078 6152
f 6078 6153 6152
f 6078 6079 6153
f 6079 6154 6153
f 6079 6080 6154
f 6080 6155 6154
f 6080 6081 6155
f 6081 6156 6155
f 6081 6082 6156
f 6082 6157 6156
f 6082 6083 6157
f 6083 6158 6157
f 6083 6084 6158
f 6084 6159 6158
f 6084 6085 6159
f 6085 6160 6159
f 6085 6086 6160
f 6086 6161 6160
f 6086 6087 6161
f 6087 6162 6161
f 6087 6088 6162
f 6088 6163 6162
f 6088 6089 6163
f 6089 6164 6163
f 6089 6090 6164
f 6090 6165 6164
f 6090 6091 6165
f 6091 6166 6165
f 6091 6092 6166
f 6092 6167 6166
f 6092 6093 6167
f 6093 6168 6167
f 6093 6094 6168
f 6094 6169 6168
f 6094 6095 6169
f 6095 6170 6169
f 6095 6096 6170
f 6096 6171 6170
f 6096 6097 6171
f 6097 6172 6171
f 6097 6098 6172
f 6098 6173 6172
f 6098 6099 6173
f 6099 6174 6173
f 6099 6100 6174
f 6100 6175 6174
f 6100 6101 6175
f 6101 6176 6175
f 6101 6102 6176
f 6102 6177 6176
f 6102 6103 6177
f 6103 6178 6177
f 6103 6104 6178
f 6104 6179 6178
f 6104 6105 6179
f 6105 6180 6179
f 6105 6106 6180
f 6106 6181 6180
f 6106 6107 6181
f 6107 6182 6181
f 6107 6108 6182
f 6108 6183 6182
f 6108 6109 6183
f 6109 6184 6183
f 6109 6110 6184
f 6110 6185 6184
f 6110 6111 6185
f 6111 6186 6185
f 6111 6112 6186
f 6112 6187 6186
f 6112 6113 6187
f 6113 6188 6187
f 6113 6114 6188
f 6114 6189 6188
f 6114 6115 6189
f 6115 6190 6189
f 6115 6116 6190
f 6116 6191 6190
f 6116 6117 6191
f 6118 6192 6193
f 6118 6193 6119
f 6119 6193 6194
f 6119 6194 6120
f 6120 6194 6195
f 6120 6195 6121
f 6121 6195 6196
f 6121 6196 6122
f 6122 6196 6197
f 6122 6197 6123
f 6123 6197 6198
f 6123 6198 6124
f 6124 6198 6199
f 6124 6199 6125
f 6125 6199 6200
f 6125 6200 6126
f 6126 6200 6201
f 6126 6201 6127
f 6127 6201 6202
f 6127 6202 6128
f 6128 6202 6203
f 6128 6203 6129
f 6129 6203 6204
f 6129 6204 6130
f 6130 6204 6205
f 6130 6205 6131
f 6131 6205 6206
f 6131 6206 6132
f 6132 6206 6207
f 6132 6207 6133
f 6133 6207 6208
f 6133 6208 6134
f 6134 6208 6209
f 6134 6209 6135
f 6135 6209 6210
f 6135 6210 6136
f 6136 6210 6211
f 6136 6211 6137
f 6137 6211 6212
f 6137 6212 6138
f 6138 6212 6213
f 6138 6213 6139
f 6139 6213 6214
f 6139 6214 6140
f 6140 6214 6215
f 6140 6215 6141
f 6141 6215 6216
f 6141 6216 6142
f 6143 6218 6217
f 6143 6144 6218
f 6144 6219 6218
f 6144 6145 6219
f 6145 6220 6219
f 6145 6146 6220
f 6146 6221 6220
f 6146 6147 6221
f 6147 6222 6221
f 6147 6148 6222
f 6148 6223 6222
f 6148 6149 6223
f 6149 6224 6223
f 6149 6150 6224
f 6150 6225 6224
f 6150 6151 6225
f 6151 6226 6225
f 6151 6152 6226
f 6152 6227 6226
f 6152 6153 6227
f 6153 6228 6227
f 6153 6154 6228
f 6154 6229 6228
f 6154 6155 6229
f 6155 6230 6229
f 6155 6156 6230
f 6156 6231 6230
f 6156 6157 6231
f 6157 6232 6231
f 6157 6158 6232
f 6158 6233 6232
f 6158 6159 6233
f 6159 6234 6233
f 6159 6160 6234
f 6160 6235 6234
f 6160 6161 6235
f 6161 6236 6235
f 6161 6162 6236
f 6162 6237 6236
f 6162 6163 6237
f 6163 6238 6237
f 6163 6164 6238
f 6164 6239 6238
f 6164 6165 6239
f 6165 6240 6239
f 6165 6166 6240
f 6166 6241 6240
f 6166 6167 6241
f 6167 6242 6241
f 6167 6168 6242
f 6168 6243 6242
f 6168 6169 6243
f 6169 6244 6243
f 6169 6170 6244
f 6170 6245 6244
f 6170 6171 6245
f 6171 6246 6245
f 6171 6172 6246
f 6172 6247 6246
f 6172 6173 6247
f 6173 6248 6247
f 6173 6174 6248
f 6174 6249 6248
f 6174 6175 6249
f 6175 6250 6249
f 6175 6176 6250
f 6176 6251 6250
f 6176 6177 6251
f 6177 6252 6251
f 6177 6178 6252
f 6178 6253 6252
f 6178 6179 6253
f 6179 6254 6253
f 6179 6180 6254
f 6180 6255 6254
f 6180 6181 6255
f 6181 6256 6255
f 6181 6182 6256
f 6182 6257 6256
f 6182 6183 6257
f 6183 6258 6257
f 6183 6184 6258
f 6184 6259 6258
f 6184 6185 6259
f 6185 6260 6259
f 6185 6186 6260
f 6186 6261 6260
f 6186 6187 6261
f 6187 6262 6261
f 6187 6188 6262
f 6188 6263 6262
f 6188 6189 6263
f 6189 6264 6263
f 6189 6190 6264
f 6190 6265 6264
f 6190 6191 6265
f 6192 6266 6267
f 6192 6267 6193
f 6193 6267 6268
f 6193 6268 6194
f 6194 6268 6269
f 6194 6269 6195
f 6195 6269 6270
f 6195 6270 6196
f 6196 6270 6271
f 6196 6271 6197
f 6197 6271 6272
f 6197 6272 6198
f 6198 6272 6273
f 6198 6273 6199
f 6199 6273 6274
f 6199 6274 6200
f 6200 6274 6275
f 6200 6275 6201
f 6201 6275 6276
f 6201 6276 6202
f 6202 6276 6277
f 6202 6277 6203
f 6203 6277 6278
f 6203 6278 6204
f 6204 6278 6279
f 6204 6279 6205
f 6205 6279 6280
f 6205 6280 6206
f 6206 6280 6281
f 6206 6281 6207
f 6207 6281 6282
f 6207 6282 6208
f 6208 6282 6283
f 6208 6283 6209
f 6209 6283 6284
f 6209 6284 6210
f 6210 6284 6285
f 6210 6285 6211
f 6211 6285 6286
f 6211 6286 6212
f 6212 6286 6287
f 6212 6287 6213
f 6213 6287 6288
f 6213 6288 6214
f 6214 6288 6289
f 6214 6289 6215
f 6215 6289 6290
f 6215 6290 6216
f 6217 6292 6291
f 6217 6218 6292
f 6218 6293 6292
f 6218 6219 6293
f 6219 6294 6293
f 6219 6220 6294
f 6220 6295 6294
f 6220 6221 6295
f 6221 6296 6295
f 6221 6222 6296
f 6222 6297 6296
f 6222 6223 6297
f 6223 6298 6297
f 6223 6224 6298
f 6224 6299 6298
f 6224 6225 6299
f 6225 6300 6299
f 6225 6226 6300
f 6226 6301 6300
f 6226 6227 6301
f 6227 6302 6301
f 6227 6228 6302
f 6228 6303 6302
f 6228 6229 6303
f 6229 6304 6303
f 6229 6230 6304
f 6230 6305 6304
f 6230 6231 6305
f 6231 6306 6305
f 6231 6232 6306
f 6232 6307 6306
f 6232 6233 6307
f 6233 6308 6307
f 6233 6234 6308
f 6234 6309 6308
f 6234 6235 6309
f 6235 6310 6309
f 6235 6236 6310
f 6236 6311 6310
f 6236 6237 6311
f 6237 6312 6311
f 6237 6238 6312
f 6238 6313 6312
f 6238 6239 6313
f 6239 6314 6313
f 6239 6240 6314
f 6240 6315 6314
f 6240 6241 6315
f 6241 6316 6315
f 6241 6242 6316
f 6242 6317 6316
f 6242 6243 6317
f 6243 6318 6317
f 6243 6244 6318
f 6244 6319 6318
f 6244 6245 6319
f 6245 6320 6319
f 6245 6246 6320
f 6246 6321 6320
f 6246 6247 6321
f 6247 6322 6321
f 6247 6248 6322
f 6248 6323 6322
f 6248 6249 6323
f 6249 6324 6323
f 6249 6250 6324
f 6250 6325 6324
f 6250 6251 6325
f 6251 6326 6325
f 6251 6252 6326
f 6252 6327 6326
f 6252 6253 6327
f 6253 6328 6327
f 6253 6254 6328
f 6254 6329 6328
f 6254 6255 6329
f 6255 6330 6329
f 6255 6256 6330
f 6256 6331 6330
f 6256 6257 6331
f 6257 6332 6331
f 6257 6258 6332
f 6258 6333 6332
f 6258 6259 6333
f 6259 6334 6333
f 6259 6260 6334
f 6260 6335 6334
f 6260 6261 6335
f 6261 6336 6335
f 6261 6262 6336
f 6262 6337 6336
f 6262 6263 6337
f 6263 6338 6337
f 6263 6264 6338
f 6264 6339 6338
f 6264 6265 6339
f 6266 6340 6341
f 6266 6341 6267
f 6267 6341 6342
f 6267 6342 6268
f 6268 6342 6343
f 6268 6343 6269
f 6269 6343 6344
f 6269 6344 6270
f 6270 6344 6345
f 6270 6345 6271
f 6271 6345 6346
f 6271 6346 6272
f 6272 6346 6347
f 6272 6347 6273
f 6273 6347 6348
f 6273 6348 6274
f 6274 6348 6349
f 6274 6349 6275
f 6275 6349 6350
f 6275 6350 6276
f 6276 6350 6351
f 6276 6351 6277
f 6277 6351 6352
f 6277 6352 6278
f 6278 6352 6353
f 6278 6353 6279
f 6279 6353 6354
f 6279 6354 6280
f 6280 6354 6355
f 6280 6355 6281
f 6281 6355 6356
f 6281 6356 6282
f 6282 6356 6357
f 6282 6357 6283
f 6283 6357 6358
f 6283 6358 6284
f 6284 6358 6359
f 6284 6359 6285
f 6285 6359 6360
f 6285 6360 6286
f 6286 6360 6361
f 6286 6361 6287
f 6287 6361 6362
f 6287 6362 6288
f 6288 6362 6363
f 6288 6363 6289
f 6289 6363 6364
f 6289 6364 6290
f 6291 6366 6365
f 6291 6292 6366
f 6292 6367 6366
f 6292 6293 6367
f 6293 6368 6367
f 6293 6294 6368
f 6294 6369 6368
f 6294 6295 6369
f 6295 6370 6369
f 6295 6296 6370
f 6296 6371 6370
f 6296 6297 6371
f 6297 6372 6371
f 6297 6298 6372
f 6298 6373 6372
f 6298 6299 6373
f 6299 6374 6373
f 6299 6300 6374
f 6300 6375 6374
f 6300 6301 6375
f 6301 6376 6375
f 6301 6302 6376
f 6302 6377 6376
f 6302 6303 6377
f 6303 6378 6377
f 6303 6304 6378
f 6304 6379 6378
f 6304 6305 6379
f 6305 6380 6379
f 6305 6306 6380
f 6306 6381 6380
f 6306 6307 6381
f 6307 6382 6381
f 6307 6308 6382
f 6308 6383 6382
f 6308 6309 6383
f 6309 6384 6383
f 6309 6310 6384
f 6310 6385 6384
f 6310 6311 6385
f 6311 6386 6385
f 6311 6312 6386
f 6312 6387 6386
f 6312 6313 6387
f 6313 6388 6387
f 6313 6314 6388
f 6314 6389 6388
f 6314 6315 6389
f 6315 6390 6389
f 6315 6316 6390
f 6316 6391 6390
f 6316 6317 6391
f 6317 6392 6391
f 6317 6318 6392
f 6318 6393 6392
f 6318 6319 6393
f 6319 6394 6393
f 6319 6320 6394
f 6320 6395 6394
f 6320 6321 6395
f 6321 6396 6395
f 6321 6322 6396
f 6322 6397 6396
f 6322 6323 6397
f 6323 6398 6397
f 6323 6324 6398
f 6324 6399 6398
f 6324 6325 6399
f 6325 6400 6399
f 6325 6326 6400
f 6326 6401 6400
f 6326 6327 6401
f 6327 6402 6401
f 6327 6328 6402
f 6328 6403 6402
f 6328 6329 6403
f 6329 6404 6403
f 6329 6330 6404
f 6330 6405 6404
f 6330 6331 6405
f 6331 6406 6405
f 6331 6332 6406
f 6332 6407 6406
f 6332 6333 6407
f 6333 6408 6407
f 6333 6334 6408
f 6334 6409 6408
f 6334 6335 6409
f 6335 6410 6409
f 6335 6336 6410
f 6336 6411 6410
f 6336 6337 6411
f 6337 6412 6411
f 6337 6338 6412
f 6338 6413 6412
f 6338 6339 6413
f 6340 6414 6415
f 6340 6415 6341
f 6341 6415 6416
f 6341 6416 6342
f 6342 6416 6417
f 6342 6417 6343
f 6343 6417 6418
f 6343 6418 6344
f 6344 6418 6419
f 6344 6419 6345
f 6345 6419 6420
f 6345 6420 6346
f 6346 6420 6421
f 6346 6421 6347
f 6347 6421 6422
f 6347 6422 6348
f 6348 6422 6423
f 6348 6423 6349
f 6349 6423 6424
f 6349 6424 6350
f 6350 6424 6425
f 6350 6425 6351
f 6351 6425 6426
f 6351 6426 6352
f 6352 6426 6427
f 6352 6427 6353
f 6353 6427 6428
f 6353 6428 6354
f 6354 6428 6429
f 6354 6429 6355
f 6355 6429 6430
f 6355 6430 6356
f 6356 6430 6431
f 6356 6431 6357
f 6357 6431 6432
f 6357 6432 6358
f 6358 6432 6433
f 6358 6433 6359
f 6359 6433 6434
f 6359 6434 6360
f 6360 6434 6435
f 6360 6435 6361
f 6361 6435 6436
f 6361 6436 6362
f 6362 6436 6437
f 6362 6437 6363
f 6363 6437 6438
f 6363 6438 6364
f 6365 6440 6439
f 6365 6366 6440
f 6366 6441 6440
f 6366 6367 6441
f 6367 6442 6441
f 6367 6368 6442
f 6368 6443 6442
f 6368 6369 6443
f 6369 6444 6443
f 6369 6370 6444
f 6370 6445 6444
f 6370 6371 6445
f 6371 6446 6445
f 6371 6372 6446
f 6372 6447 6446
f 6372 6373 6447
f 6373 6448 6447
f 6373 6374 6448
f 6374 6449 6448
f 6374 6375 6449
f 6375 6450 6449
f 6375 6376 6450
f 6376 6451 6450
f 6376 6377 6451
f 6377 6452 6451
f 6377 6378 6452
f 6378 6453 6452
f 6378 6379 6453
f 6379 6454 6453
f 6379 6380 6454
f 6380 6455 6454
f 6380 6381 6455
f 6381 6456 6455
f 6381 6382 6456
f 6382 6457 6456
f 6382 6383 6457
f 6383 6458 6457
f 6383 6384 6458
f 6384 6459 6458
f 6384 6385 6459
f 6385 6460 6459
f 6385 6386 6460
f 6386 6461 6460
f 6386 6387 6461
f 6387 6462 6461
f 6387 6388 6462
f 6388 6463 6462
f 6388 6389 6463
f 6389 6464 6463
f 6389 6390 6464
f 6390 6465 6464
f 6390 6391 6465
f 6391 6466 6465
f 6391 6392 6466
f 6392 6467 6466
f 6392 6393 6467
f 6393 6468 6467
f 6393 6394 6468
f 6394 6469 6468
f 6394 6395 6469
f 6395 6470 6469
f 6395 6396 6470
f 6396 6471 6470
f 6396 6397 6471
f 6397 6472 6471
f 6397 6398 6472
f 6398 6473 6472
f 6398 6399 6473
f 6399 6474 6473
f 6399 6400 6474
f 6400 6475 6474
f 6400 6401 6475
f 6401 6476 6475
f 6401 6402 6476
f 6402 6477 6476
f 6402 6403 6477
f 6403 6478 6477
f 6403 6404 6478
f 6404 6479 6478
f 6404 6405 6479
f 6405 6480 6479
f 6405 6406 6480
f 6406 6481 6480
f 6406 6407 6481
f 6407 6482 6481
f 6407 6408 6482
f 6408 6483 6482
f 6408 6409 6483
f 6409 6484 6483
f 6409 6410 6484
f 6410 6485 6484
f 6410 6411 6485
f 6411 6486 6485
f 6411 6412 6486
f 6412 6487 6486
f 6412 6413 6487
f 6414 6488 6489
f 6414 6489 6415
f 6415 6489 6490
f 6415 6490 6416
f 6416 6490 6491
f 6416 6491 6417
f 6417 6491 6492
f 6417 6492 6418
f 6418 6492 6493
f 6418 6493 6419
f 6419 6493 6494
f 6419 6494 6420
f 6420 6494 6495
f 6420 6495 6421
f 6421 6495 6496
f 6421 6496 6422
f 6422 6496 6497
f 6422 6497 6423
f 6423 6497 6498
f 6423 6498 6424
f 6424 6498 6499
f 6424 6499 6425
f 6425 6499 6500
f 6425 6500 6426
f 6426 6500 6501
f 6426 6501 6427
f 6427 6501 6502
f 6427 6502 6428
f 6428 6502 6503
f 6428 6503 6429
f 6429 6503 6504
f 6429 6504 6430
f 6430 6504 6505
f 6430 6505 6431
f 6431 6505 6506
f 6431 6506 6432
f 6432 6506 6507
f 6432 6507 6433
f 6433 6507 6508
f 6433 6508 6434
f 6434 6508 6509
f 6434 6509 6435
f 6435 6509 6510
f 6435 6510 6436
f 6436 6510 6511
f 6436 6511 6437
f 6437 6511 6512
f 6437 6512 6438
f 6439 6514 6513
f 6439 6440 6514
f 6440 6515 6514
f 6440 6441 6515
f 6441 6516 6515
f 6441 6442 6516
f 6442 6517 6516
f 6442 6443 6517
f 6443 6518 6517
f 6443 6444 6518
f 6444 6519 6518
f 6444 6445 6519
f 6445 6520 6519
f 6445 6446 6520
f 6446 6521 6520
f 6446 6447 6521
f 6447 6522 6521
f 6447 6448 6522
f 6448 6523 6522
f 6448 6449 6523
f 6449 6524 6523
f 6449 6450 6524
f 6450 6525 6524
f 6450 6451 6525
f 6451 6526 6525
f 6451 6452 6526
f 6452 6527 6526
f 6452 6453 6527
f 6453 6528 6527
f 6453 6454 6528
f 6454 6529 6528
f 6454 6455 6529
f 6455 6530 6529
f 6455 6456 6530
f 6456 6531 6530
f 6456 6457 6531
f 6457 6532 6531
f 6457 6458 6532
f 6458 6533 6532
f 6458 6459 6533
f 6459 6534 6533
f 6459 6460 6534
f 6460 6535 6534
f 6460 6461 6535
f 6461 6536 6535
f 6461 6462 6536
f 6462 6537 6536
f 6462 6463 6537
f 6463 6538 6537
f 6463 6464 6538
f 6464 6539 6538
f 6464 6465 6539
f 6465 6540 6539
f 6465 6466 6540
f 6466 6541 6540
f 6466 6467 6541
f 6467 6542 6541
f 6467 6468 6542
f 6468 6543 6542
f 6468 6469 6543
f 6469 6544 6543
f 6469 6470 6544
f 6470 6545 6544
f 6470 6471 6545
f 6471 6546 6545
f 6471 6472 6546
f 6472 6547 6546
f 6472 6473 6547
f 6473 6548 6547
f 6473 6474 6548
f 6474 6549 6548
f 6474 6475 6549
f 6475 6550 6549
f 6475 6476 6550
f 6476 6551 6550
f 6476 6477 6551
f 6477 6552 6551
f 6477 6478 6552
f 6478 6553 6552
f 6478 6479 6553
f 6479 6554 6553
f 6479 6480 6554
f 6480 6555 6554
f 6480 6481 6555
f 6481 6556 6555
f 6481 6482 6556
f 6482 6557 6556
f 6482 6483 6557
f 6483 6558 6557
f 6483 6484 6558
f 6484 6559 6558
f 6484 6485 6559
f 6485 6560 6559
f 6485 6486 6560
f 6486 6561 6560
f 6486 6487 6561
f 6488 6562 6563
f 6488 6563 6489
f 6489 6563 6564
f 6489 6564 6490
f 6490 6564 6565
f 6490 6565 6491
f 6491 6565 6566
f 6491 6566 6492
f 6492 6566 6567
f 6492 6567 6493
f 6493 6567 6568
f 6493 6568 6494
f 6494 6568 6569
f 6494 6569 6495
f 6495 6569 6570
f 6495 6570 6496
f 6496 6570 6571
f 6496 6571 6497
f 6497 6571 6572
f 6497 6572 6498
f 6498 6572 6573
f 6498 6573 6499
f 6499 6573 6574
f 6499 6574 6500
f 6500 6574 6575
f 6500 6575 6501
f 6501 6575 6576
f 6501 6576 6502
f 6502 6576 6577
f 6502 6577 6503
f 6503 6577 6578
f 6503 6578 6504
f 6504 6578 6579
f 6504 6579 6505
f 6505 6579 6580
f 6505 6580 6506
f 6506 6580 6581
f 6506 6581 6507
f 6507 6581 6582
f 6507 6582 6508
f 6508 6582 6583
f 6508 6583 6509
f 6509 6583 6584
f 6509 6584 6510
f 6510 6584 6585
f 6510 6585 6511
f 6511 6585 6586
f 6511 6586 6512
f 6513 6588 6587
f 6513 6514 6588
f 6514 6589 6588
f 6514 6515 6589
f 6515 6590 6589
f 6515 6516 6590
f 6516 6591 6590
f 6516 6517 6591
f 6517 6592 6591
f 6517 6518 6592
f 6518 6593 6592
f 6518 6519 6593
f 6519 6594 6593
f 6519 6520 6594
f 6520 6595 6594
f 6520 6521 6595
f 6521 6596 6595
f 6521 6522 6596
f 6522 6597 6596
f 6522 6523 6597
f 6523 6598 6597
f 6523 6524 6598
f 6524 6599 6598
f 6524 6525 6599
f 6525 6600 6599
f 6525 6526 6600
f 6526 6601 6600
f 6526 6527 6601
f 6527 6602 6601
f 6527 6528 6602
f 6528 6603 6602
f 6528 6529 6603
f 6529 6604 6603
f 6529 6530 6604
f 6530 6605 6604
f 6530 6531 6605
f 6531 6606 6605
f 6531 6532 6606
f 6532 6607 6606
f 6532 6533 6607
f 6533 6608 6607
f 6533 6534 6608
f 6534 6609 6608
f 6534 6535 6609
f 6535 6610 6609
f 6535 6536 6610
f 6536 6611 6610
f 6536 6537 6611
f 6537 6612 6611
f 6537 6538 6612
f 6538 6613 6612
f 6538 6539 6613
f 6539 6614 6613
f 6539 6540 6614
f 6540 6615 6614
f 6540 6541 6615
f 6541 6616 6615
f 6541 6542 6616
f 6542 6617 6616
f 6542 6543 6617
f 6543 6618 6617
f 6543 6544 6618
f 6544 6619 6618
f 6544 6545 6619
f 6545 6620 6619
f 6545 6546 6620
f 6546 6621 6620
f 6546 6547 6621
f 6547 6622 6621
f 6547 6548 6622
f 6548 6623 6622
f 6548 6549 6623
f 6549 6624 6623
f 6549 6550 6624
f 6550 6625 6624
f 6550 6551 6625
f 6551 6626 6625
f 6551 6552 6626
f 6552 6627 6626
f 6552 6553 6627
f 6553 6628 6627
f 6553 6554 6628
f 6554 6629 6628
f 6554 6555 6629
f 6555 6630 6629
f 6555 6556 6630
f 6556 6631 6630
f 6556 6557 6631
f 6557 6632 6631
f 6557 6558 6632
f 6558 6633 6632
f 6558 6559 6633
f 6559 6634 6633
f 6559 6560 6634
f 6560 6635 6634
f 6560 6561 6635
f 6562 6636 6637
f 6562 6637 6563
f 6563 6637 6638
f 6563 6638 6564
f 6564 6638 6639
f 6564 6639 6565
f 6565 6639 6640
f 6565 6640 6566
f 6566 6640 6641
f 6566 6641 6567
f 6567 6641 6642
f 6567 6642 6568
f 6568 6642 6643
f 6568 6643 6569
f 6569 6643 6644
f 6569 6644 6570
f 6570 6644 6645
f 6570 6645 6571
f 6571 6645 6646
f 6571 6646 6572
f 6572 6646 6647
f 6572 6647 6573
f 6573 6647 6648
f 6573 6648 6574
f 6574 6648 6649
f 6574 6649 6575
f 6575 6649 6650
f 6575 6650 6576
f 6576 6650 6651
f 6576 6651 6577
f 6577 6651 6652
f 6577 6652 6578
f 6578 6652 6653
f 6578 6653 6579
f 6579 6653 6654
f 6579 6654 6580
f 6580 6654 6655
f 6580 6655 6581
f 6581 6655 6656
f 6581 6656 6582
f 6582 6656 6657
f 6582 6657 6583
f 6583 6657 6658
f 6583 6658 6584
f 6584 6658 6659
f 6584 6659 6585
f 6585 6659 6660
f 6585 6660 6586
f 6587 6662 6661
f 6587 6588 6662
f 6588 6663 6662
f 6588 6589 6663
f 6589 6664 6663
f 6589 6590 6664
f 6590 6665 6664
f 6590 6591 6665
f 6591 6666 6665
f 6591 6592 6666
f 6592 6667 6666
f 6592 6593 6667
f 6593 6668 6667
f 6593 6594 6668
f 6594 6669 6668
f 6594 6595 6669
f 6595 6670 6669
f 6595 6596 6670
f 6596 6671 6670
f 6596 6597 6671
f 6597 6672 6671
f 6597 6598 6672
f 6598 6673 6672
f 6598 6599 6673
f 6599 6674 6673
f 6599 6600 6674
f 6600 6675 6674
f 6600 6601 6675
f 6601 6676 6675
f 6601 6602 6676
f 6602 6677 6676
f 6602 6603 6677
f 6603 6678 6677
f 6603 6604 6678
f 6604 6679 6678
f 6604 6605 6679
f 6605 6680 6679
f 6605 6606 6680
f 6606 6681 6680
f 6606 6607 6681
f 6607 6682 6681
f 6607 6608 6682
f 6608 6683 6682
f 6608 6609 6683
f 6609 6684 6683
f 6609 6610 6684
f 6610 6685 6684
f 6610 6611 6685
f 6611 6686 6685
f 6611 6612 6686
f 6612 6687 6686
f 6612 6613 6687
f 6613 6688 6687
f 6613 6614 6688
f 6614 6689 6688
f 6614 6615 6689
f 6615 6690 6689
f 6615 6616 6690
f 6616 6691 6690
f 6616 6617 6691
f 6617 6692 6691
f 6617 6618 6692
f 6618 6693 6692
f 6618 6619 6693
f 6619 6694 6693
f 6619 6620 6694
f 6620 6695 6694
f 6620 6621 6695
f 6621 6696 6695
f 6621 6622 6696
f 6622 6697 6696
f 6622 6623 6697
f 6623 6698 6697
f 6623 6624 6698
f 6624 6699 6698
f 6624 6625 6699
f 6625 6700 6699
f 6625 6626 6700
f 6626 6701 6700
f 6626 6627 6701
f 6627 6702 6701
f 6627 6628 6702
f 6628 6703 6702
f 6628 6629 6703
f 6629 6704 6703
f 6629 6630 6704
f 6630 6705 6704
f 6630 6631 6705
f 6631 6706 6705
f 6631 6632 6706
f 6632 6707 6706
f 6632 6633 6707
f 6633 6708 6707
f 6633 6634 6708
f 6634 6709 6708
f 6634 6635 6709
f 6636 6710 6711
f 6636 6711 6637
f 6637 6711 6712
f 6637 6712 6638
f 6638 6712 6713
f 6638 6713 6639
f 6639 6713 6714
f 6639 6714 6640
f 6640 6714 6715
f 6640 6715 6641
f 6641 6715 6716
f 6641 6716 6642
f 6642 6716 6717
f 6642 6717 6643
f 6643 6717 6718
f 6643 6718 6644
f 6644 6718 6719
f 6644 6719 6645
f 6645 6719 6720
f 6645 6720 6646
f 6646 6720 6721
f 6646 6721 6647
f 6647 6721 6722
f 6647 6722 6648
f 6648 6722 6723
f 6648 6723 6649
f 6649 6723 6724
f 6649 6724 6650
f 6650 6724 6725
f 6650 6725 6651
f 6651 6725 6726
f 6651 6726 6652
f 6652 6726 6727
f 6652 6727 6653
f 6653 6727 6728
f 6653 6728 6654
f 6654 6728 6729
f 6654 6729 6655
f 6655 6729 6730
f 6655 6730 6656
f 6656 6730 6731
f 6656 6731 6657
f 6657 6731 6732
f 6657 6732 6658
f 6658 6732 6733
f 6658 6733 6659
f 6659 6733 6734
f 6659 6734 6660
f 6661 6736 6735
f 6661 6662 6736
f 6662 6737 6736
f 6662 6663 6737
f 6663 6738 6737
f 6663 6664 6738
f 6664 6739 6738
f 6664 6665 6739
f 6665 6740 6739
f 6665 6666 6740
f 6666 6741 6740
f 6666 6667 6741
f 6667 6742 6741
f 6667 6668 6742
f 6668 6743 6742
f 6668 6669 6743
f 6669 6744 6743
f 6669 6670 6744
f 6670 6745 6744
f 6670 6671 6745
f 6671 6746 6745
f 6671 6672 6746
f 6672 6747 6746
f 6672 6673 6747
f 6673 6748 6747
f 6673 6674 6748
f 6674 6749 6748
f 6674 6675 6749
f 6675 6750 6749
f 6675 6676 6750
f 6676 6751 6750
f 6676 6677 6751
f 6677 6752 6751
f 6677 6678 6752
f 6678 6753 6752
f 6678 6679 6753
f 6679 6754 6753
f 6679 6680 6754
f 6680 6755 6754
f 6680 6681 6755
f 6681 6756 6755
f 6681 6682 6756
f 6682 6757 6756
f 6682 6683 6757
f 6683 6758 6757
f 6683 6684 6758
f 6684 6759 6758
f 6684 6685 6759
f 6685 6760 6759
f 6685 6686 6760
f 6686 6761 6760
f 6686 6687 6761
f 6687 6762 6761
f 6687 6688 6762
f 6688 6763 6762
f 6688 6689 6763
f 6689 6764 6763
f 6689 6690 6764
f 6690 6765 6764
f 6690 6691 6765
f 6691 6766 6765
f 6691 6692 6766
f 6692 6767 6766
f 6692 6693 6767
f 6693 6768 6767
f 6693 6694 6768
f 6694 6769 6768
f 6694 6695 6769
f 6695 6770 6769
f 6695 6696 6770
f 6696 6771 6770
f 6696 6697 6771
f 6697 6772 6771
f 6697 6698 6772
f 6698 6773 6772
f 6698 6699 6773
f 6699 6774 6773
f 6699 6700 6774
f 6700 6775 6774
f 6700 6701 6775
f 6701 6776 6775
f 6701 6702 6776
f 6702 6777 6776
f 6702 6703 6777
f 6703 6778 6777
f 6703 6704 6778
f 6704 6779 6778
f 6704 6705 6779
f 6705 6780 6779
f 6705 6706 6780
f 6706 6781 6780
f 6706 6707 6781
f 6707 6782 6781
f 6707 6708 6782
f 6708 6783 6782
f 6708 6709 6783
f 6710 6784 6785
f 6710 6785 6711
f 6711 6785 6786
f 6711 6786 6712
f 6712 6786 6787
f 6712 6787 6713
f 6713 6787 6788
f 6713 6788 6714
f 6714 6788 6789
f 6714 6789 6715
f 6715 6789 6790
f 6715 6790 6716
f 6716 6790 6791
f 6716 6791 6717
f 6717 6791 6792
f 6717 6792 6718
f 6718 6792 6793
f 6718 6793 6719
f 6719 6793 6794
f 6719 6794 6720
f 6720 6794 6795
f 6720 6795 6721
f 6721 6795 6796
f 6721 6796 6722
f 6722 6796 6797
f 6722 6797 6723
f 6723 6797 6798
f 6723 6798 6724
f 6724 6798 6799
f 6724 6799 6725
f 6725 6799 6800
f 6725 6800 6726
f 6726 6800 6801
f 6726 6801 6727
f 6727 6801 6802
f 6727 6802 6728
f 6728 6802 6803
f 6728 6803 6729
f 6729 6803 6804
f 6729 6804 6730
f 6730 6804 6805
f 6730 6805 6731
f 6731 6805 6806
f 6731 6806 6732
f 6732 6806 6807
f 6732 6807 6733
f 6733 6807 6808
f 6733 6808 6734
f 6735 6810 6809
f 6735 6736 6810
f 6736 6811 6810
f 6736 6737 6811
f 6737 6812 6811
f 6737 6738 6812
f 6738 6813 6812
f 6738 6739 6813
f 6739 6814 6813
f 6739 6740 6814
f 6740 6815 6814
f 6740 6741 6815
f 6741 6816 6815
f 6741 6742 6816
f 6742 6817 6816
f 6742 6743 6817
f 6743 6818 6817
f 6743 6744 6818
f 6744 6819 6818
f 6744 6745 6819
f 6745 6820 6819
f 6745 6746 6820
f 6746 6821 6820
f 6746 6747 6821
f 6747 6822 6821
f 6747 6748 6822
f 6748 6823 6822
f 6748 6749 6823
f 6749 6824 6823
f 6749 6750 6824
f 6750 6825 6824
f 6750 6751 6825
f 6751 6826 6825
f 6751 6752 6826
f 6752 6827 6826
f 6752 6753 6827
f 6753 6828 6827
f 6753 6754 6828
f 6754 6829 6828
f 6754 6755 6829
f 6755 6830 6829
f 6755 6756 6830
f 6756 6831 6830
f 6756 6757 6831
f 6757 6832 6831
f 6757 6758 6832
f 6758 6833 6832
f 6758 6759 6833
f 6759 6834 6833
f 6759 6760 6834
f 6760 6835 6834
f 6760 6761 6835
f 6761 6836 6835
f 6761 6762 6836
f 6762 6837 6836
f 6762 6763 6837
f 6763 6838 6837
f 6763 6764 6838
f 6764 6839 6838
f 6764 6765 6839
f 6765 6840 6839
f 6765 6766 6840
f 6766 6841 6840
f 6766 6767 6841
f 6767 6842 6841
f 6767 6768 6842
f 6768 6843 6842
f 6768 6769 6843
f 6769 6844 6843
f 6769 6770 6844
f 6770 6845 6844
f 6770 6771 6845
f 6771 6846 6845
f 6771 6772 6846
f 6772 6847 6846
f 6772 6773 6847
f 6773 6848 6847
f 6773 6774 6848
f 6774 6849 6848
f 6774 6775 6849
f 6775 6850 6849
f 6775 6776 6850
f 6776 6851 6850
f 6776 6777 6851
f 6777 6852 6851
f 6777 6778 6852
f 6778 6853 6852
f 6778 6779 6853
f 6779 6854 6853
f 6779 6780 6854
f 6780 6855 6854
f 6780 6781 6855
f 6781 6856 6855
f 6781 6782 6856
f 6782 6857 6856
f 6782 6783 6857
f 6784 6858 6859
f 6784 6859 6785
f 6785 6859 6860
f 6785 6860 6786
f 6786 6860 6861
f 6786 6861 6787
f 6787 6861 6862
f 6787 6862 6788
f 6788 6862 6863
f 6788 6863 6789
f 6789 6863 6864
f 6789 6864 6790
f 6790 6864 6865
f 6790 6865 6791
f 6791 6865 6866
f 6791 6866 6792
f 6792 6866 6867
f 6792 6867 6793
f 6793 6867 6868
f 6793 6868 6794
f 6794 6868 6869
f 6794 6869 6795
f 6795 6869 6870
f 6795 6870 6796
f 6796 6870 6871
f 6796 6871 6797
f 6797 6871 6872
f 6797 6872 6798
f 6798 6872 6873
f 6798 6873 6799
f 6799 6873 6874
f 6799 6874 6800
f 6800 6874 6875
f 6800 6875 6801
f 6801 6875 6876
f 6801 6876 6802
f 6802 6876 6877
f 6802 6877 6803
f 6803 6877 6878
f 6803 6878 6804
f 6804 6878 6879
f 6804 6879 6805
f 6805 6879 6880
f 6805 6880 6806
f 6806 6880 6881
f 6806 6881 6807
f 6807 6881 6882
f 6807 6882 6808
f 6809 6884 6883
f 6809 6810 6884
f 6810 6885 6884
f 6810 6811 6885
f 6811 6886 6885
f 6811 6812 6886
f 6812 6887 6886
f 6812 6813 6887
f 6813 6888 6887
f 6813 6814 6888
f 6814 6889 6888
f 6814 6815 6889
f 6815 6890 6889
f 6815 6816 6890
f 6816 6891 6890
f 6816 6817 6891
f 6817 6892 6891
f 6817 6818 6892
f 6818 6893 6892
f 6818 6819 6893
f 6819 6894 6893
f 6819 6820 6894
f 6820 6895 6894
f 6820 6821 6895
f 6821 6896 6895
f 6821 6822 6896
f 6822 6897 6896
f 6822 6823 6897
f 6823 6898 6897
f 6823 6824 6898
f 6824 6899 6898
f 6824 6825 6899
f 6825 6900 6899
f 6825 6826 6900
f 6826 6901 6900
f 6826 6827 6901
f 6827 6902 6901
f 6827 6828 6902
f 6828 6903 6902
f 6828 6829 6903
f 6829 6904 6903
f 6829 6830 6904
f 6830 6905 6904
f 6830 6831 6905
f 6831 6906 6905
f 6831 6832 6906
f 6832 6907 6906
f 6832 6833 6907
f 6833 6908 6907
f 6833 6834 6908
f 6834 6909 6908
f 6834 6835 6909
f 6835 6910 6909
f 6835 6836 6910
f 6836 6911 6910
f 6836 6837 6911
f 6837 6912 6911
f 6837 6838 6912
f 6838 6913 6912
f 6838 6839 6913
f 6839 6914 6913
f 6839 6840 6914
f 6840 6915 6914
f 6840 6841 6915
f 6841 6916 6915
f 6841 6842 6916
f 6842 6917 6916
f 6842 6843 6917
f 6843 6918 6917
f 6843 6844 6918
f 6844 6919 6918
f 6844 6845 6919
f 6845 6920 6919
f 6845 6846 6920
f 6846 6921 6920
f 6846 6847 6921
f 6847 6922 6921
f 6847 6848 6922
f 6848 6923 6922
f 6848 6849 6923
f 6849 6924 6923
f 6849 6850 6924
f 6850 6925 6924
f 6850 6851 6925
f 6851 6926 6925
f 6851 6852 6926
f 6852 6927 6926
f 6852 6853 6927
f 6853 6928 6927
f 6853 6854 6928
f 6854 6929 6928
f 6854 6855 6929
f 6855 6930 6929
f 6855 6856 6930
f 6856 6931 6930
f 6856 6857 6931
f 6858 6932 6933
f 6858 6933 6859
f 6859 6933 6934
f 6859 6934 6860
f 6860 6934 6935
f 6860 6935 6861
f 6861 6935 6936
f 6861 6936 6862
f 6862 6936 6937
f 6862 6937 6863
f 6863 6937 6938
f 6863 6938 6864
f 6864 6938 6939
f 6864 6939 6865
f 6865 6939 6940
f 6865 6940 6866
f 6866 6940 6941
f 6866 6941 6867
f 6867 6941 6942
f 6867 6942 6868
f 6868 6942 6943
f 6868 6943 6869
f 6869 6943 6944
f 6869 6944 6870
f 6870 6944 6945
f 6870 6945 6871
f 6871 6945 6946
f 6871 6946 6872
f 6872 6946 6947
f 6872 6947 6873
f 6873 6947 6948
f 6873 6948 6874
f 6874 6948 6949
f 6874 6949 6875
f 6875 6949 6950
f 6875 6950 6876
f 6876 6950 6951
f 6876 6951 6877
f 6877 6951 6952
f 6877 6952 6878
f 6878 6952 6953
f 6878 6953 6879
f 6879 6953 6954
f 6879 6954 6880
f 6880 6954 6955
f 6880 6955 6881
f 6881 6955 6956
f 6881 6956 6882
f 6883 6958 6957
f 6883 6884 6958
f 6884 6959 6958
f 6884 6885 6959
f 6885 6960 6959
f 6885 6886 6960
f 6886 6961 6960
f 6886 6887 6961
f 6887 6962 6961
f 6887 6888 6962
f 6888 6963 6962
f 6888 6889 6963
f 6889 6964 6963
f 6889 6890 6964
f 6890 6965 6964
f 6890 6891 6965
f 6891 6966 6965
f 6891 6892 6966
f 6892 6967 6966
f 6892 6893 6967
f 6893 6968 6967
f 6893 6894 6968
f 6894 6969 6968
f 6894 6895 6969
f 6895 6970 6969
f 6895 6896 6970
f 6896 6971 6970
f 6896 6897 6971
f 6897 6972 6971
f 6897 6898 6972
f 6898 6973 6972
f 6898 6899 6973
f 6899 6974 6973
f 6899 6900 6974
f 6900 6975 6974
f 6900 6901 6975
f 6901 6976 6975
f 6901 6902 6976
f 6902 6977 6976
f 6902 6903 6977
f 6903 6978 6977
f 6903 6904 6978
f 6904 6979 6978
f 6904 6905 6979
f 6905 6980 6979
f 6905 6906 6980
f 6906 6981 6980
f 6906 6907 6981
f 6907 6982 6981
f 6907 6908 6982
f 6908 6983 6982
f 6908 6909 6983
f 6909 6984 6983
f 6909 6910 6984
f 6910 6985 6984
f 6910 6911 6985
f 6911 6986 6985
f 6911 6912 6986
f 6912 6987 6986
f 6912 6913 6987
f 6913 6988 6987
f 6913 6914 6988
f 6914 6989 6988
f 6914 6915 6989
f 6915 6990 6989
f 6915 6916 6990
f 6916 6991 6990
f 6916 6917 6991
f 6917 6992 6991
f 6917 6918 6992
f 6918 6993 6992
f 6918 6919 6993
f 6919 6994 6993
f 6919 6920 6994
f 6920 6995 6994
f 6920 6921 6995
f 6921 6996 6995
f 6921 6922 6996
f 6922 6997 6996
f 6922 6923 6997
f 6923 6998 6997
f 6923 6924 6998
f 6924 6999 6998
f 6924 6925 6999
f 6925 7000 6999
f 6925 6926 7000
f 6926 7001 7000
f 6926 6927 7001
f 6927 7002 7001
f 6927 6928 7002
f 6928 7003 7002
f 6928 6929 7003
f 6929 7004 7003
f 6929 6930 7004
f 6930 7005 7004
f 6930 6931 7005
f 6932 7006 7007
f 6932 7007 6933
f 6933 7007 7008
f 6933 7008 6934
f 6934 7008 7009
f 6934 7009 6935
f 6935 7009 7010
f 6935 7010 6936
f 6936 7010 7011
f 6936 7011 6937
f 6937 7011 7012
f 6937 7012 6938
f 6938 7012 7013
f 6938 7013 6939
f 6939 7013 7014
f 6939 7014 6940
f 6940 7014 7015
f 6940 7015 6941
f 6941 7015 7016
f 6941 7016 6942
f 6942 7016 7017
f 6942 7017 6943
f 6943 7017 7018
f 6943 7018 6944
f 6944 7018 7019
f 6944 7019 6945
f 6945 7019 7020
f 6945 7020 6946
f 6946 7020 7021
f 6946 7021 6947
f 6947 7021 7022
f 6947 7022 6948
f 6948 7022 7023
f 6948 7023 6949
f 6949 7023 7024
f 6949 7024 6950
f 6950 7024 7025
f 6950 7025 6951
f 6951 7025 7026
f 6951 7026 6952
f 6952 7026 7027
f 6952 7027 6953
f 6953 7027 7028
f 6953 7028 6954
f 6954 7028 7029
f 6954 7029 6955
f 6955 7029 7030
f 6955 7030 6956
f 6957 7032 7031
f 6957 6958 7032
f 6958 7033 7032
f 6958 6959 7033
f 6959 7034 7033
f 6959 6960 7034
f 6960 7035 7034
f 6960 6961 7035
f 6961 7036 7035
f 6961 6962 7036
f 6962 7037 7036
f 6962 6963 7037
f 6963 7038 7037
f 6963 6964 7038
f 6964 7039 7038
f 6964 6965 7039
f 6965 7040 7039
f 6965 6966 7040
f 6966 7041 7040
f 6966 6967 7041
f 6967 7042 7041
f 6967 6968 7042
f 6968 7043 7042
f 6968 6969 7043
f 6969 7044 7043
f 6969 6970 7044
f 6970 7045 7044
f 6970 6971 7045
f 6971 7046 7045
f 6971 6972 7046
f 6972 7047 7046
f 6972 6973 7047
f 6973 7048 7047
f 6973 6974 7048
f 6974 7049 7048
f 6974 6975 7049
f 6975 7050 7049
f 6975 6976 7050
f 6976 7051 7050
f 6976 6977 7051
f 6977 7052 7051
f 6977 6978 7052
f 6978 7053 7052
f 6978 6979 7053
f 6979 7054 7053
f 6979 6980 7054
f 6980 7055 7054
f 6980 6981 7055
f 6981 7056 7055
f 6981 6982 7056
f 6982 7057 7056
f 6982 6983 7057
f 6983 7058 7057
f 6983 6984 7058
f 6984 7059 7058
f 6984 6985 7059
f 6985 7060 7059
f 6985 6986 7060
f 6986 7061 7060
f 6986 6987 7061
f 6987 7062 7061
f 6987 6988 7062
f 6988 7063 7062
f 6988 6989 7063
f 6989 7064 7063
f 6989 6990 7064
f 6990 7065 7064
f 6990 6991 7065
f 6991 7066 7065
f 6991 6992 7066
f 6992 7067 7066
f 6992 6993 7067
f 6993 7068 7067
f 6993 6994 7068
f 6994 7069 7068
f 6994 6995 7069
f 6995 7070 7069
f 6995 6996 7070
f 6996 7071 7070
f 6996 6997 7071
f 6997 7072 7071
f 6997 6998 7072
f 6998 7073 7072
f 6998 6999 7073
f 6999 7074 7073
f 6999 7000 7074
f 7000 7075 7074
f 7000 7001 7075
f 7001 7076 7075
f 7001 7002 7076
f 7002 7077 7076
f 7002 7003 7077
f 7003 7078 7077
f 7003 7004 7078
f 7004 7079 7078
f 7004 7005 7079
f 7006 7080 7081
f 7006 7081 7007
f 7007 7081 7082
f 7007 7082 7008
f 7008 7082 7083
f 7008 7083 7009
f 7009 7083 7084
f 7009 7084 7010
f 7010 7084 7085
f 7010 7085 7011
f 7011 7085 7086
f 7011 7086 7012
f 7012 7086 7087
f 7012 7087 7013
f 7013 7087 7088
f 7013 7088 7014
f 7014 7088 7089
f 7014 7089 7015
f 7015 7089 7090
f 7015 7090 7016
f 7016 7090 7091
f 7016 7091 7017
f 7017 7091 7092
f 7017 7092 7018
f 7018 7092 7093
f 7018 7093 7019
f 7019 7093 7094
f 7019 7094 7020
f 7020 7094 7095
f 7020 7095 7021
f 7021 7095 7096
f 7021 7096 7022
f 7022 7096 7097
f 7022 7097 7023
f 7023 7097 7098
f 7023 7098 7024
f 7024 7098 7099
f 7024 7099 7025
f 7025 7099 7100
f 7025 7100 7026
f 7026 7100 7101
f 7026 7101 7027
f 7027 7101 7102
f 7027 7102 7028
f 7028 7102 7103
f 7028 7103 7029
f 7029 7103 7104
f 7029 7104 7030
f 7031 7106 7105
f 7031 7032 7106
f 7032 7107 7106
f 7032 7033 7107
f 7033 7108 7107
f 7033 7034 7108
f 7034 7109 7108
f 7034 7035 7109
f 7035 7110 7109
f 7035 7036 7110
f 7036 7111 7110
f 7036 7037 7111
f 7037 7112 7111
f 7037 7038 7112
f 7038 7113 7112
f 7038 7039 7113
f 7039 7114 7113
f 7039 7040 7114
f 7040 7115 7114
f 7040 7041 7115
f 7041 7116 7115
f 7041 7042 7116
f 7042 7117 7116
f 7042 7043 7117
f 7043 7118 7117
f 7043 7044 7118
f 7044 7119 7118
f 7044 7045 7119
f 7045 7120 7119
f 7045 7046 7120
f 7046 7121 7120
f 7046 7047 7121
f 7047 7122 7121
f 7047 7048 7122
f 7048 7123 7122
f 7048 7049 7123
f 7049 7124 7123
f 7049 7050 7124
f 7050 7125 7124
f 7050 7051 7125
f 7051 7126 7125
f 7051 7052 7126
f 7052 7127 7126
f 7052 7053 7127
f 7053 7128 7127
f 7053 7054 7128
f 7054 7129 7128
f 7054 7055 7129
f 7055 7130 7129
f 7055 7056 7130
f 7056 7131 7130
f 7056 7057 7131
f 7057 7132 7131
f 7057 7058 7132
f 7058 7133 7132
f 7058 7059 7133
f 7059 7134 7133
f 7059 7060 7134
f 7060 7135 7134
f 7060 7061 7135
f 7061 7136 7135
f 7061 7062 7136
f 7062 7137 7136
f 7062 7063 7137
f 7063 7138 7137
f 7063 7064 7138
f 7064 7139 7138
f 7064 7065 7139
f 7065 7140 7139
f 7065 7066 7140
f 7066 7141 7140
f 7066 7067 7141
f 7067 7142 7141
f 7067 7068 7142
f 7068 7143 7142
f 7068 7069 7143
f 7069 7144 7143
f 7069 7070 7144
f 7070 7145 7144
f 7070 7071 7145
f 7071 7146 7145
f 7071 7072 7146
f 7072 7147 7146
f 7072 7073 7147
f 7073 7148 7147
f 7073 7074 7148
f 7074 7149 7148
f 7074 7075 7149
f 7075 7150 7149
f 7075 7076 7150
f 7076 7151 7150
f 7076 7077 7151
f 7077 7152 7151
f 7077 7078 7152
f 7078 7153 7152
f 7078 7079 7153
f 7080 7154 7155
f 7080 7155 7081
f 7081 7155 7156
f 7081 7156 7082
f 7082 7156 7157
f 7082 7157 7083
f 7083 7157 7158
f 7083 7158 7084
f 7084 7158 7159
f 7084 7159 7085
f 7085 7159 7160
f 7085 7160 7086
f 7086 7160 7161
f 7086 7161 7087
f 7087 7161 7162
f 7087 7162 7088
f 7088 7162 7163
f 7088 7163 7089
f 7089 7163 7164
f 7089 7164 7090
f 7090 7164 7165
f 7090 7165 7091
f 7091 7165 7166
f 7091 7166 7092
f 7092 7166 7167
f 7092 7167 7093
f 7093 7167 7168
f 7093 7168 7094
f 7094 7168 7169
f 7094 7169 7095
f 7095 7169 7170
f 7095 7170 7096
f 7096 7170 7171
f 7096 7171 7097
f 7097 7171 7172
f 7097 7172 7098
f 7098 7172 7173
f 7098 7173 7099
f 7099 7173 7174
f 7099 7174 7100
f 7100 7174 7175
f 7100 7175 7101
f 7101 7175 7176
f 7101 7176 7102
f 7102 7176 7177
f 7102 7177 7103
f 7103 7177 7178
f 7103 7178 7104
f 1 75 124
f 1 124 50
f 49 123 148
f 49 148 74
f 75 149 198
f 75 198 124
f 123 197 222
f 123 222 148
f 149 223 272
f 149 272 198
f 197 271 296
f 197 296 222
f 223 297 346
f 223 346 272
f 271 345 370
f 271 370 296
f 297 371 420
f 297 420 346
f 345 419 444
f 345 444 370
f 371 445 494
f 371 494 420
f 419 493 518
f 419 518 444
f 445 519 568
f 445 568 494
f 493 567 592
f 493 592 518
f 519 593 642
f 519 642 568
f 567 641 666
f 567 666 592
f 593 667 716
f 593 716 642
f 641 715 740
f 641 740 666
f 667 741 790
f 667 790 716
f 715 789 814
f 715 814 740
f 741 815 864
f 741 864 790
f 789 863 888
f 789 888 814
f 815 889 938
f 815 938 864
f 863 937 962
f 863 962 888
f 889 963 1012
f 889 1012 938
f 937 1011 1036
f 937 1036 962
f 963 1037 1086
f 963 1086 1012
f 1011 1085 1110
f 1011 1110 1036
f 1037 1111 1160
f 1037 1160 1086
f 1085 1159 1184
f 1085 1184 1110
f 1111 1185 1234
f 1111 1234 1160
f 1159 1233 1258
f 1159 1258 1184
f 1185 1259 1308
f 1185 1308 1234
f 1233 1307 1332
f 1233 1332 1258
f 1259 1333 1382
f 1259 1382 1308
f 1307 1381 1406
f 1307 1406 1332
f 1333 1407 1456
f 1333 1456 1382
f 1381 1455 1480
f 1381 1480 1406
f 1407 1481 1530
f 1407 1530 1456
f 1455 1529 1554
f 1455 1554 1480
f 1481 1555 1604
f 1481 1604 1530
f 1529 1603 1628
f 1529 1628 1554
f 1555 1629 1678
f 1555 1678 1604
f 1603 1677 1702
f 1603 1702 1628
f 1629 1703 1752
f 1629 1752 1678
f 1677 1751 1776
f 1677 1776 1702
f 1703 1777 1826
f 1703 1826 1752
f 1751 1825 1850
f 1751 1850 1776
f 1777 1851 1900
f 1777 1900 1826
f 1825 1899 1924
f 1825 1924 1850
f 1851 1925 1974
f 1851 1974 1900
f 1899 1973 1998
f 1899 1998 1924
f 1925 1999 2048
f 1925 2048 1974
f 1973 2047 2072
f 1973 2072 1998
f 1999 2073 2122
f 1999 2122 2048
f 2047 2121 2146
f 2047 2146 2072
f 2073 2147 2196
f 2073 2196 2122
f 2121 2195 2220
f 2121 2220 2146
f 2147 2221 2270
f 2147 2270 2196
f 2195 2269 2294
f 2195 2294 2220
f 2221 2295 2344
f 2221 2344 2270
f 2269 2343 2368
f 2269 2368 2294
f 2295 2369 2418
f 2295 2418 2344
f 2343 2417 2442
f 2343 2442 2368
f 2369 2443 2492
f 2369 2492 2418
f 2417 2491 2516
f 2417 2516 2442
f 2443 2517 2566
f 2443 2566 2492
f 2491 2565 2590
f 2491 2590 2516
f 2517 2591 2640
f 2517 2640 2566
f 2565 2639 2664
f 2565 2664 2590
f 2591 2665 2714
f 2591 2714 2640
f 2639 2713 2738
f 2639 2738 2664
f 2665 2739 2788
f 2665 2788 2714
f 2713 2787 2812
f 2713 2812 2738
f 2739 2813 2862
f 2739 2862 2788
f 2787 2861 2886
f 2787 2886 2812
f 2813 2887 2936
f 2813 2936 2862
f 2861 2935 2960
f 2861 2960 2886
f 2887 2961 3010
f 2887 3010 2936
f 2935 3009 3034
f 2935 3034 2960
f 2961 3035 3084
f 2961 3084 3010
f 3009 3083 3108
f 3009 3108 3034
f 3035 3109 3158
f 3035 3158 3084
f 3083 3157 3182
f 3083 3182 3108
f 3109 3183 3232
f 3109 3232 3158
f 3157 3231 3256
f 3157 3256 3182
f 3183 3257 3306
f 3183 3306 3232
f 3231 3305 3330
f 3231 3330 3256
f 3257 3331 3380
f 3257 3380 3306
f 3305 3379 3404
f 3305 3404 3330
f 3331 3405 3454
f 3331 3454 3380
f 3379 3453 3478
f 3379 3478 3404
f 3405 3479 3528
f 3405 3528 3454
f 3453 3527 3552
f 3453 3552 3478
f 3479 3553 3602
f 3479 3602 3528
f 3527 3601 3626
f 3527 3626 3552
f 3553 3627 3676
f 3553 3676 3602
f 3601 3675 3700
f 3601 3700 3626
f 3627 3701 3750
f 3627 3750 3676
f 3675 3749 3774
f 3675 3774 3700
f 3701 3775 3824
f 3701 3824 3750
f 3749 3823 3848
f 3749 3848 3774
f 3775 3849 3898
f 3775 3898 3824
f 3823 3897 3922
f 3823 3922 3848
f 3849 3923 3972
f 3849 3972 3898
f 3897 3971 3996
f 3897 3996 3922
f 3923 3997 4046
f 3923 4046 3972
f 3971 4045 4070
f 3971 4070 3996
f 3997 4071 4120
f 3997 4120 4046
f 4045 4119 4144
f 4045 4144 4070
f 4071 4145 4194
f 4071 4194 4120
f 4119 4193 4218
f 4119 4218 4144
f 4145 4219 4268
f 4145 4268 4194
f 4193 4267 4292
f 4193 4292 4218
f 4219 4293 4342
f 4219 4342 4268
f 4267 4341 4366
f 4267 4366 4292
f 4293 4367 4416
f 4293 4416 4342
f 4341 4415 4440
f 4341 4440 4366
f 4367 4441 4490
f 4367 4490 4416
f 4415 4489 4514
f 4415 4514 4440
f 4441 4515 4564
f 4441 4564 4490
f 4489 4563 4588
f 4489 4588 4514
f 4515 4589 4638
f 4515 4638 4564
f 4563 4637 4662
f 4563 4662 4588
f 4589 4663 4712
f 4589 4712 4638
f 4637 4711 4736
f 4637 4736 4662
f 4663 4737 4786
f 4663 4786 4712
f 4711 4785 4810
f 4711 4810 4736
f 4737 4811 4860
f 4737 4860 4786
f 4785 4859 4884
f 4785 4884 4810
f 4811 4885 4934
f 4811 4934 4860
f 4859 4933 4958
f 4859 4958 4884
f 4885 4959 5008
f 4885 5008 4934
f 4933 5007 5032
f 4933 5032 4958
f 4959 5033 5082
f 4959 5082 5008
f 5007 5081 5106
f 5007 5106 5032
f 5033 5107 5156
f 5033 5156 5082
f 5081 5155 5180
f 5081 5180 5106
f 5107 5181 5230
f 5107 5230 5156
f 5155 5229 5254
f 5155 5254 5180
f 5181 5255 5304
f 5181 5304 5230
f 5229 5303 5328
f 5229 5328 5254
f 5255 5329 5378
f 5255 5378 5304
f 5303 5377 5402
f 5303 5402 5328
f 5329 5403 5452
f 5329 5452 5378
f 5377 5451 5476
f 5377 5476 5402
f 5403 5477 5526
f 5403 5526 5452
f 5451 5525 5550
f 5451 5550 5476
f 5477 5551 5600
f 5477 5600 5526
f 5525 5599 5624
f 5525 5624 5550
f 5551 5625 5674
f 5551 5674 5600
f 5599 5673 5698
f 5599 5698 5624
f 5625 5699 5748
f 5625 5748 5674
f 5673 5747 5772
f 5673 5772 5698
f 5699 5773 5822
f 5699 5822 5748
f 5747 5821 5846
f 5747 5846 5772
f 5773 5847 5896
f 5773 5896 5822
f 5821 5895 5920
f 5821 5920 5846
f 5847 5921 5970
f 5847 5970 5896
f 5895 5969 5994
f 5895 5994 5920
f 5921 5995 6044
f 5921 6044 5970
f 5969 6043 6068
f 5969 6068 5994
f 5995 6069 6118
f 5995 6118 6044
f 6043 6117 6142
f 6043 6142 6068
f 6069 6143 6192
f 6069 6192 6118
f 6117 6191 6216
f 6117 6216 6142
f 6143 6217 6266
f 6143 6266 6192
f 6191 6265 6290
f 6191 6290 6216
f 6217 6291 6340
f 6217 6340 6266
f 6265 6339 6364
f 6265 6364 6290
f 6291 6365 6414
f 6291 6414 6340
f 6339 6413 6438
f 6339 6438 6364
f 6365 6439 6488
f 6365 6488 6414
f 6413 6487 6512
f 6413 6512 6438
f 6439 6513 6562
f 6439 6562 6488
f 6487 6561 6586
f 6487 6586 6512
f 6513 6587 6636
f 6513 6636 6562
f 6561 6635 6660
f 6561 6660 6586
f 6587 6661 6710
f 6587 6710 6636
f 6635 6709 6734
f 6635 6734 6660
f 6661 6735 6784
f 6661 6784 6710
f 6709 6783 6808
f 6709 6808 6734
f 6735 6809 6858
f 6735 6858 6784
f 6783 6857 6882
f 6783 6882 6808
f 6809 6883 6932
f 6809 6932 6858
f 6857 6931 6956
f 6857 6956 6882
f 6883 6957 7006
f 6883 7006 6932
f 6931 7005 7030
f 6931 7030 6956
f 6957 7031 7080
f 6957 7080 7006
f 7005 7079 7104
f 7005 7104 7030
f 7031 7105 7154
f 7031 7154 7080
f 7079 7153 7178
f 7079 7178 7104
f 7179 7106 7105
f 7179 7107 7106
f 7179 7108 7107
f 7179 7109 7108
f 7179 7110 7109
f 7179 7111 7110
f 7179 7112 7111
f 7179 7113 7112
f 7179 7114 7113
f 7179 7115 7114
f 7179 7116 7115
f 7179 7117 7116
f 7179 7118 7117
f 7179 7119 7118
f 7179 7120 7119
f 7179 7121 7120
f 7179 7122 7121
f 7179 7123 7122
f 7179 7124 7123
f 7179 7125 7124
f 7179 7126 7125
f 7179 7127 7126
f 7179 7128 7127
f 7179 7129 7128
f 7179 7130 7129
f 7179 7131 7130
f 7179 7132 7131
f 7179 7133 7132
f 7179 7134 7133
f 7179 7135 7134
f 7179 7136 7135
f 7179 7137 7136
f 7179 7138 7137
f 7179 7139 7138
f 7179 7140 7139
f 7179 7141 7140
f 7179 7142 7141
f 7179 7143 7142
f 7179 7144 7143
f 7179 7145 7144
f 7179 7146 7145
f 7179 7147 7146
f 7179 7148 7147
f 7179 7149 7148
f 7179 7150 7149
f 7179 7151 7150
f 7179 7152 7151
f 7179 7153 7152
f 7179 7178 7153
f 7179 7177 7178
f 7179 7176 7177
f 7179 7175 7176
f 7179 7174 7175
f 7179 7173 7174
f 7179 7172 7173
f 7179 7171 7172
f 7179 7170 7171
f 7179 7169 7170
f 7179 7168 7169
f 7179 7167 7168
f 7179 7166 7167
f 7179 7165 7166
f 7179 7164 7165
f 7179 7163 7164
f 7179 7162 7163
f 7179 7161 7162
f 7179 7160 7161
f 7179 7159 7160
f 7179 7158 7159
f 7179 7157 7158
f 7179 7156 7157
f 7179 7155 7156
f 7179 7154 7155
f 7179 7105 7154
